"Number";"Ettevõtja nimi";"Registrikood";"Kehtivuse algus";"Kehtivuse lõpp";"Kehtiv";"Tegevusala";"Lisainfo"
"KTO025579";"Keepsake OÜ";"17433341";"20.05.2026";"Tähtajatu";"Jah";"Toitlustamine";""
"KTO025577";"OÜ KRISTIFT";"12126969";"20.05.2026";"Tähtajatu";"Jah";"Toitlustamine";""
"KTO025578";"Magusakamber OÜ";"17418353";"20.05.2026";"Tähtajatu";"Jah";"Toitlustamine";""
"KTO025576";"istume OÜ";"17509593";"19.05.2026";"Tähtajatu";"Jah";"Toitlustamine";""
"KTO025575";"Torgu KVH OÜ";"14932902";"19.05.2026";"Tähtajatu";"Jah";"Toitlustamine";""
"KTO025573";"osaühing Aliide Pagarikoda";"11686331";"15.05.2026";"Tähtajatu";"Jah";"Toitlustamine";""
"KTO025574";"Rx holding OÜ";"17408415";"15.05.2026";"Tähtajatu";"Jah";"Toitlustamine";""
"KTO025571";"Rx Eternal OÜ";"17365651";"14.05.2026";"Tähtajatu";"Jah";"Toitlustamine";""
"KTO025572";"ULDUZ DARIA OÜ";"17181974";"14.05.2026";"Tähtajatu";"Jah";"Toitlustamine";""
"KTO025569";"Goldestate OÜ";"17495247";"13.05.2026";"Tähtajatu";"Jah";"Toitlustamine";""
"KTO025570";"Essu Selts";"80189649";"13.05.2026";"Tähtajatu";"Jah";"Toitlustamine";""
"KTO025567";"Muru ja mull OÜ";"17502651";"12.05.2026";"Tähtajatu";"Jah";"Toitlustamine";""
"KTO025568";"KorraldusPartner OÜ";"17392033";"12.05.2026";"Tähtajatu";"Jah";"Toitlustamine";""
"KTO025565";"Tams Chow OÜ";"17461610";"11.05.2026";"Tähtajatu";"Jah";"Toitlustamine";""
"KTO025563";"EVTIM OÜ";"17382678";"11.05.2026";"Tähtajatu";"Jah";"Toitlustamine";""
"KTO025564";"Annave OÜ";"17489040";"11.05.2026";"Tähtajatu";"Jah";"Toitlustamine";""
"KTO025566";"Maitseladu OÜ";"16925483";"11.05.2026";"Tähtajatu";"Jah";"Toitlustamine";""
"KTO025562";"Luha Pagar OÜ";"16468923";"10.05.2026";"Tähtajatu";"Jah";"Toitlustamine";""
"KTO025561";"Sapore Cucina OÜ";"17502728";"08.05.2026";"Tähtajatu";"Jah";"Toitlustamine";""
"KTO025560";"Plastekor OÜ";"12026281";"07.05.2026";"Tähtajatu";"Jah";"Toitlustamine";""
"KTO025559";"Lahe Talu Köök OÜ";"17146328";"07.05.2026";"Tähtajatu";"Jah";"Toitlustamine";""
"KTO025558";"Gravitas Hospitality OÜ";"17433683";"07.05.2026";"Tähtajatu";"Jah";"Toitlustamine";""
"KTO025555";"Gruusia maja OÜ";"17483557";"06.05.2026";"Tähtajatu";"Jah";"Toitlustamine";""
"KTO025557";"BeerBarrel OÜ";"16848933";"06.05.2026";"Tähtajatu";"Jah";"Toitlustamine";""
"KTO025556";"MK Elamused OÜ";"16779439";"06.05.2026";"Tähtajatu";"Jah";"Toitlustamine";""
"KTO025554";"Oolwere OÜ";"17380768";"05.05.2026";"Tähtajatu";"Jah";"Toitlustamine";""
"KTO025550";"Midnight OÜ";"17497157";"05.05.2026";"Tähtajatu";"Jah";"Toitlustamine";""
"KTO025553";"OÜ Flerry";"17335259";"05.05.2026";"Tähtajatu";"Jah";"Toitlustamine";""
"KTO025552";"Kaarli Pagar OÜ";"17471258";"05.05.2026";"Tähtajatu";"Jah";"Toitlustamine";""
"KTO025551";"EGE FOOD OÜ";"17406153";"05.05.2026";"Tähtajatu";"Jah";"Toitlustamine";""
"KTO025548";"Energyfy OÜ";"14995908";"04.05.2026";"Tähtajatu";"Jah";"Toitlustamine";""
"KTO025549";"Koduematoit OÜ";"16734158";"04.05.2026";"Tähtajatu";"Jah";"Toitlustamine";""
"KTO025546";"GARAGE FOOD OÜ";"17473582";"30.04.2026";"Tähtajatu";"Jah";"Toitlustamine";""
"KTO025547";"Flyingstar OÜ";"17044941";"30.04.2026";"Tähtajatu";"Jah";"Toitlustamine";""
"KTO025545";"Fire&Meat OÜ";"17343827";"29.04.2026";"Tähtajatu";"Jah";"Toitlustamine";""
"KTO025544";"OÜ Gurmann Group";"11537594";"29.04.2026";"Tähtajatu";"Jah";"Toitlustamine";""
"KTO025542";"Reketikeskus OÜ";"16900119";"27.04.2026";"Tähtajatu";"Jah";"Toitlustamine";""
"KTO025543";"Valgeranna Veinitall OÜ";"16252471";"27.04.2026";"Tähtajatu";"Jah";"Toitlustamine";""
"KTO025541";"Pärnu Varahalduse OÜ";"17438350";"25.04.2026";"Tähtajatu";"Jah";"Toitlustamine";""
"KTO025511";"Kukerpuu OÜ";"14213001";"25.04.2026";"Tähtajatu";"Jah";"Toitlustamine";""
"KTO025540";"EikeFoods OÜ";"17285585";"24.04.2026";"Tähtajatu";"Jah";"Toitlustamine";""
"KTO025513";"OÜ Disco Fantastico";"17311299";"24.04.2026";"Tähtajatu";"Jah";"Toitlustamine";""
"KTO025539";"OÜ Salernita";"17477108";"23.04.2026";"Tähtajatu";"Jah";"Toitlustamine";""
"KTO025538";"Terra Hospitality OÜ";"17458200";"23.04.2026";"Tähtajatu";"Jah";"Toitlustamine";""
"KTO025537";"Suzani OÜ";"17467831";"23.04.2026";"Tähtajatu";"Jah";"Toitlustamine";""
"KTO025535";"Vin Vin LeBar OÜ";"17488974";"22.04.2026";"Tähtajatu";"Jah";"Toitlustamine";""
"KTO025536";"DI Partners OÜ";"14146210";"22.04.2026";"Tähtajatu";"Jah";"Toitlustamine";""
"KTO025534";"Panas invest OÜ";"16346746";"21.04.2026";"Tähtajatu";"Jah";"Toitlustamine";""
"KTO025533";"Studio Gallery OÜ";"16831393";"21.04.2026";"Tähtajatu";"Jah";"Toitlustamine";""
"KTO025531";"Bottengarn OÜ";"17448302";"20.04.2026";"Tähtajatu";"Jah";"Toitlustamine";""
"KTO025532";"Zero Tapa OÜ";"17388014";"20.04.2026";"Tähtajatu";"Jah";"Toitlustamine";""
"KTO025530";"Mazagan OÜ";"16697150";"19.04.2026";"Tähtajatu";"Jah";"Toitlustamine";""
"KTO025529";"OÜ KSR SAFFER";"17453912";"18.04.2026";"Tähtajatu";"Jah";"Toitlustamine";""
"KTO025527";"AlSkoFest OÜ";"17468983";"17.04.2026";"Tähtajatu";"Jah";"Toitlustamine";""
"KTO025524";"Aegviidu Konnake OÜ";"17181661";"17.04.2026";"Tähtajatu";"Jah";"Toitlustamine";""
"KTO025525";"Cool Events OÜ";"17479509";"17.04.2026";"Tähtajatu";"Jah";"Toitlustamine";""
"KTO025526";"Resto Italy OÜ";"16883036";"17.04.2026";"Tähtajatu";"Jah";"Toitlustamine";""
"KTO025523";"Pann&Tuli OÜ";"17480903";"15.04.2026";"Tähtajatu";"Jah";"Toitlustamine";""
"KTO025522";"Osaühing Eivera";"11469786";"15.04.2026";"Tähtajatu";"Jah";"Toitlustamine";""
"KTO025521";"Pannjärve Tervisespordikeskus Sihtasutus";"90010261";"14.04.2026";"Tähtajatu";"Jah";"Toitlustamine";""
"KTO025520";"SushiHouse OÜ";"16554315";"14.04.2026";"Tähtajatu";"Jah";"Toitlustamine";""
"KTO025519";"OÜ Varastatudpäike";"17239892";"13.04.2026";"Tähtajatu";"Jah";"Toitlustamine";""
"KTO025518";"MTÜ Meelehea";"80669183";"12.04.2026";"Tähtajatu";"Jah";"Toitlustamine";""
"KTO025515";"The Latin Corner OÜ";"16956389";"10.04.2026";"Tähtajatu";"Jah";"Toitlustamine";""
"KTO025516";"Väike Itaalia OÜ";"17472571";"10.04.2026";"Tähtajatu";"Jah";"Toitlustamine";""
"KTO025517";"Royal paigaldus OÜ";"16256983";"10.04.2026";"Tähtajatu";"Jah";"Toitlustamine";""
"KTO025514";"Ruug OÜ";"12570820";"09.04.2026";"Tähtajatu";"Jah";"Toitlustamine";""
"KTO025509";"Pärnumaa Kutsehariduskeskus";"70006369";"08.04.2026";"Tähtajatu";"Jah";"Toitlustamine";""
"KTO025510";"OÜ Biitmii";"11430666";"08.04.2026";"Tähtajatu";"Jah";"Toitlustamine";""
"KTO025512";"OÜ Metsajõe puhkemaja";"11464553";"08.04.2026";"Tähtajatu";"Jah";"Toitlustamine";""
"KTO025508";"OÜ Pärli Pizza";"17326094";"07.04.2026";"Tähtajatu";"Jah";"Toitlustamine";""
"KTO025507";"Rim Projekt OÜ";"14506157";"07.04.2026";"Tähtajatu";"Jah";"Toitlustamine";""
"KTO025506";"Mereamps OÜ";"17400778";"06.04.2026";"Tähtajatu";"Jah";"Toitlustamine";""
"KTO025505";"Melu baaris OÜ";"17460585";"06.04.2026";"Tähtajatu";"Jah";"Toitlustamine";""
"KTO025504";"VolgaEhitus OÜ";"16551452";"03.04.2026";"Tähtajatu";"Jah";"Toitlustamine";""
"KTO025503";"KARROKA LOGISTIK OÜ";"12030392";"01.04.2026";"Tähtajatu";"Jah";"Toitlustamine";""
"KTO025502";"Ehitushall OÜ";"16866635";"01.04.2026";"Tähtajatu";"Jah";"Toitlustamine";""
"KTO025501";"Carneoli OÜ";"14130137";"31.03.2026";"Tähtajatu";"Jah";"Toitlustamine";""
"KTO025500";"Boa de Oro OÜ";"14832750";"27.03.2026";"Tähtajatu";"Jah";"Toitlustamine";""
"KTO025499";"Cateralicious OÜ";"16783240";"25.03.2026";"Tähtajatu";"Jah";"Toitlustamine";""
"KTO025498";"Kärrdal OÜ";"17297458";"23.03.2026";"Tähtajatu";"Jah";"Toitlustamine";""
"KTO025497";"Belcraft OÜ";"17336224";"21.03.2026";"Tähtajatu";"Jah";"Toitlustamine";""
"KTO025496";"SkillPulse OÜ";"14457499";"21.03.2026";"Tähtajatu";"Jah";"Toitlustamine";""
"KTO025495";"Patsikakk OÜ";"17384714";"20.03.2026";"Tähtajatu";"Jah";"Toitlustamine";""
"KTO025494";"SANSER OÜ";"17375856";"19.03.2026";"Tähtajatu";"Jah";"Toitlustamine";""
"KTO025491";"Geri & Freki MCC Pärnu MTÜ";"80630650";"16.03.2026";"Tähtajatu";"Jah";"Toitlustamine";""
"KTO025479";"Neljakesi OÜ";"17394718";"16.03.2026";"Tähtajatu";"Jah";"Toitlustamine";""
"KTO025493";"Malmipann OÜ";"17445671";"16.03.2026";"Tähtajatu";"Jah";"Toitlustamine";""
"KTO025492";"Smashbite OÜ";"17099451";"16.03.2026";"Tähtajatu";"Jah";"Toitlustamine";""
"KTO025467";"Froyo OÜ";"17088341";"16.03.2026";"Tähtajatu";"Jah";"Toitlustamine";""
"KTO025490";"Averi OÜ";"12601199";"12.03.2026";"31.10.2026";"Jah";"Toitlustamine";""
"KTO025489";"La Munch OÜ";"17375879";"11.03.2026";"Tähtajatu";"Jah";"Toitlustamine";""
"KTO025487";"VARNELO VERUM OÜ";"17400459";"11.03.2026";"Tähtajatu";"Jah";"Toitlustamine";""
"KTO025488";"OÜ CafeOk";"16795013";"11.03.2026";"Tähtajatu";"Jah";"Toitlustamine";""
"KTO025486";"Saku Pärl OÜ";"17396048";"09.03.2026";"Tähtajatu";"Jah";"Toitlustamine";""
"KTO025464";"Malmeks OÜ";"14103330";"07.03.2026";"Tähtajatu";"Jah";"Toitlustamine";""
"KTO025485";"Viqueria OÜ";"17293957";"07.03.2026";"Tähtajatu";"Jah";"Toitlustamine";""
"KTO025484";"Sugarglow OÜ";"16221772";"06.03.2026";"Tähtajatu";"Jah";"Toitlustamine";""
"KTO025482";"Aftersky OÜ";"17424496";"05.03.2026";"Tähtajatu";"Jah";"Toitlustamine";""
"KTO025483";"OÜ Magusatuba";"12434293";"05.03.2026";"Tähtajatu";"Jah";"Toitlustamine";""
"KTO025481";"Meathub OÜ";"17412862";"02.03.2026";"Tähtajatu";"Jah";"Toitlustamine";""
"KTO025480";"Virvester OÜ";"17390525";"02.03.2026";"Tähtajatu";"Jah";"Toitlustamine";""
"KTO025478";"RJ BAR OÜ";"17396976";"26.02.2026";"Tähtajatu";"Jah";"Toitlustamine";""
"KTO025477";"Wassupp Resto OÜ";"17389775";"23.02.2026";"Tähtajatu";"Jah";"Toitlustamine";""
"KTO025476";"Milana Stuudio OÜ";"17172538";"22.02.2026";"Tähtajatu";"Jah";"Toitlustamine";""
"KTO025475";"O-SUSHI GROUP OÜ";"12456018";"22.02.2026";"Tähtajatu";"Jah";"Toitlustamine";""
"KTO025474";"MTÜ KAI Kunstikeskus";"80558791";"21.02.2026";"Tähtajatu";"Jah";"Toitlustamine";""
"KTO025473";"Tuhk OÜ";"17407473";"19.02.2026";"Tähtajatu";"Jah";"Toitlustamine";""
"KTO025472";"Teeme süüa OÜ";"17168146";"17.02.2026";"Tähtajatu";"Jah";"Toitlustamine";""
"KTO025471";"Summercity OÜ";"14127326";"16.02.2026";"Tähtajatu";"Jah";"Toitlustamine";""
"KTO025470";"Asian Aroma OÜ";"14071831";"16.02.2026";"Tähtajatu";"Jah";"Toitlustamine";""
"KTO025468";"PORGANDIPOMM OÜ";"14959539";"16.02.2026";"Tähtajatu";"Jah";"Toitlustamine";""
"KTO025469";"Teamfun OÜ";"12485468";"16.02.2026";"Tähtajatu";"Jah";"Toitlustamine";""
"KTO025466";"NAPS Baar OÜ";"17427339";"14.02.2026";"Tähtajatu";"Jah";"Toitlustamine";""
"KTO025465";"Swipe To Dates OÜ";"14964167";"10.02.2026";"Tähtajatu";"Jah";"Toitlustamine";""
"KTO025463";"OÜ Suveterassipeod";"16292855";"10.02.2026";"Tähtajatu";"Jah";"Toitlustamine";""
"KTO025461";"Inna Kovalchuk";"17031001";"06.02.2026";"Tähtajatu";"Jah";"Toitlustamine";""
"KTO025460";"Osaühing SMARTSON";"10647791";"05.02.2026";"Tähtajatu";"Jah";"Toitlustamine";""
"KTO025458";"Ahvileib Bakery OÜ";"17377097";"04.02.2026";"Tähtajatu";"Jah";"Toitlustamine";""
"KTO025457";"Tautsi Pizza Võru OÜ";"17353041";"04.02.2026";"Tähtajatu";"Jah";"Toitlustamine";""
"KTO025459";"LalBabu OÜ";"17385435";"04.02.2026";"Tähtajatu";"Jah";"Toitlustamine";""
"KTO025456";"Suvida Foods OÜ";"16787284";"03.02.2026";"Tähtajatu";"Jah";"Toitlustamine";""
"KTO025455";"BL Resto & Bar OÜ";"17413700";"26.01.2026";"Tähtajatu";"Jah";"Toitlustamine";""
"KTO025454";"MTÜ PUNKT Theater";"80648117";"22.01.2026";"Tähtajatu";"Jah";"Toitlustamine";""
"KTO025453";"BURGLY OÜ";"17385317";"22.01.2026";"Tähtajatu";"Jah";"Toitlustamine";""
"KTO025452";"Kohvik READ OÜ";"17364462";"21.01.2026";"Tähtajatu";"Jah";"Toitlustamine";""
"KTO025450";"Cuatro Fantasticos OÜ";"17303271";"16.01.2026";"Tähtajatu";"Jah";"Toitlustamine";""
"KTO025448";"Estlux Trade OÜ";"14576956";"16.01.2026";"Tähtajatu";"Jah";"Toitlustamine";""
"KTO025449";"MalMarAsia OÜ";"17159393";"16.01.2026";"Tähtajatu";"Jah";"Toitlustamine";""
"KTO025446";"LaNostra OÜ";"17398662";"13.01.2026";"Tähtajatu";"Jah";"Toitlustamine";""
"KTO025445";"DunkriFood OÜ";"17405161";"09.01.2026";"Tähtajatu";"Jah";"Toitlustamine";""
"KTO025444";"Honest Restaurant OÜ";"17286087";"07.01.2026";"Tähtajatu";"Jah";"Toitlustamine";""
"KTO025443";"SHAURMAX OÜ";"16929548";"07.01.2026";"Tähtajatu";"Jah";"Toitlustamine";""
"KTO025442";"Kifka UÜ";"16805616";"02.01.2026";"Tähtajatu";"Jah";"Toitlustamine";""
"KTO025441";"Vale Aadress Usaldusühing";"17264306";"29.12.2025";"Tähtajatu";"Jah";"Toitlustamine";""
"KTO025440";"someoneelse OÜ";"16765710";"23.12.2025";"Tähtajatu";"Jah";"Toitlustamine";""
"KTO025439";"RAYAN OÜ";"16639744";"22.12.2025";"Tähtajatu";"Jah";"Toitlustamine";""
"KTO025438";"PeakSound OÜ";"17113665";"11.12.2025";"Tähtajatu";"Jah";"Toitlustamine";""
"KTO025436";"Palu Group OÜ";"16610083";"10.12.2025";"Tähtajatu";"Jah";"Toitlustamine";""
"KTO025437";"Tahe teenus OÜ";"17379788";"10.12.2025";"Tähtajatu";"Jah";"Toitlustamine";""
"KTO025434";"Ekspeditsioon OÜ";"14878002";"09.12.2025";"Tähtajatu";"Jah";"Toitlustamine";""
"KTO025435";"Shah Ray OÜ";"17357752";"09.12.2025";"Tähtajatu";"Jah";"Toitlustamine";""
"KTO025433";"Kohvimeistrid OÜ";"17211391";"05.12.2025";"Tähtajatu";"Jah";"Toitlustamine";""
"KTO025430";"OÜ Särav Üks";"16742844";"03.12.2025";"Tähtajatu";"Jah";"Toitlustamine";""
"KTO025428";"Jõulukohvik OÜ";"17374957";"02.12.2025";"Tähtajatu";"Jah";"Toitlustamine";""
"KTO025429";"M33 Management OÜ";"17239509";"02.12.2025";"Tähtajatu";"Jah";"Toitlustamine";""
"KTO025426";"Sevfreya OÜ";"17379558";"01.12.2025";"Tähtajatu";"Jah";"Toitlustamine";""
"KTO025427";"PoliVento OÜ";"17282592";"01.12.2025";"Tähtajatu";"Jah";"Toitlustamine";""
"KTO025425";"Ääremaa Pagar OÜ";"17074155";"28.11.2025";"Tähtajatu";"Jah";"Toitlustamine";""
"KTO025424";"JL Toitlustus OÜ";"17372792";"28.11.2025";"Tähtajatu";"Jah";"Toitlustamine";""
"KTO025423";"Väike Mahedik OÜ";"14232010";"28.11.2025";"Tähtajatu";"Jah";"Toitlustamine";""
"KTO025419";"Kõrvemaa Keskus OÜ";"17339151";"27.11.2025";"Tähtajatu";"Jah";"Toitlustamine";""
"KTO025421";"MTÜ Drink & Draw";"80574488";"27.11.2025";"Tähtajatu";"Jah";"Toitlustamine";""
"KTO025420";"DunkerHouse OÜ";"17373047";"27.11.2025";"Tähtajatu";"Jah";"Toitlustamine";""
"KTO025418";"Pronta OÜ";"17224241";"27.11.2025";"Tähtajatu";"Jah";"Toitlustamine";""
"KTO025422";"Päikesetasku OÜ";"17158840";"27.11.2025";"Tähtajatu";"Jah";"Toitlustamine";""
"KTO025417";"SHARYN OÜ";"17332953";"25.11.2025";"Tähtajatu";"Jah";"Toitlustamine";""
"KTO025416";"Rummikoogid OÜ";"17218565";"18.11.2025";"Tähtajatu";"Jah";"Toitlustamine";""
"KTO025401";"YH Majutus OÜ";"17158917";"15.11.2025";"Tähtajatu";"Jah";"Toitlustamine";""
"KTO025415";"Familia&co OÜ";"17287342";"14.11.2025";"Tähtajatu";"Jah";"Toitlustamine";""
"KTO025414";"OÜ Anni Kohvikud";"17308676";"13.11.2025";"Tähtajatu";"Jah";"Toitlustamine";""
"KTO025413";"OÜ Triumvirate";"17366998";"12.11.2025";"Tähtajatu";"Jah";"Toitlustamine";""
"KTO025412";"Pruulikoda Kompressor OÜ";"16603373";"11.11.2025";"Tähtajatu";"Jah";"Toitlustamine";""
"KTO025410";"Türgi Maitsed OÜ";"17085319";"06.11.2025";"Tähtajatu";"Jah";"Toitlustamine";""
"KTO025411";"SushiHai OÜ";"17328420";"06.11.2025";"Tähtajatu";"Jah";"Toitlustamine";""
"KTO025408";"Weis Resto OÜ";"16603389";"05.11.2025";"Tähtajatu";"Jah";"Toitlustamine";""
"KTO025407";"Baltevo OÜ";"14873111";"31.10.2025";"Tähtajatu";"Jah";"Toitlustamine";""
"KTO025406";"Himgiri OÜ";"17306499";"29.10.2025";"Tähtajatu";"Jah";"Toitlustamine";""
"KTO025405";"OÜ Isevärki";"12829152";"28.10.2025";"Tähtajatu";"Jah";"Toitlustamine";""
"KTO025403";"Sokku Sahver OÜ";"17327449";"27.10.2025";"Tähtajatu";"Jah";"Toitlustamine";""
"KTO025404";"Sushi7 OÜ";"17349310";"27.10.2025";"Tähtajatu";"Jah";"Toitlustamine";""
"KTO025402";"Audiobaar OÜ";"17348687";"26.10.2025";"Tähtajatu";"Jah";"Toitlustamine";""
"KTO025400";"ALS OÜ";"16452968";"22.10.2025";"Tähtajatu";"Jah";"Toitlustamine";""
"KTO025399";"Paldiski PuB OÜ";"17339091";"17.10.2025";"Tähtajatu";"Jah";"Toitlustamine";""
"KTO025398";"Fieston OÜ";"17068982";"15.10.2025";"Tähtajatu";"Jah";"Toitlustamine";""
"KTO025397";"Veinibaar OÜ";"17347647";"14.10.2025";"Tähtajatu";"Jah";"Toitlustamine";""
"KTO025396";"Hevilihas OÜ";"16949232";"09.10.2025";"Tähtajatu";"Jah";"Toitlustamine";""
"KTO025394";"Miniresto OÜ";"17216000";"08.10.2025";"Tähtajatu";"Jah";"Toitlustamine";""
"KTO025395";"Forteist OÜ";"16158750";"08.10.2025";"Tähtajatu";"Jah";"Toitlustamine";""
"KTO025393";"AS4FOOD OÜ";"17329425";"08.10.2025";"Tähtajatu";"Jah";"Toitlustamine";""
"KTO025390";"Õlleresto OÜ";"17212723";"07.10.2025";"Tähtajatu";"Jah";"Toitlustamine";""
"KTO025392";"RESTORAN Sadama 4 OÜ";"16618110";"07.10.2025";"Tähtajatu";"Jah";"Toitlustamine";""
"KTO025391";"Davydov Catering OÜ";"17337028";"07.10.2025";"Tähtajatu";"Jah";"Toitlustamine";""
"KTO025389";"AS Tallinn Airport GH";"11206785";"01.10.2025";"Tähtajatu";"Jah";"Toitlustamine";""
"KTO025388";"Roofood OÜ";"17222992";"30.09.2025";"Tähtajatu";"Jah";"Toitlustamine";""
"KTO025387";"Loliisu OÜ";"16958136";"27.09.2025";"Tähtajatu";"Jah";"Toitlustamine";""
"KTO025386";"MARVEL STUDIO OÜ";"16576050";"24.09.2025";"Tähtajatu";"Jah";"Toitlustamine";""
"KTO025385";"SpiritLight OÜ";"16802888";"23.09.2025";"Tähtajatu";"Jah";"Toitlustamine";""
"KTO025384";"Smartplate Food OÜ";"17306631";"22.09.2025";"Tähtajatu";"Jah";"Toitlustamine";""
"KTO025383";"K-Relevant OÜ";"17318545";"19.09.2025";"Tähtajatu";"Jah";"Toitlustamine";""
"KTO025382";"Peosaal OÜ";"14210250";"17.09.2025";"Tähtajatu";"Jah";"Toitlustamine";""
"KTO025381";"AGROSS TEENUSED OÜ";"17243408";"16.09.2025";"Tähtajatu";"Jah";"Toitlustamine";""
"KTO025355";"BOHEEMLANE OÜ";"17304610";"15.09.2025";"Tähtajatu";"Jah";"Toitlustamine";""
"KTO025380";"Mõisavärava OÜ";"16570202";"15.09.2025";"Tähtajatu";"Jah";"Toitlustamine";""
"KTO025379";"OÜ Viskeuss";"16620035";"15.09.2025";"Tähtajatu";"Jah";"Toitlustamine";""
"KTO025378";"BluntCuts OÜ";"16586735";"14.09.2025";"Tähtajatu";"Jah";"Toitlustamine";""
"KTO025377";"MoSpa OÜ";"16773336";"12.09.2025";"Tähtajatu";"Jah";"Toitlustamine";""
"KTO025376";"Kiseljus Buffet OÜ";"17313909";"11.09.2025";"Tähtajatu";"Jah";"Toitlustamine";""
"KTO025375";"Tangid OÜ";"16735407";"11.09.2025";"Tähtajatu";"Jah";"Toitlustamine";""
"KTO025373";"Jaswal OÜ";"17098517";"10.09.2025";"Tähtajatu";"Jah";"Toitlustamine";""
"KTO025374";"Lääneranna Kultuuri- ja Noortekeskus";"77001961";"10.09.2025";"Tähtajatu";"Jah";"Toitlustamine";""
"KTO025369";"OÜ AUVÄRAV";"17136821";"09.09.2025";"Tähtajatu";"Jah";"Toitlustamine";""
"KTO025371";"Hiiu Käbi OÜ";"17298328";"09.09.2025";"Tähtajatu";"Jah";"Toitlustamine";""
"KTO025370";"AgriTrade Solutions OÜ";"16953185";"09.09.2025";"Tähtajatu";"Jah";"Toitlustamine";""
"KTO025372";"CaucasusBar OÜ";"17166437";"09.09.2025";"Tähtajatu";"Jah";"Toitlustamine";""
"KTO025368";"OÜ Eclano";"17297553";"08.09.2025";"Tähtajatu";"Jah";"Toitlustamine";""
"KTO025367";"Viacheslav Prokopenko";"17239900";"03.09.2025";"Tähtajatu";"Jah";"Toitlustamine";""
"KTO025365";"EXELERA OÜ";"17307317";"02.09.2025";"Tähtajatu";"Jah";"Toitlustamine";""
"KTO025364";"Pirts OÜ";"16051531";"31.08.2025";"Tähtajatu";"Jah";"Toitlustamine";""
"KTO025363";"Linnapiiril OÜ";"17283947";"29.08.2025";"Tähtajatu";"Jah";"Toitlustamine";""
"KTO025362";"Saare Grill OÜ";"17307926";"25.08.2025";"Tähtajatu";"Jah";"Toitlustamine";""
"KTO025360";"PÕHJA KOHT OÜ";"16580152";"21.08.2025";"Tähtajatu";"Jah";"Toitlustamine";""
"KTO025359";"Otsa Elamustalu OÜ";"17205947";"21.08.2025";"Tähtajatu";"Jah";"Toitlustamine";""
"KTO025361";"Classic Toys OÜ";"16771337";"21.08.2025";"Tähtajatu";"Jah";"Toitlustamine";""
"KTO025357";"Rahvamees OÜ";"16122679";"20.08.2025";"Tähtajatu";"Jah";"Toitlustamine";""
"KTO025358";"Truu Invest OÜ";"14403188";"20.08.2025";"Tähtajatu";"Jah";"Toitlustamine";""
"KTO025356";"Toitla OÜ";"12860707";"20.08.2025";"Tähtajatu";"Jah";"Toitlustamine";""
"KTO025353";"Fare Food OÜ";"17295749";"12.08.2025";"Tähtajatu";"Jah";"Toitlustamine";""
"KTO025354";"Harasape Masmapli OÜ";"17253389";"12.08.2025";"Tähtajatu";"Jah";"Toitlustamine";""
"KTO025352";"Fenix Management OÜ";"16757580";"10.08.2025";"Tähtajatu";"Jah";"Toitlustamine";""
"KTO025350";"Aiataimed OÜ";"17174098";"08.08.2025";"Tähtajatu";"Jah";"Toitlustamine";""
"KTO025351";"Tanni Erilised Maitsed OÜ";"17297783";"08.08.2025";"Tähtajatu";"Jah";"Toitlustamine";""
"KTO025348";"SIHTASUTUS ANIJA MÕISA HALDUS";"90009938";"06.08.2025";"Tähtajatu";"Jah";"Toitlustamine";""
"KTO025349";"Pöial-Liisi Kohvik OÜ";"14978382";"06.08.2025";"Tähtajatu";"Jah";"Toitlustamine";""
"KTO025346";"Marjoram OÜ";"16865073";"05.08.2025";"Tähtajatu";"Jah";"Toitlustamine";""
"KTO025347";"ruddyxl OÜ";"17005763";"05.08.2025";"Tähtajatu";"Jah";"Toitlustamine";""
"KTO025344";"Nomade Resto OÜ";"17226576";"04.08.2025";"Tähtajatu";"Jah";"Toitlustamine";""
"KTO025342";"Marinte OÜ";"16859003";"03.08.2025";"Tähtajatu";"Jah";"Toitlustamine";""
"KTO025343";"REET PEET";"10318690";"03.08.2025";"Tähtajatu";"Jah";"Toitlustamine";""
"KTO025284";"Ports Resto OÜ";"17238065";"01.08.2025";"Tähtajatu";"Jah";"Toitlustamine";""
"KTO025339";"SS Pioneer OÜ";"12021496";"01.08.2025";"Tähtajatu";"Jah";"Toitlustamine";""
"KTO025340";"OÜ Köstri Ait";"17290083";"01.08.2025";"Tähtajatu";"Jah";"Toitlustamine";""
"KTO025338";"F.Resto OÜ";"17259624";"01.08.2025";"Tähtajatu";"Jah";"Toitlustamine";""
"KTO025337";"JAHH Pagarid OÜ";"14945885";"31.07.2025";"Tähtajatu";"Jah";"Toitlustamine";""
"KTO025215";"Elwa Entertainment Group OÜ";"17146185";"31.07.2025";"Tähtajatu";"Jah";"Toitlustamine";""
"KTO025336";"Gaufres belges OÜ";"16383026";"31.07.2025";"Tähtajatu";"Jah";"Toitlustamine";""
"KTO025334";"Mister Murka OÜ";"16578304";"30.07.2025";"Tähtajatu";"Jah";"Toitlustamine";""
"KTO025332";"OÜ Vivere";"12876714";"26.07.2025";"Tähtajatu";"Jah";"Toitlustamine";""
"KTO025331";"Hubala OÜ";"17238740";"25.07.2025";"Tähtajatu";"Jah";"Toitlustamine";""
"KTO025330";"LSPN trade OÜ";"17215377";"24.07.2025";"Tähtajatu";"Jah";"Toitlustamine";""
"KTO025328";"Toiteko OÜ";"16789633";"24.07.2025";"Tähtajatu";"Jah";"Toitlustamine";""
"KTO025329";"ESGC Trade OÜ";"17215093";"24.07.2025";"Tähtajatu";"Jah";"Toitlustamine";""
"KTO025327";"Abcanime OÜ";"14041155";"23.07.2025";"Tähtajatu";"Jah";"Toitlustamine";""
"KTO025326";"Villade Haldus OÜ";"11528537";"23.07.2025";"Tähtajatu";"Jah";"Toitlustamine";""
"KTO025325";"OÜ LaFiesta";"16334588";"23.07.2025";"Tähtajatu";"Jah";"Toitlustamine";""
"KTO025323";"Sinimandria Restoran OÜ";"17142129";"22.07.2025";"Tähtajatu";"Jah";"Toitlustamine";""
"KTO025324";"ESTMA HPT OÜ";"14781722";"22.07.2025";"Tähtajatu";"Jah";"Toitlustamine";""
"KTO025322";"Mad Grouse OÜ";"17143071";"21.07.2025";"Tähtajatu";"Jah";"Toitlustamine";""
"KTO025320";"RAB INVEST OÜ";"17228977";"21.07.2025";"Tähtajatu";"Jah";"Toitlustamine";""
"KTO025319";"Kaks Pizzat OÜ";"17247638";"21.07.2025";"Tähtajatu";"Jah";"Toitlustamine";""
"KTO025321";"Juyal & Juyal OÜ";"17210977";"21.07.2025";"Tähtajatu";"Jah";"Toitlustamine";""
"KTO025318";"OÜ Puente Norte";"17202268";"20.07.2025";"Tähtajatu";"Jah";"Toitlustamine";""
"KTO025317";"UCE concerts OÜ";"14844316";"19.07.2025";"Tähtajatu";"Jah";"Toitlustamine";""
"KTO025316";"Kosmilised Maitsed OÜ";"17229132";"18.07.2025";"Tähtajatu";"Jah";"Toitlustamine";""
"KTO025315";"ASIAN TASTE OÜ";"17254199";"16.07.2025";"Tähtajatu";"Jah";"Toitlustamine";""
"KTO025314";"Osaühing Matkaabi";"11008134";"15.07.2025";"Tähtajatu";"Jah";"Toitlustamine";""
"KTO025313";"Jerwakant MTÜ";"80595289";"14.07.2025";"Tähtajatu";"Jah";"Toitlustamine";""
"KTO025312";"Stay & Sip OÜ";"17281687";"14.07.2025";"Tähtajatu";"Jah";"Toitlustamine";""
"KTO025311";"Seaside Services OÜ";"12832786";"13.07.2025";"Tähtajatu";"Jah";"Toitlustamine";""
"KTO025308";"Virukohvik OÜ";"17279816";"11.07.2025";"Tähtajatu";"Jah";"Toitlustamine";""
"KTO025310";"Toost OÜ";"17274598";"11.07.2025";"Tähtajatu";"Jah";"Toitlustamine";""
"KTO025309";"Mittetulundusühing Kanepi RomuTeam";"80561095";"11.07.2025";"Tähtajatu";"Jah";"Toitlustamine";""
"KTO025306";"ASK Intergroup OÜ";"12232253";"10.07.2025";"Tähtajatu";"Jah";"Toitlustamine";""
"KTO025305";"ConsGer OÜ";"16893595";"08.07.2025";"Tähtajatu";"Jah";"Toitlustamine";""
"KTO025304";"OÜ ?okk ja Skandaal";"17267471";"08.07.2025";"Tähtajatu";"Jah";"Toitlustamine";""
"KTO025303";"BOBA OÜ";"16730373";"08.07.2025";"Tähtajatu";"Jah";"Toitlustamine";""
"KTO025302";"Frent OÜ";"12196089";"07.07.2025";"Tähtajatu";"Jah";"Toitlustamine";""
"KTO025301";"TaluGurmee OÜ";"16936132";"05.07.2025";"Tähtajatu";"Jah";"Toitlustamine";""
"KTO025299";"AllClean OÜ";"11532881";"04.07.2025";"Tähtajatu";"Jah";"Toitlustamine";""
"KTO025300";"HasGa OÜ";"17236244";"04.07.2025";"Tähtajatu";"Jah";"Toitlustamine";""
"KTO025298";"Tikkilugu OÜ";"17227280";"03.07.2025";"Tähtajatu";"Jah";"Toitlustamine";""
"KTO025297";"Soveldaja Loomeleek OÜ";"17093997";"03.07.2025";"Tähtajatu";"Jah";"Toitlustamine";""
"KTO025296";"AnoMari OÜ";"14270588";"02.07.2025";"Tähtajatu";"Jah";"Toitlustamine";""
"KTO025295";"Vooglind OÜ";"14768801";"01.07.2025";"Tähtajatu";"Jah";"Toitlustamine";""
"KTO025294";"mittetulundusühing Vormsi Tuletorni linnak";"80259290";"01.07.2025";"Tähtajatu";"Jah";"Toitlustamine";""
"KTO025293";"Hara Holding OÜ";"14438906";"30.06.2025";"Tähtajatu";"Jah";"Toitlustamine";""
"KTO025291";"Kajali OÜ";"16080372";"30.06.2025";"Tähtajatu";"Jah";"Toitlustamine";""
"KTO025292";"Aivaravai OÜ";"17138043";"30.06.2025";"Tähtajatu";"Jah";"Toitlustamine";""
"KTO025290";"Vivenor OÜ";"17233464";"29.06.2025";"Tähtajatu";"Jah";"Toitlustamine";""
"KTO025289";"Osaühing Männikohvik";"17263904";"27.06.2025";"Tähtajatu";"Jah";"Toitlustamine";""
"KTO025285";"Kolme Põlvkonna Kohvik OÜ";"17200105";"26.06.2025";"Tähtajatu";"Jah";"Toitlustamine";""
"KTO025288";"Julounge OÜ";"16712174";"26.06.2025";"Tähtajatu";"Jah";"Toitlustamine";""
"KTO025287";"Rõõmüks OÜ";"16840877";"26.06.2025";"Tähtajatu";"Jah";"Toitlustamine";""
"KTO025286";"OÜ Parim Finants";"17266726";"26.06.2025";"Tähtajatu";"Jah";"Toitlustamine";""
"KTO025283";"Eesti Noore Arhitektuuri Selts";"80131176";"25.06.2025";"Tähtajatu";"Jah";"Toitlustamine";""
"KTO025281";"Rummu Grill OÜ";"17151269";"25.06.2025";"Tähtajatu";"Jah";"Toitlustamine";""
"KTO025282";"Hiina Kulp OÜ";"16998704";"25.06.2025";"Tähtajatu";"Jah";"Toitlustamine";""
"KTO025278";"Armilde OÜ";"16770421";"19.06.2025";"Tähtajatu";"Jah";"Toitlustamine";""
"KTO025280";"Piirivee OÜ";"14884283";"19.06.2025";"Tähtajatu";"Jah";"Toitlustamine";""
"KTO025279";"Karepa Selts";"80183658";"19.06.2025";"Tähtajatu";"Jah";"Toitlustamine";""
"KTO025275";"OÜ HOLA GRILL";"17104287";"18.06.2025";"Tähtajatu";"Jah";"Toitlustamine";""
"KTO025276";"DeLiner Project OÜ";"17232312";"18.06.2025";"Tähtajatu";"Jah";"Toitlustamine";""
"KTO025274";"Satumaa OÜ";"17249092";"17.06.2025";"Tähtajatu";"Jah";"Toitlustamine";""
"KTO025273";"Osaühing Sretensk";"14294548";"17.06.2025";"Tähtajatu";"Jah";"Toitlustamine";""
"KTO025272";"NordAsia OÜ";"17065437";"17.06.2025";"Tähtajatu";"Jah";"Toitlustamine";""
"KTO025271";"Vana madrus OÜ";"17193523";"17.06.2025";"Tähtajatu";"Jah";"Toitlustamine";""
"KTO025270";"Velly OÜ";"17207969";"15.06.2025";"Tähtajatu";"Jah";"Toitlustamine";""
"KTO025268";"OÜ Lust ja Lillepidu";"16337948";"12.06.2025";"Tähtajatu";"Jah";"Toitlustamine";""
"KTO025269";"Kodutoit OÜ";"16496492";"12.06.2025";"Tähtajatu";"Jah";"Toitlustamine";""
"KTO025265";"AnniElli OÜ";"17252929";"11.06.2025";"Tähtajatu";"Jah";"Toitlustamine";""
"KTO025266";"Arkadel Invest OÜ";"11333756";"11.06.2025";"Tähtajatu";"Jah";"Toitlustamine";""
"KTO025267";"Annlorii OÜ";"17213562";"11.06.2025";"Tähtajatu";"Jah";"Toitlustamine";""
"KTO025264";"BAGEL&LURCH OÜ";"14476338";"10.06.2025";"Tähtajatu";"Jah";"Toitlustamine";""
"KTO025263";"Osteria Group OÜ";"16776234";"10.06.2025";"Tähtajatu";"Jah";"Toitlustamine";""
"KTO025258";"Werton OÜ";"14211083";"09.06.2025";"Tähtajatu";"Jah";"Toitlustamine";""
"KTO025259";"Viru16 OÜ";"17159905";"09.06.2025";"Tähtajatu";"Jah";"Toitlustamine";""
"KTO025260";"Maitsevõlu OÜ";"17130356";"09.06.2025";"Tähtajatu";"Jah";"Toitlustamine";""
"KTO025261";"kubaresto OÜ";"17058469";"09.06.2025";"Tähtajatu";"Jah";"Toitlustamine";""
"KTO025262";"Veinimeel OÜ";"17192966";"09.06.2025";"Tähtajatu";"Jah";"Toitlustamine";""
"KTO025255";"Värske Mahl OÜ";"16915138";"06.06.2025";"Tähtajatu";"Jah";"Toitlustamine";""
"KTO025256";"Kratt Grupp OÜ";"17225594";"06.06.2025";"Tähtajatu";"Jah";"Toitlustamine";""
"KTO025253";"LÖFT OÜ";"17249844";"05.06.2025";"Tähtajatu";"Jah";"Toitlustamine";""
"KTO025254";"PAKSU POISI PUBI OÜ";"17226910";"05.06.2025";"Tähtajatu";"Jah";"Toitlustamine";""
"KTO025252";"Kalastusparadiis OÜ";"16886075";"03.06.2025";"Tähtajatu";"Jah";"Toitlustamine";""
"KTO025249";"OÜ Meresassi";"14999757";"02.06.2025";"Tähtajatu";"Jah";"Toitlustamine";""
"KTO025250";"Tähe Tramm OÜ";"17096553";"02.06.2025";"Tähtajatu";"Jah";"Toitlustamine";""
"KTO025213";"Hiiu?näks OÜ";"17236008";"01.06.2025";"30.09.2027";"Jah";"Toitlustamine";""
"KTO025248";"Klooga Rannabaar OÜ";"17250340";"30.05.2025";"Tähtajatu";"Jah";"Toitlustamine";""
"KTO025247";"Rannaka Bistroo OÜ";"17100220";"29.05.2025";"Tähtajatu";"Jah";"Toitlustamine";""
"KTO025245";"OÜ PhoenixVisions";"16978831";"29.05.2025";"Tähtajatu";"Jah";"Toitlustamine";""
"KTO025246";"Meduseld OÜ";"17251433";"29.05.2025";"Tähtajatu";"Jah";"Toitlustamine";""
"KTO025244";"Novempes OÜ";"17236296";"29.05.2025";"Tähtajatu";"Jah";"Toitlustamine";""
"KTO025243";"Truvato OÜ";"12627922";"28.05.2025";"Tähtajatu";"Jah";"Toitlustamine";""
"KTO025240";"Mahe Kohvik OÜ";"17189734";"27.05.2025";"Tähtajatu";"Jah";"Toitlustamine";""
"KTO025239";"Suminad OÜ";"17238315";"27.05.2025";"Tähtajatu";"Jah";"Toitlustamine";""
"KTO025238";"Jõeääre Kohvik OÜ";"17232559";"27.05.2025";"Tähtajatu";"Jah";"Toitlustamine";""
"KTO025241";"KUJI OÜ";"17205924";"27.05.2025";"Tähtajatu";"Jah";"Toitlustamine";""
"KTO025237";"OÜ Kamsan";"17226659";"24.05.2025";"Tähtajatu";"Jah";"Toitlustamine";""
"KTO025234";"Rokitron OÜ";"17164183";"23.05.2025";"Tähtajatu";"Jah";"Toitlustamine";""
"KTO025235";"M2 Haldus OÜ";"14910993";"23.05.2025";"Tähtajatu";"Jah";"Toitlustamine";""
"KTO025236";"Terratunes OÜ";"14394439";"23.05.2025";"Tähtajatu";"Jah";"Toitlustamine";""
"KTO025178";"Kellive OÜ";"17210859";"23.05.2025";"Tähtajatu";"Jah";"Toitlustamine";""
"KTO025233";"Trinity Artisans OÜ";"17246219";"22.05.2025";"Tähtajatu";"Jah";"Toitlustamine";""
"KTO025231";"Srilankan tamil express OÜ";"16989007";"22.05.2025";"Tähtajatu";"Jah";"Toitlustamine";""
"KTO025232";"OÜ Japikreeta";"16998733";"22.05.2025";"Tähtajatu";"Jah";"Toitlustamine";""
"KTO025228";"OÜ AVGUSTA";"12476156";"21.05.2025";"Tähtajatu";"Jah";"Toitlustamine";""
"KTO025229";"Pink Elevant OÜ";"16492175";"21.05.2025";"Tähtajatu";"Jah";"Toitlustamine";""
"KTO025230";"Metsasadam OÜ";"14129275";"21.05.2025";"Tähtajatu";"Jah";"Toitlustamine";""
"KTO025227";"VWR OÜ";"17239521";"20.05.2025";"Tähtajatu";"Jah";"Toitlustamine";""
"KTO025226";"OÜ JumalAita";"17195309";"19.05.2025";"Tähtajatu";"Jah";"Toitlustamine";""
"KTO025225";"KatariinaRozalie OÜ";"17184493";"18.05.2025";"Tähtajatu";"Jah";"Toitlustamine";""
"KTO025224";"Bunyui Henry Yusinyu";"16618481";"17.05.2025";"Tähtajatu";"Jah";"Toitlustamine";""
"KTO025223";"OÜ Briis Bar";"16710749";"17.05.2025";"Tähtajatu";"Jah";"Toitlustamine";""
"KTO025221";"Thaipinas OÜ";"17240808";"16.05.2025";"Tähtajatu";"Jah";"Toitlustamine";""
"KTO025222";"Yacht Food OÜ";"17230520";"16.05.2025";"Tähtajatu";"Jah";"Toitlustamine";""
"KTO025220";"GroMur toit OÜ";"17225358";"16.05.2025";"Tähtajatu";"Jah";"Toitlustamine";""
"KTO025218";"LaSmak OÜ";"17182904";"14.05.2025";"Tähtajatu";"Jah";"Toitlustamine";""
"KTO025216";"Vanaase Kodumajutuse OÜ";"16980615";"13.05.2025";"Tähtajatu";"Jah";"Toitlustamine";""
"KTO025217";"OÜ Mustard ja Pastard";"16681835";"13.05.2025";"Tähtajatu";"Jah";"Toitlustamine";""
"KTO025212";"Brice OÜ";"16903626";"12.05.2025";"Tähtajatu";"Jah";"Toitlustamine";""
"KTO025214";"RMT ENT OÜ";"17227624";"12.05.2025";"Tähtajatu";"Jah";"Toitlustamine";""
"KTO025211";"Karlmuhust OÜ";"12524240";"09.05.2025";"Tähtajatu";"Jah";"Toitlustamine";""
"KTO025210";"Lassinaator OÜ";"16314735";"08.05.2025";"Tähtajatu";"Jah";"Toitlustamine";""
"KTO025209";"Põru Putka OÜ";"16106485";"08.05.2025";"Tähtajatu";"Jah";"Toitlustamine";""
"KTO025208";"OÜ Burrata";"16538138";"07.05.2025";"Tähtajatu";"Jah";"Toitlustamine";""
"KTO025207";"Bagababo Hanglabini OÜ";"16503737";"06.05.2025";"Tähtajatu";"Jah";"Toitlustamine";""
"KTO025206";"Dharma Resort OÜ";"17201205";"05.05.2025";"Tähtajatu";"Jah";"Toitlustamine";""
"KTO025204";"Ginzburg OÜ";"16092719";"05.05.2025";"Tähtajatu";"Jah";"Toitlustamine";""
"KTO025205";"Double Trouble OÜ";"17205663";"05.05.2025";"Tähtajatu";"Jah";"Toitlustamine";""
"KTO025201";"OÜ Olmax Grupp";"11907341";"02.05.2025";"Tähtajatu";"Jah";"Toitlustamine";""
"KTO025203";"PPS lounge OÜ";"17200542";"02.05.2025";"Tähtajatu";"Jah";"Toitlustamine";""
"KTO025202";"Shaurma family OÜ";"17215851";"02.05.2025";"Tähtajatu";"Jah";"Toitlustamine";""
"KTO025200";"Põhumaja OÜ";"14982248";"01.05.2025";"Tähtajatu";"Jah";"Toitlustamine";""
"KTO025184";"PITSAKANGELASED OÜ";"17223261";"01.05.2025";"Tähtajatu";"Jah";"Toitlustamine";""
"KTO025199";"Tiikri OÜ";"17228960";"29.04.2025";"Tähtajatu";"Jah";"Toitlustamine";""
"KTO025198";"Miinusbaar OÜ";"17227736";"28.04.2025";"Tähtajatu";"Jah";"Toitlustamine";""
"KTO025197";"ProBurger OÜ";"17159615";"27.04.2025";"Tähtajatu";"Jah";"Toitlustamine";""
"KTO025195";"Buena Trade OÜ";"11447371";"25.04.2025";"Tähtajatu";"Jah";"Toitlustamine";""
"KTO025196";"Mull & Maik OÜ";"17210983";"25.04.2025";"Tähtajatu";"Jah";"Toitlustamine";""
"KTO025193";"MustMull OÜ";"17092609";"24.04.2025";"Tähtajatu";"Jah";"Toitlustamine";""
"KTO025189";"Vabaduse Maitsed OÜ";"17167856";"23.04.2025";"Tähtajatu";"Jah";"Toitlustamine";""
"KTO025192";"Pabertiiger OÜ";"17107831";"23.04.2025";"Tähtajatu";"Jah";"Toitlustamine";""
"KTO025190";"Suska OÜ";"16067398";"23.04.2025";"Tähtajatu";"Jah";"Toitlustamine";""
"KTO025188";"Osaühing T.R. TAMME AUTO";"10020438";"22.04.2025";"Tähtajatu";"Jah";"Toitlustamine";""
"KTO025181";"Miranova OÜ";"17211416";"22.04.2025";"Tähtajatu";"Jah";"Toitlustamine";""
"KTO025186";"OÜ kooki tahad";"16864665";"21.04.2025";"Tähtajatu";"Jah";"Toitlustamine";""
"KTO025187";"Captain Roosters OÜ";"17224695";"21.04.2025";"Tähtajatu";"Jah";"Toitlustamine";""
"KTO025185";"Colour Gourmet OÜ";"16646454";"21.04.2025";"Tähtajatu";"Jah";"Toitlustamine";""
"KTO025183";"OÜ RONANOR";"16664914";"16.04.2025";"Tähtajatu";"Jah";"Toitlustamine";""
"KTO025182";"BEP OÜ";"14942220";"15.04.2025";"Tähtajatu";"Jah";"Toitlustamine";""
"KTO025180";"lumbini OÜ";"17074563";"11.04.2025";"Tähtajatu";"Jah";"Toitlustamine";""
"KTO025179";"VinoDeli OÜ";"16187414";"11.04.2025";"Tähtajatu";"Jah";"Toitlustamine";""
"KTO025177";"Suveterrass OÜ";"16992725";"09.04.2025";"Tähtajatu";"Jah";"Toitlustamine";""
"KTO025175";"R-ecole OÜ";"17012317";"09.04.2025";"Tähtajatu";"Jah";"Toitlustamine";""
"KTO025176";"Kolm Kraani OÜ";"17209269";"09.04.2025";"Tähtajatu";"Jah";"Toitlustamine";""
"KTO025173";"Liivimaa Põllumajandus OÜ";"14323575";"08.04.2025";"Tähtajatu";"Jah";"Toitlustamine";""
"KTO025171";"Cairostar OÜ";"17043060";"07.04.2025";"Tähtajatu";"Jah";"Toitlustamine";""
"KTO025170";"Gallerycafe OÜ";"16216280";"07.04.2025";"Tähtajatu";"Jah";"Toitlustamine";""
"KTO025169";"Profbaar OÜ";"16466686";"06.04.2025";"Tähtajatu";"Jah";"Toitlustamine";""
"KTO025168";"Anneli Martson";"17149315";"05.04.2025";"Tähtajatu";"Jah";"Toitlustamine";""
"KTO025167";"Blondu OÜ";"17199359";"04.04.2025";"Tähtajatu";"Jah";"Toitlustamine";""
"KTO025166";"Noarootsi Teatrigaraa? OÜ";"17198006";"04.04.2025";"Tähtajatu";"Jah";"Toitlustamine";""
"KTO025165";"FUGO EXPRESS OÜ";"17192274";"03.04.2025";"Tähtajatu";"Jah";"Toitlustamine";""
"KTO025164";"Raekohv OÜ";"16857429";"01.04.2025";"Tähtajatu";"Jah";"Toitlustamine";""
"KTO025163";"Vibora OÜ";"17159727";"31.03.2025";"Tähtajatu";"Jah";"Toitlustamine";""
"KTO025162";"Jakob & Sons OÜ";"17168583";"29.03.2025";"Tähtajatu";"Jah";"Toitlustamine";""
"KTO025161";"EKT Korraldus OÜ";"17205841";"28.03.2025";"Tähtajatu";"Jah";"Toitlustamine";""
"KTO025160";"OÜ Hõrgutaja";"17193210";"27.03.2025";"Tähtajatu";"Jah";"Toitlustamine";""
"KTO025158";"Mon Reflet S OÜ";"17031909";"26.03.2025";"Tähtajatu";"Jah";"Toitlustamine";""
"KTO025157";"DZUNGLI OÜ";"17192937";"26.03.2025";"Tähtajatu";"Jah";"Toitlustamine";""
"KTO025156";"LaMemme OÜ";"17154434";"25.03.2025";"Tähtajatu";"Jah";"Toitlustamine";""
"KTO025154";"Viikingite grill ja kala OÜ";"17100852";"24.03.2025";"Tähtajatu";"Jah";"Toitlustamine";""
"KTO025155";"Investoraatorid OÜ";"16632050";"24.03.2025";"Tähtajatu";"Jah";"Toitlustamine";""
"KTO025153";"K&T Lokaal OÜ";"16136517";"24.03.2025";"Tähtajatu";"Jah";"Toitlustamine";""
"KTO025152";"Carbridge OÜ";"17081238";"21.03.2025";"Tähtajatu";"Jah";"Toitlustamine";""
"KTO025149";"Karaoke Baar OÜ";"17201530";"21.03.2025";"Tähtajatu";"Jah";"Toitlustamine";""
"KTO025150";"Everyone's OÜ";"16770332";"21.03.2025";"Tähtajatu";"Jah";"Toitlustamine";""
"KTO025151";"Copperhead Capital OÜ";"14958391";"21.03.2025";"Tähtajatu";"Jah";"Toitlustamine";""
"KTO025148";"Globeflex OÜ";"16307597";"17.03.2025";"Tähtajatu";"Jah";"Toitlustamine";""
"KTO025147";"OÜ Atribor";"11963457";"16.03.2025";"Tähtajatu";"Jah";"Toitlustamine";""
"KTO025146";"Nautica golfikeskus OÜ";"17179998";"16.03.2025";"Tähtajatu";"Jah";"Toitlustamine";""
"KTO025145";"Capto Invest OÜ";"14487900";"15.03.2025";"Tähtajatu";"Jah";"Toitlustamine";""
"KTO025144";"Vigurid OÜ";"14319691";"14.03.2025";"Tähtajatu";"Jah";"Toitlustamine";""
"KTO025143";"Alaz OÜ";"16616217";"11.03.2025";"Tähtajatu";"Jah";"Toitlustamine";""
"KTO025142";"Pikkpoiss OÜ";"16498396";"10.03.2025";"Tähtajatu";"Jah";"Toitlustamine";""
"KTO025133";"Limoncello OÜ";"17013544";"10.03.2025";"Tähtajatu";"Jah";"Toitlustamine";""
"KTO025141";"Kantribaar OÜ";"17172320";"07.03.2025";"Tähtajatu";"Jah";"Toitlustamine";""
"KTO025139";"Bontlehato Babotadiba OÜ";"14981125";"06.03.2025";"Tähtajatu";"Jah";"Toitlustamine";""
"KTO025138";"Kaja Projects OÜ";"14532226";"05.03.2025";"Tähtajatu";"Jah";"Toitlustamine";""
"KTO025137";"Merejanu OÜ";"17188404";"03.03.2025";"Tähtajatu";"Jah";"Toitlustamine";""
"KTO025136";"OÜ Metsiku Piisoni Saloon";"10662995";"03.03.2025";"Tähtajatu";"Jah";"Toitlustamine";""
"KTO025135";"Jahu Kõrts OÜ";"16741431";"01.03.2025";"Tähtajatu";"Jah";"Toitlustamine";""
"KTO025132";"FALL RESTO OÜ";"16590819";"28.02.2025";"Tähtajatu";"Jah";"Toitlustamine";""
"KTO025134";"Sabbal Singh";"17087927";"28.02.2025";"Tähtajatu";"Jah";"Toitlustamine";""
"KTO025131";"Nüanss Drinks OÜ";"17180549";"27.02.2025";"Tähtajatu";"Jah";"Toitlustamine";""
"KTO025130";"M&K GROUP UÜ";"16965484";"27.02.2025";"Tähtajatu";"Jah";"Toitlustamine";""
"KTO025129";"Think King Games OÜ";"16474734";"26.02.2025";"Tähtajatu";"Jah";"Toitlustamine";""
"KTO025128";"EVELIA OÜ";"16518325";"25.02.2025";"Tähtajatu";"Jah";"Toitlustamine";""
"KTO025127";"Bagus OÜ";"17141503";"16.02.2025";"Tähtajatu";"Jah";"Toitlustamine";""
"KTO025125";"OÜ Peipsimees";"16898977";"12.02.2025";"Tähtajatu";"Jah";"Toitlustamine";""
"KTO025126";"Kaisi OÜ";"16161923";"12.02.2025";"Tähtajatu";"Jah";"Toitlustamine";""
"KTO025124";"Sanmaks OÜ";"14905957";"09.02.2025";"Tähtajatu";"Jah";"Toitlustamine";""
"KTO025120";"WildSouls OÜ";"12472483";"06.02.2025";"Tähtajatu";"Jah";"Toitlustamine";""
"KTO025123";"BAHUS OÜ";"14316592";"06.02.2025";"Tähtajatu";"Jah";"Toitlustamine";""
"KTO025121";"OÜ Ürg";"14082792";"06.02.2025";"Tähtajatu";"Jah";"Toitlustamine";""
"KTO025122";"Kringeling OÜ";"17103135";"06.02.2025";"Tähtajatu";"Jah";"Toitlustamine";""
"KTO025118";"Pöide Mesi OÜ";"16048635";"05.02.2025";"Tähtajatu";"Jah";"Toitlustamine";""
"KTO025116";"Bogodako Hofuhotutu OÜ";"14523227";"02.02.2025";"Tähtajatu";"Jah";"Toitlustamine";""
"KTO025115";"TIGER WOK OÜ";"17079750";"27.01.2025";"Tähtajatu";"Jah";"Toitlustamine";""
"KTO025114";"Bar2Go OÜ";"17163226";"27.01.2025";"Tähtajatu";"Jah";"Toitlustamine";""
"KTO025113";"Kõrbes OÜ";"16771461";"24.01.2025";"Tähtajatu";"Jah";"Toitlustamine";""
"KTO025112";"Pizzakahvel OÜ";"17133857";"23.01.2025";"Tähtajatu";"Jah";"Toitlustamine";""
"KTO025111";"ReilKit OÜ";"16736818";"22.01.2025";"Tähtajatu";"Jah";"Toitlustamine";""
"KTO025110";"ARIRAN OÜ";"10091877";"22.01.2025";"Tähtajatu";"Jah";"Toitlustamine";""
"KTO025109";"MRZOOG TRADING OÜ";"16538894";"22.01.2025";"Tähtajatu";"Jah";"Toitlustamine";""
"KTO025107";"Resete OÜ";"16549188";"21.01.2025";"Tähtajatu";"Jah";"Toitlustamine";""
"KTO025108";"EMMid OÜ";"17101886";"21.01.2025";"Tähtajatu";"Jah";"Toitlustamine";""
"KTO025106";"Toome pood OÜ";"17143488";"21.01.2025";"Tähtajatu";"Jah";"Toitlustamine";""
"KTO025105";"Kolm Maali OÜ";"17075829";"19.01.2025";"Tähtajatu";"Jah";"Toitlustamine";""
"KTO025102";"Vonhauer OÜ";"16800091";"16.01.2025";"Tähtajatu";"Jah";"Toitlustamine";""
"KTO025101";"Rehealune Selts";"80412432";"16.01.2025";"Tähtajatu";"Jah";"Toitlustamine";""
"KTO025103";"CIP OÜ";"14890227";"16.01.2025";"Tähtajatu";"Jah";"Toitlustamine";""
"KTO025099";"Rigiroomi Godimaloum OÜ";"12662380";"15.01.2025";"Tähtajatu";"Jah";"Toitlustamine";""
"KTO025100";"Member's Club OÜ";"16148779";"15.01.2025";"Tähtajatu";"Jah";"Toitlustamine";""
"KTO025097";"Iglooo OÜ";"16476762";"12.01.2025";"Tähtajatu";"Jah";"Toitlustamine";""
"KTO025096";"Kebo OÜ";"17129229";"11.01.2025";"Tähtajatu";"Jah";"Toitlustamine";""
"KTO025095";"Ohtu Motoklubi";"80613722";"09.01.2025";"Tähtajatu";"Jah";"Toitlustamine";""
"KTO025094";"Nekskörd OÜ";"17150086";"08.01.2025";"Tähtajatu";"Jah";"Toitlustamine";""
"KTO025092";"Tadimelweni Mogonesesi OÜ";"17107431";"06.01.2025";"Tähtajatu";"Jah";"Toitlustamine";""
"KTO025091";"Pereköök OÜ";"17113702";"05.01.2025";"Tähtajatu";"Jah";"Toitlustamine";""
"KTO025090";"Mullur Osaühing";"17132800";"04.01.2025";"Tähtajatu";"Jah";"Toitlustamine";""
"KTO025089";"Sommerman OÜ";"16967939";"31.12.2024";"Tähtajatu";"Jah";"Toitlustamine";""
"KTO025085";"Mai Kiosk OÜ";"17082427";"27.12.2024";"Tähtajatu";"Jah";"Toitlustamine";""
"KTO025088";"OÜ Kildu Grupp";"12953260";"26.12.2024";"11.01.2030";"Jah";"Toitlustamine";""
"KTO025087";"Megakorraldus OÜ";"17136927";"25.12.2024";"Tähtajatu";"Jah";"Toitlustamine";""
"KTO025086";"Renmarnik OÜ";"16813969";"22.12.2024";"Tähtajatu";"Jah";"Toitlustamine";""
"KTO025084";"Rukkileib OÜ";"17115859";"20.12.2024";"Tähtajatu";"Jah";"Toitlustamine";""
"KTO025081";"KBS Foods OÜ";"16722072";"19.12.2024";"Tähtajatu";"Jah";"Toitlustamine";""
"KTO025083";"Vastok Grupp OÜ";"17072009";"19.12.2024";"Tähtajatu";"Jah";"Toitlustamine";""
"KTO025082";"TG Rocca OÜ";"16968181";"19.12.2024";"Tähtajatu";"Jah";"Toitlustamine";""
"KTO025057";"OÜ Puente";"17092354";"16.12.2024";"Tähtajatu";"Jah";"Toitlustamine";""
"KTO025080";"OysterBoys OÜ";"16064427";"16.12.2024";"Tähtajatu";"Jah";"Toitlustamine";""
"KTO025079";"Bogi Catering OÜ";"16843338";"10.12.2024";"Tähtajatu";"Jah";"Toitlustamine";""
"KTO025077";"VAROSH OÜ";"17120518";"10.12.2024";"Tähtajatu";"Jah";"Toitlustamine";""
"KTO025078";"Eventra OÜ";"17123577";"10.12.2024";"Tähtajatu";"Jah";"Toitlustamine";""
"KTO025076";"VP Partner OÜ";"16658658";"09.12.2024";"Tähtajatu";"Jah";"Toitlustamine";""
"KTO025075";"Mandel OÜ";"17124143";"08.12.2024";"Tähtajatu";"Jah";"Toitlustamine";""
"KTO025074";"Jamm Eesti OÜ";"14133609";"07.12.2024";"Tähtajatu";"Jah";"Toitlustamine";""
"KTO025073";"OÜ Tacocat";"16991731";"06.12.2024";"Tähtajatu";"Jah";"Toitlustamine";""
"KTO025072";"Sip Whispers OÜ";"17126946";"05.12.2024";"Tähtajatu";"Jah";"Toitlustamine";""
"KTO025071";"Prembuild OÜ";"16939469";"30.11.2024";"Tähtajatu";"Jah";"Toitlustamine";""
"KTO025069";"StarGamer OÜ";"17056312";"29.11.2024";"Tähtajatu";"Jah";"Toitlustamine";""
"KTO025070";"La Cantina OÜ";"17060265";"29.11.2024";"Tähtajatu";"Jah";"Toitlustamine";""
"KTO025068";"Hoiuruum OÜ";"14256447";"28.11.2024";"Tähtajatu";"Jah";"Toitlustamine";""
"KTO025067";"G Almora OÜ";"17120642";"28.11.2024";"Tähtajatu";"Jah";"Toitlustamine";""
"KTO025066";"Reute Restoranid OÜ";"16990528";"28.11.2024";"Tähtajatu";"Jah";"Toitlustamine";""
"KTO025065";"Bill The Butcher Group osaühing";"17073049";"27.11.2024";"Tähtajatu";"Jah";"Toitlustamine";""
"KTO025063";"Kassipoeg OÜ";"17090415";"26.11.2024";"Tähtajatu";"Jah";"Toitlustamine";""
"KTO025064";"Budu Burger OÜ";"17091969";"26.11.2024";"Tähtajatu";"Jah";"Toitlustamine";""
"KTO025060";"BlueWell International OÜ";"12459956";"25.11.2024";"Tähtajatu";"Jah";"Toitlustamine";""
"KTO025062";"Datagram OÜ";"12510002";"25.11.2024";"Tähtajatu";"Jah";"Toitlustamine";""
"KTO025061";"Kopli Catering OÜ";"16615005";"25.11.2024";"Tähtajatu";"Jah";"Toitlustamine";""
"KTO025059";"Basil OÜ";"14820793";"22.11.2024";"Tähtajatu";"Jah";"Toitlustamine";""
"KTO025058";"Live on Screen OÜ";"12564191";"21.11.2024";"Tähtajatu";"Jah";"Toitlustamine";""
"KTO025055";"OÜ Art Cesari";"16922078";"19.11.2024";"Tähtajatu";"Jah";"Toitlustamine";""
"KTO025056";"JuSe Catering OÜ";"14965497";"19.11.2024";"Tähtajatu";"Jah";"Toitlustamine";""
"KTO025052";"Kolm ampsu OÜ";"17024849";"14.11.2024";"Tähtajatu";"Jah";"Toitlustamine";""
"KTO025053";"Osaühing Solarell";"10147431";"14.11.2024";"Tähtajatu";"Jah";"Toitlustamine";""
"KTO025050";"Olvia KONT OÜ";"16900562";"13.11.2024";"Tähtajatu";"Jah";"Toitlustamine";""
"KTO025051";"GVP INVEST ESTONIA OÜ";"12771903";"13.11.2024";"Tähtajatu";"Jah";"Toitlustamine";""
"KTO025049";"OÜ Skandinaasia";"16951921";"12.11.2024";"Tähtajatu";"Jah";"Toitlustamine";""
"KTO025048";"Pastatehas OÜ";"17008939";"11.11.2024";"Tähtajatu";"Jah";"Toitlustamine";""
"KTO025047";"Alko EST SERB OÜ";"17068999";"11.11.2024";"Tähtajatu";"Jah";"Toitlustamine";""
"KTO025046";"OÜ Trading LCH";"17009436";"10.11.2024";"Tähtajatu";"Jah";"Toitlustamine";""
"KTO025044";"Krõbe Torusai OÜ";"16982657";"06.11.2024";"Tähtajatu";"Jah";"Toitlustamine";""
"KTO025042";"Albin Food OÜ";"17102070";"05.11.2024";"Tähtajatu";"Jah";"Toitlustamine";""
"KTO025043";"OÜ AV Investeeringud";"16303547";"05.11.2024";"Tähtajatu";"Jah";"Toitlustamine";""
"KTO025041";"OÜ Tragitegu";"12926375";"05.11.2024";"Tähtajatu";"Jah";"Toitlustamine";""
"KTO025038";"Köstre Talu OÜ";"17054690";"04.11.2024";"Tähtajatu";"Jah";"Toitlustamine";""
"KTO025040";"Kodar OÜ";"12966593";"04.11.2024";"Tähtajatu";"Jah";"Toitlustamine";""
"KTO025039";"HOTSAUCE OÜ";"17008738";"04.11.2024";"Tähtajatu";"Jah";"Toitlustamine";""
"KTO025037";"OÜ DomFood";"17070192";"03.11.2024";"Tähtajatu";"Jah";"Toitlustamine";""
"KTO025036";"Auna OÜ";"16008081";"01.11.2024";"Tähtajatu";"Jah";"Toitlustamine";""
"KTO024981";"Victoria Olt Gallery OÜ";"16315214";"01.11.2024";"Tähtajatu";"Jah";"Toitlustamine";""
"KTO025035";"Shuuter OÜ";"17103394";"01.11.2024";"Tähtajatu";"Jah";"Toitlustamine";""
"KTO025022";"Vcent Juel OÜ";"17086342";"01.11.2024";"Tähtajatu";"Jah";"Toitlustamine";""
"KTO025032";"Alamarte OÜ";"16842209";"31.10.2024";"Tähtajatu";"Jah";"Toitlustamine";""
"KTO025034";"Hardtekno OÜ";"17081646";"31.10.2024";"Tähtajatu";"Jah";"Toitlustamine";""
"KTO025031";"Leno Grupp OÜ";"16327157";"31.10.2024";"Tähtajatu";"Jah";"Toitlustamine";""
"KTO025033";"Osaühing Halinga Keskus";"10221759";"31.10.2024";"Tähtajatu";"Jah";"Toitlustamine";""
"KTO025028";"Mimosa Production OÜ";"17102456";"30.10.2024";"Tähtajatu";"Jah";"Toitlustamine";""
"KTO025030";"TOKYO TASTE OÜ";"17101231";"30.10.2024";"Tähtajatu";"Jah";"Toitlustamine";""
"KTO025029";"Käma Foods OÜ";"16850048";"30.10.2024";"Tähtajatu";"Jah";"Toitlustamine";""
"KTO025026";"Luksway OÜ";"16968732";"28.10.2024";"Tähtajatu";"Jah";"Toitlustamine";""
"KTO025027";"OÜ Maitsete Nurk";"17096990";"28.10.2024";"Tähtajatu";"Jah";"Toitlustamine";""
"KTO025025";"NAAFI Estonia OÜ";"17033624";"25.10.2024";"Tähtajatu";"Jah";"Toitlustamine";""
"KTO025024";"Sofi Kohvikud OÜ";"17056708";"24.10.2024";"Tähtajatu";"Jah";"Toitlustamine";""
"KTO025021";"Prep Kitchen OÜ";"16234384";"23.10.2024";"Tähtajatu";"Jah";"Toitlustamine";""
"KTO025023";"osaühing Pädaste";"10020765";"23.10.2024";"Tähtajatu";"Jah";"Toitlustamine";""
"KTO025020";"the doodle bar OÜ";"17069763";"22.10.2024";"Tähtajatu";"Jah";"Toitlustamine";""
"KTO025019";"Easy Cook OÜ";"16519164";"21.10.2024";"Tähtajatu";"Jah";"Toitlustamine";""
"KTO024998";"Best Catering Solutions OÜ";"16884260";"21.10.2024";"Tähtajatu";"Jah";"Toitlustamine";""
"KTO025018";"OÜ BH Grupp";"17014963";"19.10.2024";"Tähtajatu";"Jah";"Toitlustamine";""
"KTO025017";"RP9 OÜ";"16878354";"18.10.2024";"Tähtajatu";"Jah";"Toitlustamine";""
"KTO025016";"Meistrimäe Kohvik OÜ";"17042416";"17.10.2024";"Tähtajatu";"Jah";"Toitlustamine";""
"KTO025015";"MereBar OÜ";"16695406";"16.10.2024";"Tähtajatu";"Jah";"Toitlustamine";""
"KTO025013";"Kuninga Catering OÜ";"17058073";"15.10.2024";"Tähtajatu";"Jah";"Toitlustamine";""
"KTO025014";"Sooääre Köök OÜ";"16971485";"15.10.2024";"Tähtajatu";"Jah";"Toitlustamine";""
"KTO025012";"Lutsu Maja OÜ";"16820308";"14.10.2024";"Tähtajatu";"Jah";"Toitlustamine";""
"KTO025010";"Korall OÜ";"12212925";"14.10.2024";"Tähtajatu";"Jah";"Toitlustamine";""
"KTO025011";"Do or Tai OÜ";"16831944";"14.10.2024";"Tähtajatu";"Jah";"Toitlustamine";""
"KTO025009";"Köögikompanii OÜ";"16755485";"13.10.2024";"Tähtajatu";"Jah";"Toitlustamine";""
"KTO025008";"Osaühing Westham Invest";"10637709";"09.10.2024";"Tähtajatu";"Jah";"Toitlustamine";""
"KTO025006";"Hotel Group BaltInn OÜ";"17057352";"06.10.2024";"Tähtajatu";"Jah";"Toitlustamine";""
"KTO025007";"Ritzy OÜ";"17066977";"06.10.2024";"Tähtajatu";"Jah";"Toitlustamine";""
"KTO025005";"DeepNorth OÜ";"16430889";"05.10.2024";"Tähtajatu";"Jah";"Toitlustamine";""
"KTO025003";"Vertigo Events OÜ";"17069438";"04.10.2024";"Tähtajatu";"Jah";"Toitlustamine";""
"KTO025002";"Oja Pizza OÜ";"17025375";"04.10.2024";"Tähtajatu";"Jah";"Toitlustamine";""
"KTO025001";"Osaühing Eurowell";"10993657";"02.10.2024";"Tähtajatu";"Jah";"Toitlustamine";""
"KTO025000";"NOOT Agency OÜ";"17034552";"01.10.2024";"Tähtajatu";"Jah";"Toitlustamine";""
"KTO024999";"STEFF GRILL RESTO OÜ";"17074924";"30.09.2024";"Tähtajatu";"Jah";"Toitlustamine";""
"KTO024997";"Parim Baar OÜ";"17070447";"29.09.2024";"Tähtajatu";"Jah";"Toitlustamine";""
"KTO024995";"Milemishe OÜ";"16987209";"25.09.2024";"Tähtajatu";"Jah";"Toitlustamine";""
"KTO024996";"OÜ Nuga ja Kahvel";"16882309";"25.09.2024";"Tähtajatu";"Jah";"Toitlustamine";""
"KTO024994";"OÜ Väike Petersell";"16991487";"24.09.2024";"Tähtajatu";"Jah";"Toitlustamine";""
"KTO024992";"OPINT OÜ";"14313441";"23.09.2024";"Tähtajatu";"Jah";"Toitlustamine";""
"KTO024993";"Otaku Köök OÜ";"16884811";"23.09.2024";"Tähtajatu";"Jah";"Toitlustamine";""
"KTO024991";"Frestland Holding OÜ";"16904241";"23.09.2024";"Tähtajatu";"Jah";"Toitlustamine";""
"KTO024990";"SSP MTÜ";"80643159";"22.09.2024";"Tähtajatu";"Jah";"Toitlustamine";""
"KTO024989";"StarStage OÜ";"17071139";"19.09.2024";"Tähtajatu";"Jah";"Toitlustamine";""
"KTO024988";"OÜ ARTENEX";"11034551";"18.09.2024";"Tähtajatu";"Jah";"Toitlustamine";""
"KTO024987";"Restoran Como OÜ";"16712205";"17.09.2024";"Tähtajatu";"Jah";"Toitlustamine";""
"KTO024986";"Brew Corner OÜ";"16756214";"14.09.2024";"Tähtajatu";"Jah";"Toitlustamine";""
"KTO024985";"OÜ Feum";"12412848";"13.09.2024";"Tähtajatu";"Jah";"Toitlustamine";""
"KTO024984";"Muliti Morompika OÜ";"17022495";"12.09.2024";"Tähtajatu";"Jah";"Toitlustamine";""
"KTO024980";"Dream deal OÜ";"16023210";"10.09.2024";"Tähtajatu";"Jah";"Toitlustamine";""
"KTO024982";"VÄIKELINNA OÜ";"16627681";"10.09.2024";"Tähtajatu";"Jah";"Toitlustamine";""
"KTO024979";"kurvad uudised records osaühing";"16685342";"09.09.2024";"Tähtajatu";"Jah";"Toitlustamine";""
"KTO024978";"BarShop Barberina OÜ";"16982548";"06.09.2024";"Tähtajatu";"Jah";"Toitlustamine";""
"KTO024976";"Mare Blu OÜ";"16912789";"04.09.2024";"Tähtajatu";"Jah";"Toitlustamine";""
"KTO024975";"osaühing KELLIÄRI";"10213292";"04.09.2024";"Tähtajatu";"Jah";"Toitlustamine";""
"KTO024974";"Reinu Deli Osaühing";"16970781";"01.09.2024";"Tähtajatu";"Jah";"Toitlustamine";""
"KTO024966";"Neko Delivery OÜ";"17052366";"01.09.2024";"Tähtajatu";"Jah";"Toitlustamine";""
"KTO024972";"OÜ KuriKoer";"16933627";"29.08.2024";"Tähtajatu";"Jah";"Toitlustamine";""
"KTO024973";"GA FOODS OÜ";"16827658";"29.08.2024";"Tähtajatu";"Jah";"Toitlustamine";""
"KTO024970";"FE LOGISTIGS OÜ";"16477075";"28.08.2024";"Tähtajatu";"Jah";"Toitlustamine";""
"KTO024969";"Kloostri Restoranid OÜ";"17043964";"28.08.2024";"Tähtajatu";"Jah";"Toitlustamine";""
"KTO024968";"Halinga Kohvik OÜ";"17030991";"27.08.2024";"Tähtajatu";"Jah";"Toitlustamine";""
"KTO024967";"Namaste India Invest OÜ";"17026104";"23.08.2024";"Tähtajatu";"Jah";"Toitlustamine";""
"KTO024965";"WengerHouse OÜ";"16276342";"21.08.2024";"Tähtajatu";"Jah";"Toitlustamine";""
"KTO024964";"Valge Ristik OÜ";"17045596";"21.08.2024";"Tähtajatu";"Jah";"Toitlustamine";""
"KTO024963";"Maasikad Tordil OÜ";"16955238";"20.08.2024";"Tähtajatu";"Jah";"Toitlustamine";""
"KTO024962";"Köögipesa OÜ";"17003600";"19.08.2024";"Tähtajatu";"Jah";"Toitlustamine";""
"KTO024961";"Vesta Bistroo OÜ";"16994149";"18.08.2024";"Tähtajatu";"Jah";"Toitlustamine";""
"KTO024959";"Proexpress OÜ";"14419398";"17.08.2024";"Tähtajatu";"Jah";"Toitlustamine";""
"KTO024960";"Naichai OÜ";"16827724";"17.08.2024";"Tähtajatu";"Jah";"Toitlustamine";""
"KTO024958";"Gambelgimbi Gidamendamb OÜ";"16994103";"15.08.2024";"Tähtajatu";"Jah";"Toitlustamine";""
"KTO024948";"Airon Foods OÜ";"14438131";"14.08.2024";"Tähtajatu";"Jah";"Toitlustamine";""
"KTO024957";"Malusa Food&Wine OÜ";"16921771";"14.08.2024";"Tähtajatu";"Jah";"Toitlustamine";""
"KTO024956";"OÜ Asjatundja";"14953672";"13.08.2024";"Tähtajatu";"Jah";"Toitlustamine";""
"KTO024955";"Anu Aljaste";"16949605";"13.08.2024";"Tähtajatu";"Jah";"Toitlustamine";""
"KTO024954";"MiniWeekend OÜ";"16011253";"10.08.2024";"Tähtajatu";"Jah";"Toitlustamine";""
"KTO024953";"Käesalu kunstikeskus OÜ";"16412800";"08.08.2024";"Tähtajatu";"Jah";"Toitlustamine";""
"KTO024950";"Koogigram OÜ";"16368305";"06.08.2024";"Tähtajatu";"Jah";"Toitlustamine";""
"KTO024951";"OÜ Suhkruingel kondiiter";"16814704";"06.08.2024";"Tähtajatu";"Jah";"Toitlustamine";""
"KTO024952";"Tyche OÜ";"17029396";"06.08.2024";"Tähtajatu";"Jah";"Toitlustamine";""
"KTO024947";"Postimaja Lokaal OÜ";"17039012";"01.08.2024";"Tähtajatu";"Jah";"Toitlustamine";""
"KTO024946";"Tai Stop Food OÜ";"17019564";"31.07.2024";"Tähtajatu";"Jah";"Toitlustamine";""
"KTO024945";"PÕLDMA KAUBANDUSE AKTSIASELTS";"10103586";"31.07.2024";"Tähtajatu";"Jah";"Toitlustamine";""
"KTO024943";"OÜ Kaubandus Gal";"11148987";"30.07.2024";"Tähtajatu";"Jah";"Toitlustamine";""
"KTO024942";"Driverunner OÜ";"16139496";"30.07.2024";"Tähtajatu";"Jah";"Toitlustamine";""
"KTO024940";"Veiniriiul OÜ";"16883332";"29.07.2024";"Tähtajatu";"Jah";"Toitlustamine";""
"KTO024941";"Domspiro OÜ";"14155775";"29.07.2024";"Tähtajatu";"Jah";"Toitlustamine";""
"KTO024939";"Agrosol Grupp OÜ";"12036865";"29.07.2024";"Tähtajatu";"Jah";"Toitlustamine";""
"KTO024938";"Doracolorade Cabezanta OÜ";"16962652";"28.07.2024";"Tähtajatu";"Jah";"Toitlustamine";""
"KTO024937";"Kersti Katab Catering OÜ";"17036002";"26.07.2024";"Tähtajatu";"Jah";"Toitlustamine";""
"KTO024936";"hääpuu OÜ";"16745245";"25.07.2024";"Tähtajatu";"Jah";"Toitlustamine";""
"KTO024932";"Freinholdi Maja OÜ";"16107332";"24.07.2024";"Tähtajatu";"Jah";"Toitlustamine";""
"KTO024933";"Verevi Kohvik OÜ";"16977091";"24.07.2024";"Tähtajatu";"Jah";"Toitlustamine";""
"KTO024914";"Neko Resto OÜ";"17019883";"24.07.2024";"Tähtajatu";"Jah";"Toitlustamine";""
"KTO024935";"Augustibluus OÜ";"16618386";"24.07.2024";"Tähtajatu";"Jah";"Toitlustamine";""
"KTO024934";"MTÜ Fortissimo";"80349981";"24.07.2024";"Tähtajatu";"Jah";"Toitlustamine";""
"KTO024931";"MMF Haldus OÜ";"16931522";"23.07.2024";"Tähtajatu";"Jah";"Toitlustamine";""
"KTO024929";"Mittetulundusühing Kaberneeme Klubi";"80149006";"22.07.2024";"Tähtajatu";"Jah";"Toitlustamine";""
"KTO024928";"OÜ La Casa Nostra";"10433792";"19.07.2024";"Tähtajatu";"Jah";"Toitlustamine";""
"KTO024927";"OÜ Crissimo";"16186596";"18.07.2024";"Tähtajatu";"Jah";"Toitlustamine";""
"KTO024924";"Osaühing EXTEBAR";"16133944";"17.07.2024";"Tähtajatu";"Jah";"Toitlustamine";""
"KTO024923";"OÜ Mikker";"17006998";"17.07.2024";"Tähtajatu";"Jah";"Toitlustamine";""
"KTO024925";"Kaubitrans OÜ";"16626902";"17.07.2024";"Tähtajatu";"Jah";"Toitlustamine";""
"KTO024922";"Võiste Sadama OÜ";"11132650";"16.07.2024";"Tähtajatu";"Jah";"Toitlustamine";""
"KTO024921";"Punta OÜ";"14986217";"13.07.2024";"Tähtajatu";"Jah";"Toitlustamine";""
"KTO024920";"Damelin OÜ";"17027003";"11.07.2024";"Tähtajatu";"Jah";"Toitlustamine";""
"KTO024918";"EstCatering OÜ";"16632340";"11.07.2024";"Tähtajatu";"Jah";"Toitlustamine";""
"KTO024919";"Rozy OÜ";"14056398";"11.07.2024";"Tähtajatu";"Jah";"Toitlustamine";""
"KTO024916";"RMA09 Holding OÜ";"17021437";"10.07.2024";"Tähtajatu";"Jah";"Toitlustamine";""
"KTO024913";"POJU OÜ";"17023465";"09.07.2024";"Tähtajatu";"Jah";"Toitlustamine";""
"KTO024911";"Liisi Sambas";"16998650";"08.07.2024";"Tähtajatu";"Jah";"Toitlustamine";""
"KTO024912";"SKYLINE HALDUS OÜ";"16774270";"08.07.2024";"Tähtajatu";"Jah";"Toitlustamine";""
"KTO024909";"Mikapada OÜ";"14185546";"05.07.2024";"Tähtajatu";"Jah";"Toitlustamine";""
"KTO024910";"Kolm Sõpra OÜ";"16975376";"05.07.2024";"Tähtajatu";"Jah";"Toitlustamine";""
"KTO024905";"Kaks üks kaks OÜ";"16419511";"03.07.2024";"Tähtajatu";"Jah";"Toitlustamine";""
"KTO024908";"Kreiter Group OÜ";"16822721";"03.07.2024";"Tähtajatu";"Jah";"Toitlustamine";""
"KTO024906";"BZD OÜ";"16240019";"03.07.2024";"Tähtajatu";"Jah";"Toitlustamine";""
"KTO024907";"Veepark OÜ";"14698292";"03.07.2024";"Tähtajatu";"Jah";"Toitlustamine";""
"KTO024904";"La Fermata OÜ";"16981276";"01.07.2024";"Tähtajatu";"Jah";"Toitlustamine";""
"KTO024902";"ViksPix OÜ";"16905051";"30.06.2024";"Tähtajatu";"Jah";"Toitlustamine";""
"KTO024901";"Mittetulundusühing Räimeühing";"80318905";"29.06.2024";"Tähtajatu";"Jah";"Toitlustamine";""
"KTO024899";"Osaühing Olindia";"10763928";"28.06.2024";"Tähtajatu";"Jah";"Toitlustamine";""
"KTO024900";"Hendrixon OÜ";"16526554";"28.06.2024";"Tähtajatu";"Jah";"Toitlustamine";""
"KTO024898";"KookBistroo OÜ";"17000300";"28.06.2024";"Tähtajatu";"Jah";"Toitlustamine";""
"KTO024897";"Mittetulundusühing Meie Värati";"80587806";"27.06.2024";"Tähtajatu";"Jah";"Toitlustamine";""
"KTO024896";"OÜ Jantur";"14923694";"26.06.2024";"Tähtajatu";"Jah";"Toitlustamine";""
"KTO024895";"Renaili OÜ";"16995841";"26.06.2024";"Tähtajatu";"Jah";"Toitlustamine";""
"KTO024894";"OÜ LILJE";"11460940";"25.06.2024";"Tähtajatu";"Jah";"Toitlustamine";""
"KTO024893";"OÜ Kuuvarjutus";"12841153";"25.06.2024";"Tähtajatu";"Jah";"Toitlustamine";""
"KTO024890";"Kristinstore OÜ";"14007253";"24.06.2024";"Tähtajatu";"Jah";"Toitlustamine";""
"KTO024891";"Alsedema OÜ";"16266786";"24.06.2024";"Tähtajatu";"Jah";"Toitlustamine";""
"KTO024892";"OÜ EUROFORTRESS";"11444160";"24.06.2024";"Tähtajatu";"Jah";"Toitlustamine";""
"KTO024889";"MTÜ AN12";"80628729";"23.06.2024";"Tähtajatu";"Jah";"Toitlustamine";""
"KTO024888";"ALKA Consult OÜ";"14323149";"21.06.2024";"Tähtajatu";"Jah";"Toitlustamine";""
"KTO024886";"Osaühing Horndal";"11408448";"20.06.2024";"Tähtajatu";"Jah";"Toitlustamine";""
"KTO024887";"OÜ MAHLAVESKI";"16912306";"20.06.2024";"Tähtajatu";"Jah";"Toitlustamine";""
"KTO024818";"Perona Surf OÜ";"16676099";"19.06.2024";"Tähtajatu";"Jah";"Toitlustamine";""
"KTO024885";"Krikus OÜ";"12990025";"18.06.2024";"Tähtajatu";"Jah";"Toitlustamine";""
"KTO024884";"RANNAKARU OÜ";"17009073";"17.06.2024";"Tähtajatu";"Jah";"Toitlustamine";""
"KTO024882";"J-WORKS OÜ";"14956630";"17.06.2024";"Tähtajatu";"Jah";"Toitlustamine";""
"KTO024883";"Osaühing Urban Sport";"11443775";"17.06.2024";"Tähtajatu";"Jah";"Toitlustamine";""
"KTO024879";"I Land Sound Festival OÜ";"16740199";"14.06.2024";"Tähtajatu";"Jah";"Toitlustamine";""
"KTO024881";"Osaühing GLANZ & GLAMUUR";"11119247";"14.06.2024";"Tähtajatu";"Jah";"Toitlustamine";""
"KTO024880";"Siniallikas OÜ";"16917195";"14.06.2024";"Tähtajatu";"Jah";"Toitlustamine";""
"KTO024878";"SHAURMA Haapsalu OÜ";"16929502";"13.06.2024";"Tähtajatu";"Jah";"Toitlustamine";""
"KTO024876";"OÜ VIIS PÄEVA";"16650119";"12.06.2024";"Tähtajatu";"Jah";"Toitlustamine";""
"KTO024877";"OÜ Tulbid ja Jalgratas";"14410279";"12.06.2024";"Tähtajatu";"Jah";"Toitlustamine";""
"KTO024875";"Moretanlab OÜ";"14718405";"11.06.2024";"Tähtajatu";"Jah";"Toitlustamine";""
"KTO024874";"Viis Viimast Events OÜ";"16994126";"11.06.2024";"Tähtajatu";"Jah";"Toitlustamine";""
"KTO024872";"KOHVIK MOKA OÜ";"14020845";"10.06.2024";"Tähtajatu";"Jah";"Toitlustamine";""
"KTO024870";"PRFO Solutions OÜ";"16733101";"09.06.2024";"Tähtajatu";"Jah";"Toitlustamine";""
"KTO024869";"OÜ VAHVA VAHVEL";"14036875";"08.06.2024";"Tähtajatu";"Jah";"Toitlustamine";""
"KTO024864";"Suurkivi Mahetalu OÜ";"14241606";"06.06.2024";"Tähtajatu";"Jah";"Toitlustamine";""
"KTO024863";"LePe OÜ";"12779454";"06.06.2024";"Tähtajatu";"Jah";"Toitlustamine";""
"KTO024866";"POINT Productions OÜ";"11570031";"06.06.2024";"Tähtajatu";"Jah";"Toitlustamine";""
"KTO024865";"osaühing MAAGIR";"10395577";"06.06.2024";"Tähtajatu";"Jah";"Toitlustamine";""
"KTO024862";"Obvia OÜ";"16250839";"06.06.2024";"Tähtajatu";"Jah";"Toitlustamine";""
"KTO024858";"Krassi Design OÜ";"14279626";"05.06.2024";"Tähtajatu";"Jah";"Toitlustamine";""
"KTO024859";"elresto OÜ";"16866210";"05.06.2024";"Tähtajatu";"Jah";"Toitlustamine";""
"KTO024860";"Avatud Baar OÜ";"16909853";"05.06.2024";"Tähtajatu";"Jah";"Toitlustamine";""
"KTO024861";"HLN Projekt OÜ";"16692336";"05.06.2024";"Tähtajatu";"Jah";"Toitlustamine";""
"KTO024857";"OÜ Koeru Aed";"16975399";"05.06.2024";"Tähtajatu";"Jah";"Toitlustamine";""
"KTO024855";"PUHJA KOHVIK OÜ";"16942017";"04.06.2024";"Tähtajatu";"Jah";"Toitlustamine";""
"KTO024856";"LOUNGE BAR OÜ";"16989898";"04.06.2024";"Tähtajatu";"Jah";"Toitlustamine";""
"KTO024854";"Saku Pagar OÜ";"16674456";"03.06.2024";"Tähtajatu";"Jah";"Toitlustamine";""
"KTO024853";"EL MANTE OÜ";"12432822";"01.06.2024";"Tähtajatu";"Jah";"Toitlustamine";""
"KTO024851";"Lumiste Aiand OÜ";"16289669";"31.05.2024";"Tähtajatu";"Jah";"Toitlustamine";""
"KTO024850";"Mittetulundusühing Mõnnaste Meierei";"80606662";"31.05.2024";"Tähtajatu";"Jah";"Toitlustamine";""
"KTO024852";"IK Solutions OÜ";"16221341";"31.05.2024";"Tähtajatu";"Jah";"Toitlustamine";""
"KTO024849";"OÜ ALEKSEF";"16825932";"30.05.2024";"Tähtajatu";"Jah";"Toitlustamine";""
"KTO024847";"JK Jewel OÜ";"16940350";"30.05.2024";"Tähtajatu";"Jah";"Toitlustamine";""
"KTO024845";"Rõõmupuhvet OÜ";"16975471";"29.05.2024";"Tähtajatu";"Jah";"Toitlustamine";""
"KTO024842";"Matsiaru OÜ";"16753173";"28.05.2024";"Tähtajatu";"Jah";"Toitlustamine";""
"KTO024843";"Laaneserva OÜ";"14092922";"28.05.2024";"Tähtajatu";"Jah";"Toitlustamine";""
"KTO024844";"Metsküla OÜ";"12510157";"28.05.2024";"Tähtajatu";"Jah";"Toitlustamine";""
"KTO024840";"Hiiumaa Ibiza OÜ";"16988213";"28.05.2024";"Tähtajatu";"Jah";"Toitlustamine";""
"KTO024841";"MELINDA OÜ";"16926490";"28.05.2024";"Tähtajatu";"Jah";"Toitlustamine";""
"KTO024838";"Benet&Drink OÜ";"16989390";"27.05.2024";"Tähtajatu";"Jah";"Toitlustamine";""
"KTO024837";"Koogihaldjas OÜ";"12287165";"27.05.2024";"Tähtajatu";"Jah";"Toitlustamine";""
"KTO024836";"OÜ Rentaablit";"16217322";"26.05.2024";"Tähtajatu";"Jah";"Toitlustamine";""
"KTO024835";"PastaHeaven OÜ";"16579539";"26.05.2024";"Tähtajatu";"Jah";"Toitlustamine";""
"KTO024833";"OÜ KP TIPSTER";"11399778";"24.05.2024";"Tähtajatu";"Jah";"Toitlustamine";""
"KTO024832";"KUURI Kohvik OÜ";"16971680";"24.05.2024";"Tähtajatu";"Jah";"Toitlustamine";""
"KTO024830";"Porkuni Viinavabrik OÜ";"16859664";"23.05.2024";"Tähtajatu";"Jah";"Toitlustamine";""
"KTO024831";"Rõõmumaster OÜ";"16858831";"23.05.2024";"Tähtajatu";"Jah";"Toitlustamine";""
"KTO024828";"osaühing Enera";"10810378";"23.05.2024";"Tähtajatu";"Jah";"Toitlustamine";""
"KTO024825";"Osaühing Nurmberg Ehitus";"11186404";"22.05.2024";"Tähtajatu";"Jah";"Toitlustamine";""
"KTO024824";"Kelt Adventure OÜ";"16914920";"22.05.2024";"Tähtajatu";"Jah";"Toitlustamine";""
"KTO024827";"MerilainCapital OÜ";"16489138";"22.05.2024";"Tähtajatu";"Jah";"Toitlustamine";""
"KTO024823";"TOJ SUSHI OÜ";"16156649";"21.05.2024";"Tähtajatu";"Jah";"Toitlustamine";""
"KTO024820";"OÜ Tehnokunn";"12672070";"21.05.2024";"Tähtajatu";"Jah";"Toitlustamine";""
"KTO024822";"Kardemon Coffee OÜ";"16982363";"21.05.2024";"Tähtajatu";"Jah";"Toitlustamine";""
"KTO024819";"Gastronaut Group OÜ";"14519757";"20.05.2024";"Tähtajatu";"Jah";"Toitlustamine";""
"KTO024817";"Asertek OÜ";"16883711";"19.05.2024";"Tähtajatu";"Jah";"Toitlustamine";""
"KTO024816";"Morber OÜ";"14233742";"19.05.2024";"Tähtajatu";"Jah";"Toitlustamine";""
"KTO024813";"Kalana Properties OÜ";"16079825";"17.05.2024";"Tähtajatu";"Jah";"Toitlustamine";""
"KTO024814";"Supranee OÜ";"16588410";"17.05.2024";"Tähtajatu";"Jah";"Toitlustamine";""
"KTO024815";"Jannsenipizza OÜ";"16953512";"17.05.2024";"Tähtajatu";"Jah";"Toitlustamine";""
"KTO024810";"- Mazeduzzaman";"16592215";"16.05.2024";"Tähtajatu";"Jah";"Toitlustamine";""
"KTO024812";"Tiridates Grupp OÜ";"16321628";"16.05.2024";"Tähtajatu";"Jah";"Toitlustamine";""
"KTO024811";"Epic Brands OÜ";"12823008";"16.05.2024";"Tähtajatu";"Jah";"Toitlustamine";""
"KTO024808";"Telliskivi Dogs OÜ";"16734556";"15.05.2024";"Tähtajatu";"Jah";"Toitlustamine";""
"KTO024807";"Hapsal Wein OÜ";"16275029";"14.05.2024";"Tähtajatu";"Jah";"Toitlustamine";""
"KTO024806";"AIME kartul OÜ";"16799703";"14.05.2024";"Tähtajatu";"Jah";"Toitlustamine";""
"KTO024805";"Bill the Butcher OÜ";"16202102";"13.05.2024";"Tähtajatu";"Jah";"Toitlustamine";""
"KTO024740";"EvelynEs Teenused OÜ";"14758156";"13.05.2024";"Tähtajatu";"Jah";"Toitlustamine";""
"KTO024804";"Saborlatin OÜ";"16905111";"11.05.2024";"Tähtajatu";"Jah";"Toitlustamine";""
"KTO024803";"OÜ Kadi Kausid";"16902288";"10.05.2024";"Tähtajatu";"Jah";"Toitlustamine";""
"KTO024801";"Habib Food OÜ";"16924373";"10.05.2024";"Tähtajatu";"Jah";"Toitlustamine";""
"KTO024802";"Liiva Puhkemaja OÜ";"16551239";"10.05.2024";"Tähtajatu";"Jah";"Toitlustamine";""
"KTO024799";"KÄMP OÜ";"16974543";"08.05.2024";"Tähtajatu";"Jah";"Toitlustamine";""
"KTO024798";"Peohaldus OÜ";"16967336";"08.05.2024";"Tähtajatu";"Jah";"Toitlustamine";""
"KTO024800";"STEFF GRILL OÜ";"16232385";"08.05.2024";"Tähtajatu";"Jah";"Toitlustamine";""
"KTO024797";"Karukohvik OÜ";"16942230";"07.05.2024";"Tähtajatu";"Jah";"Toitlustamine";""
"KTO024795";"Fitzpatrickgallery OÜ";"14564901";"06.05.2024";"Tähtajatu";"Jah";"Toitlustamine";""
"KTO024769";"Rebaseonu.ee OÜ";"11209625";"06.05.2024";"Tähtajatu";"Jah";"Toitlustamine";""
"KTO024794";"Taso Tuul OÜ";"16579674";"03.05.2024";"Tähtajatu";"Jah";"Toitlustamine";""
"KTO024792";"OÜ Alioli";"14387161";"02.05.2024";"Tähtajatu";"Jah";"Toitlustamine";""
"KTO024793";"OÜ PopTheDog";"16738222";"02.05.2024";"Tähtajatu";"Jah";"Toitlustamine";""
"KTO024791";"Pidu ja Pillerkaar OÜ";"16722876";"02.05.2024";"Tähtajatu";"Jah";"Toitlustamine";""
"KTO024758";"OÜ Karusmarja Catering";"16855956";"02.05.2024";"Tähtajatu";"Jah";"Toitlustamine";""
"KTO024789";"Oraveski OÜ";"16784819";"30.04.2024";"Tähtajatu";"Jah";"Toitlustamine";""
"KTO024790";"JU&JE FOOD OÜ";"16807816";"30.04.2024";"Tähtajatu";"Jah";"Toitlustamine";""
"KTO024788";"KURGO RESTORAN OÜ";"16941093";"29.04.2024";"Tähtajatu";"Jah";"Toitlustamine";""
"KTO024786";"Nightberry OÜ";"16939788";"29.04.2024";"Tähtajatu";"Jah";"Toitlustamine";""
"KTO024787";"OÜ OctoberFirst";"10145389";"29.04.2024";"Tähtajatu";"Jah";"Toitlustamine";""
"KTO024785";"DSMarket OÜ";"14357177";"29.04.2024";"Tähtajatu";"Jah";"Toitlustamine";""
"KTO024784";"OÜ Puuenergia";"14123338";"29.04.2024";"Tähtajatu";"Jah";"Toitlustamine";""
"KTO024783";"Villa Lavendel OÜ";"14257961";"29.04.2024";"Tähtajatu";"Jah";"Toitlustamine";""
"KTO024782";"OÜ EuroClass";"10978451";"26.04.2024";"Tähtajatu";"Jah";"Toitlustamine";""
"KTO024781";"PILV BUGATTI OÜ";"16940644";"26.04.2024";"Tähtajatu";"Jah";"Toitlustamine";""
"KTO024780";"RestoWose OÜ";"16973124";"25.04.2024";"Tähtajatu";"Jah";"Toitlustamine";""
"KTO024778";"Medusa Holding OÜ";"16969542";"25.04.2024";"Tähtajatu";"Jah";"Toitlustamine";""
"KTO024779";"Ostberg OÜ";"14960287";"25.04.2024";"Tähtajatu";"Jah";"Toitlustamine";""
"KTO024777";"Studio Vesi OÜ";"16272019";"24.04.2024";"Tähtajatu";"Jah";"Toitlustamine";""
"KTO024776";"Heralds OÜ";"16300052";"24.04.2024";"Tähtajatu";"Jah";"Toitlustamine";""
"KTO024774";"BLD Group OÜ";"16931479";"23.04.2024";"Tähtajatu";"Jah";"Toitlustamine";""
"KTO024772";"Hansahoov OÜ";"14964256";"23.04.2024";"Tähtajatu";"Jah";"Toitlustamine";""
"KTO024775";"Vormsi Logistics osaühing";"11490881";"23.04.2024";"Tähtajatu";"Jah";"Toitlustamine";""
"KTO024773";"TRIFIT OÜ";"14846597";"23.04.2024";"Tähtajatu";"Jah";"Toitlustamine";""
"KTO024771";"BirdPerson OÜ";"16881155";"22.04.2024";"Tähtajatu";"Jah";"Toitlustamine";""
"KTO024770";"osaühing Trajali";"11062748";"22.04.2024";"Tähtajatu";"Jah";"Toitlustamine";""
"KTO024768";"Pudelikael OÜ";"16857990";"19.04.2024";"Tähtajatu";"Jah";"Toitlustamine";""
"KTO024766";"U - Capital OÜ";"16380967";"18.04.2024";"Tähtajatu";"Jah";"Toitlustamine";""
"KTO024767";"Laitse Loss OÜ";"16907191";"18.04.2024";"Tähtajatu";"Jah";"Toitlustamine";""
"KTO024765";"TH Kork OÜ";"16859902";"17.04.2024";"Tähtajatu";"Jah";"Toitlustamine";""
"KTO024764";"Elite Events OÜ";"16964332";"16.04.2024";"Tähtajatu";"Jah";"Toitlustamine";""
"KTO024763";"Suverannapeod OÜ";"16470802";"16.04.2024";"Tähtajatu";"Jah";"Toitlustamine";""
"KTO024761";"Oven cafe OÜ";"16936956";"16.04.2024";"Tähtajatu";"Jah";"Toitlustamine";""
"KTO024762";"OÜ Umile";"14800900";"16.04.2024";"Tähtajatu";"Jah";"Toitlustamine";""
"KTO024760";"MNS81 Holding OÜ";"16943778";"15.04.2024";"Tähtajatu";"Jah";"Toitlustamine";""
"KTO024759";"Bali Cafe OÜ";"16800530";"14.04.2024";"Tähtajatu";"Jah";"Toitlustamine";""
"KTO024755";"OÜ MAXLEO";"16829611";"12.04.2024";"Tähtajatu";"Jah";"Toitlustamine";""
"KTO024715";"Boteco OÜ";"16924380";"12.04.2024";"Tähtajatu";"Jah";"Toitlustamine";""
"KTO024756";"Bandiidid OÜ";"16951453";"12.04.2024";"Tähtajatu";"Jah";"Toitlustamine";""
"KTO024754";"TIRIDATES OÜ";"10360691";"12.04.2024";"Tähtajatu";"Jah";"Toitlustamine";""
"KTO024753";"OÜ Artbeat";"12211893";"11.04.2024";"Tähtajatu";"Jah";"Toitlustamine";""
"KTO024752";"OÜ Valgeke";"16723485";"11.04.2024";"Tähtajatu";"Jah";"Toitlustamine";""
"KTO024750";"HERETO OÜ";"16961629";"10.04.2024";"Tähtajatu";"Jah";"Toitlustamine";""
"KTO024749";"Rühne OÜ";"16937453";"10.04.2024";"Tähtajatu";"Jah";"Toitlustamine";""
"KTO024751";"Voronova Group OÜ";"16902213";"10.04.2024";"Tähtajatu";"Jah";"Toitlustamine";""
"KTO024748";"Ninase Puhkeküla OÜ";"16341654";"09.04.2024";"Tähtajatu";"Jah";"Toitlustamine";""
"KTO024747";"Carlo?s Kitchen OÜ";"16591807";"09.04.2024";"Tähtajatu";"Jah";"Toitlustamine";""
"KTO024746";"JSR OÜ";"16389342";"09.04.2024";"Tähtajatu";"Jah";"Toitlustamine";""
"KTO024742";"Pinsere OÜ";"16925177";"08.04.2024";"Tähtajatu";"Jah";"Toitlustamine";""
"KTO024745";"Koogikohvik OÜ";"16889429";"08.04.2024";"Tähtajatu";"Jah";"Toitlustamine";""
"KTO024743";"Hamps veermikul OÜ";"16956479";"08.04.2024";"Tähtajatu";"Jah";"Toitlustamine";""
"KTO024741";"Roger Group OÜ";"16434031";"06.04.2024";"Tähtajatu";"Jah";"Toitlustamine";""
"KTO024724";"Brewhouse OÜ";"16911761";"05.04.2024";"Tähtajatu";"Jah";"Toitlustamine";""
"KTO024738";"OÜ Cocktail Catering";"11371194";"04.04.2024";"Tähtajatu";"Jah";"Toitlustamine";""
"KTO024737";"Ainfood OÜ";"16934762";"04.04.2024";"Tähtajatu";"Jah";"Toitlustamine";""
"KTO024739";"TLK Projekt OÜ";"16342599";"04.04.2024";"Tähtajatu";"Jah";"Toitlustamine";""
"KTO024736";"mittetulundusühing Carma Motoklubi";"80262323";"03.04.2024";"Tähtajatu";"Jah";"Toitlustamine";""
"KTO024734";"Passionmama OÜ";"16951393";"03.04.2024";"Tähtajatu";"Jah";"Toitlustamine";""
"KTO024735";"Purje tee koduköök OÜ";"16784624";"03.04.2024";"Tähtajatu";"Jah";"Toitlustamine";""
"KTO024733";"eL`DINO OÜ";"16928164";"02.04.2024";"Tähtajatu";"Jah";"Toitlustamine";""
"KTO024732";"Uue-Kuraga OÜ";"16934271";"02.04.2024";"Tähtajatu";"Jah";"Toitlustamine";""
"KTO024730";"EFETO OÜ";"14184334";"29.03.2024";"Tähtajatu";"Jah";"Toitlustamine";""
"KTO024731";"Livekindly OÜ";"16490213";"29.03.2024";"Tähtajatu";"Jah";"Toitlustamine";""
"KTO024729";"Vaishnaviinvest OÜ";"16886052";"29.03.2024";"Tähtajatu";"Jah";"Toitlustamine";""
"KTO024728";"Carmenere OÜ";"16265462";"28.03.2024";"Tähtajatu";"Jah";"Toitlustamine";""
"KTO024725";"Saxby Point OÜ";"16925473";"27.03.2024";"Tähtajatu";"Jah";"Toitlustamine";""
"KTO024726";"Esox OÜ";"12829293";"27.03.2024";"Tähtajatu";"Jah";"Toitlustamine";""
"KTO024723";"WingStoppGo OÜ";"16284778";"27.03.2024";"Tähtajatu";"Jah";"Toitlustamine";""
"KTO024722";"OÜ Kodubaar";"14734846";"26.03.2024";"Tähtajatu";"Jah";"Toitlustamine";""
"KTO024720";"Jaik OÜ";"14388806";"25.03.2024";"Tähtajatu";"Jah";"Toitlustamine";""
"KTO024721";"Intergrill OÜ";"16942945";"25.03.2024";"Tähtajatu";"Jah";"Toitlustamine";""
"KTO024718";"City Bike OÜ";"10948823";"22.03.2024";"Tähtajatu";"Jah";"Toitlustamine";""
"KTO024719";"PostMan Trade OÜ";"16271155";"22.03.2024";"Tähtajatu";"Jah";"Toitlustamine";""
"KTO024717";"Katusekohvik OÜ";"16217204";"20.03.2024";"Tähtajatu";"Jah";"Toitlustamine";""
"KTO024716";"SMT Haldus OÜ";"16689222";"20.03.2024";"Tähtajatu";"Jah";"Toitlustamine";""
"KTO024714";"Applehoff OÜ";"16925409";"18.03.2024";"Tähtajatu";"Jah";"Toitlustamine";""
"KTO024712";"OÜ Parim Pala";"16885041";"17.03.2024";"Tähtajatu";"Jah";"Toitlustamine";""
"KTO024711";"OÜ Aiving";"16849418";"15.03.2024";"Tähtajatu";"Jah";"Toitlustamine";""
"KTO024710";"Old Hapsal Hotel OÜ";"16225497";"13.03.2024";"Tähtajatu";"Jah";"Toitlustamine";""
"KTO024709";"Luise Catering OÜ";"16384439";"13.03.2024";"Tähtajatu";"Jah";"Toitlustamine";""
"KTO024707";"League of Gentlemen OÜ";"16914305";"12.03.2024";"Tähtajatu";"Jah";"Toitlustamine";""
"KTO024706";"Perkä OÜ";"16744783";"12.03.2024";"Tähtajatu";"Jah";"Toitlustamine";""
"KTO024708";"Rataskaevu Hospitality OÜ";"16287802";"12.03.2024";"Tähtajatu";"Jah";"Toitlustamine";""
"KTO024705";"Pelm Grupp OÜ";"14496312";"11.03.2024";"Tähtajatu";"Jah";"Toitlustamine";""
"KTO024704";"OÜ Hi:oma:";"16419787";"11.03.2024";"Tähtajatu";"Jah";"Toitlustamine";""
"KTO024702";"osaühing TEHNOALA";"11322184";"10.03.2024";"Tähtajatu";"Jah";"Toitlustamine";""
"KTO024703";"Üks kass läks üle silla OÜ";"16873055";"10.03.2024";"Tähtajatu";"Jah";"Toitlustamine";""
"KTO024701";"Restovibe OÜ";"16602830";"06.03.2024";"Tähtajatu";"Jah";"Toitlustamine";""
"KTO024700";"Rocca al Mare Tennisekeskus OÜ";"12096075";"05.03.2024";"Tähtajatu";"Jah";"Toitlustamine";""
"KTO024697";"Monterexiamo Trading OÜ";"12844430";"05.03.2024";"Tähtajatu";"Jah";"Toitlustamine";""
"KTO024699";"KANGUS STUDIOS OÜ";"16410562";"05.03.2024";"Tähtajatu";"Jah";"Toitlustamine";""
"KTO024698";"Le Corti OÜ";"16659155";"05.03.2024";"Tähtajatu";"Jah";"Toitlustamine";""
"KTO024696";"FoodRoom Kompanii OÜ";"16923505";"04.03.2024";"Tähtajatu";"Jah";"Toitlustamine";""
"KTO024694";"KUKLIKODA OÜ";"16919018";"01.03.2024";"Tähtajatu";"Jah";"Toitlustamine";""
"KTO024695";"OÜ EatGood";"16858268";"01.03.2024";"Tähtajatu";"Jah";"Toitlustamine";""
"KTO024693";"Suhkrutera OÜ";"16707167";"01.03.2024";"Tähtajatu";"Jah";"Toitlustamine";""
"KTO024692";"Short Bridge Project OÜ";"16021180";"27.02.2024";"Tähtajatu";"Jah";"Toitlustamine";""
"KTO024691";"Toidukoht OÜ";"16544133";"27.02.2024";"Tähtajatu";"Jah";"Toitlustamine";""
"KTO024689";"Already OÜ";"14432986";"26.02.2024";"Tähtajatu";"Jah";"Toitlustamine";""
"KTO024690";"Veinvestor OÜ";"16859859";"26.02.2024";"Tähtajatu";"Jah";"Toitlustamine";""
"KTO024687";"Osaühing Lähte Pagar";"16439838";"24.02.2024";"Tähtajatu";"Jah";"Toitlustamine";""
"KTO024686";"Citybrand OÜ";"14245952";"22.02.2024";"Tähtajatu";"Jah";"Toitlustamine";""
"KTO024685";"Karja 3 OÜ";"16899149";"19.02.2024";"Tähtajatu";"Jah";"Toitlustamine";""
"KTO024684";"Mia Pagar OÜ";"16872142";"16.02.2024";"Tähtajatu";"Jah";"Toitlustamine";""
"KTO024683";"OÜ Satrian Aerospace";"12386714";"16.02.2024";"Tähtajatu";"Jah";"Toitlustamine";""
"KTO024681";"AZAMOM OÜ";"14541099";"14.02.2024";"Tähtajatu";"Jah";"Toitlustamine";""
"KTO024680";"Ronyx grupp OÜ";"16904086";"13.02.2024";"Tähtajatu";"Jah";"Toitlustamine";""
"KTO024679";"Tai Nuudel OÜ";"16426706";"09.02.2024";"Tähtajatu";"Jah";"Toitlustamine";""
"KTO024678";"Mõtleme Hiljem UÜ";"16916066";"08.02.2024";"Tähtajatu";"Jah";"Toitlustamine";""
"KTO024677";"Rmagination Group OÜ";"12411369";"08.02.2024";"Tähtajatu";"Jah";"Toitlustamine";""
"KTO024675";"Aktsiaselts LIVIKO";"10117341";"07.02.2024";"Tähtajatu";"Jah";"Toitlustamine";""
"KTO024674";"SIPSIP LOUNGE OÜ";"16899132";"07.02.2024";"Tähtajatu";"Jah";"Toitlustamine";""
"KTO024673";"Food Trade OÜ";"14283964";"07.02.2024";"Tähtajatu";"Jah";"Toitlustamine";""
"KTO024672";"OÜ Kobuleti";"12464897";"06.02.2024";"Tähtajatu";"Jah";"Toitlustamine";""
"KTO024671";"Pos Burger OÜ";"14330037";"05.02.2024";"Tähtajatu";"Jah";"Toitlustamine";""
"KTO024670";"Meridal Food OÜ";"16874729";"02.02.2024";"Tähtajatu";"Jah";"Toitlustamine";""
"KTO024669";"Kammu Grill OÜ";"16079794";"02.02.2024";"Tähtajatu";"Jah";"Toitlustamine";""
"KTO024668";"Altum Group OÜ";"14343985";"01.02.2024";"Tähtajatu";"Jah";"Toitlustamine";""
"KTO024644";"JukuPizza OÜ";"16890326";"01.02.2024";"Tähtajatu";"Jah";"Toitlustamine";""
"KTO024667";"Fasters Eesti OÜ";"16419882";"01.02.2024";"Tähtajatu";"Jah";"Toitlustamine";""
"KTO024666";"Nöösker OÜ";"12840544";"30.01.2024";"Tähtajatu";"Jah";"Toitlustamine";""
"KTO024665";"Elamus Invest OÜ";"14515191";"30.01.2024";"Tähtajatu";"Jah";"Toitlustamine";""
"KTO024663";"Krabi OÜ";"16901917";"30.01.2024";"Tähtajatu";"Jah";"Toitlustamine";""
"KTO024664";"MTÜ Punktuur";"80632106";"30.01.2024";"Tähtajatu";"Jah";"Toitlustamine";""
"KTO024662";"Saiapidu OÜ";"16906228";"29.01.2024";"Tähtajatu";"Jah";"Toitlustamine";""
"KTO024661";"Barbara Restoran OÜ";"16490006";"27.01.2024";"Tähtajatu";"Jah";"Toitlustamine";""
"KTO024660";"Yes Catering OÜ";"12645995";"24.01.2024";"Tähtajatu";"Jah";"Toitlustamine";""
"KTO024659";"Marmik OÜ";"12599093";"23.01.2024";"Tähtajatu";"Jah";"Toitlustamine";""
"KTO024655";"Lessner OÜ";"16886738";"22.01.2024";"Tähtajatu";"Jah";"Toitlustamine";""
"KTO024656";"Uma Restoran OÜ";"16886744";"22.01.2024";"Tähtajatu";"Jah";"Toitlustamine";""
"KTO024657";"Grill Catering OÜ";"16773253";"22.01.2024";"Tähtajatu";"Jah";"Toitlustamine";""
"KTO024654";"Brimtroimunen OÜ";"11242551";"19.01.2024";"Tähtajatu";"Jah";"Toitlustamine";""
"KTO024653";"Baltic Restaurant Services OÜ";"16332610";"19.01.2024";"Tähtajatu";"Jah";"Toitlustamine";""
"KTO024646";"Fazulianov OÜ";"16799554";"18.01.2024";"Tähtajatu";"Jah";"Toitlustamine";""
"KTO024652";"Cheese4you OÜ";"16168486";"17.01.2024";"Tähtajatu";"Jah";"Toitlustamine";""
"KTO024651";"osaühing HAVELI INVEST";"10545025";"16.01.2024";"Tähtajatu";"Jah";"Toitlustamine";""
"KTO024649";"MDS Starter OÜ";"16897363";"15.01.2024";"Tähtajatu";"Jah";"Toitlustamine";""
"KTO024648";"RTYenom OÜ";"16887732";"15.01.2024";"Tähtajatu";"Jah";"Toitlustamine";""
"KTO024647";"Garnet Grupp OÜ";"10715094";"11.01.2024";"Tähtajatu";"Jah";"Toitlustamine";""
"KTO024645";"Alteros Group OÜ";"12598681";"10.01.2024";"Tähtajatu";"Jah";"Toitlustamine";""
"KTO024643";"PiBir OÜ";"16723732";"09.01.2024";"Tähtajatu";"Jah";"Toitlustamine";""
"KTO024642";"Rattatimm OÜ";"16833593";"08.01.2024";"Tähtajatu";"Jah";"Toitlustamine";""
"KTO024641";"Sofiko OÜ";"14954074";"02.01.2024";"Tähtajatu";"Jah";"Toitlustamine";""
"KTO024640";"Chefsfood Grill OÜ";"16628798";"02.01.2024";"Tähtajatu";"Jah";"Toitlustamine";""
"KTO024639";"OÜ Merivart";"12512952";"30.12.2023";"Tähtajatu";"Jah";"Toitlustamine";""
"KTO024638";"Regulatory OÜ";"14953318";"29.12.2023";"Tähtajatu";"Jah";"Toitlustamine";""
"KTO024635";"Elamuste Universum OÜ";"16868099";"20.12.2023";"Tähtajatu";"Jah";"Toitlustamine";""
"KTO024632";"Signai OÜ";"14030803";"20.12.2023";"Tähtajatu";"Jah";"Toitlustamine";""
"KTO024633";"ehkoveito OÜ";"16720995";"20.12.2023";"Tähtajatu";"Jah";"Toitlustamine";""
"KTO024634";"Borsch & Varenyk OÜ";"16399263";"20.12.2023";"Tähtajatu";"Jah";"Toitlustamine";""
"KTO024631";"Karii OÜ";"14022181";"15.12.2023";"Tähtajatu";"Jah";"Toitlustamine";""
"KTO024630";"KHACHAPURI Georgian Cafe OÜ";"16879017";"15.12.2023";"Tähtajatu";"Jah";"Toitlustamine";""
"KTO024628";"LUXEVENTS OÜ";"14092276";"14.12.2023";"Tähtajatu";"Jah";"Toitlustamine";""
"KTO024629";"Krouwel OÜ";"16830755";"14.12.2023";"Tähtajatu";"Jah";"Toitlustamine";""
"KTO024627";"aktsiaselts LIIVIMAA PAGAR";"10301300";"13.12.2023";"Tähtajatu";"Jah";"Toitlustamine";""
"KTO024626";"Atelier Peter Petz OÜ";"12543450";"12.12.2023";"Tähtajatu";"Jah";"Toitlustamine";""
"KTO024625";"Softcupid OÜ";"16131661";"11.12.2023";"Tähtajatu";"Jah";"Toitlustamine";""
"KTO024624";"BARKMAN OÜ";"16243265";"11.12.2023";"Tähtajatu";"Jah";"Toitlustamine";""
"KTO024622";"GERTRUDENHOF OÜ";"11698587";"07.12.2023";"Tähtajatu";"Jah";"Toitlustamine";""
"KTO024623";"StayBliss OÜ";"16725165";"07.12.2023";"Tähtajatu";"Jah";"Toitlustamine";""
"KTO024621";"Lazy Bird OÜ";"16868574";"06.12.2023";"Tähtajatu";"Jah";"Toitlustamine";""
"KTO024619";"MoMull OÜ";"16630594";"01.12.2023";"Tähtajatu";"Jah";"Toitlustamine";""
"KTO024618";"Põltsamaa Kultuurikeskus";"75003068";"30.11.2023";"Tähtajatu";"Jah";"Toitlustamine";""
"KTO024617";"Marea Restoran OÜ";"16869332";"30.11.2023";"Tähtajatu";"Jah";"Toitlustamine";""
"KTO024616";"D-PizzaEE OÜ";"16662306";"28.11.2023";"Tähtajatu";"Jah";"Toitlustamine";""
"KTO024615";"Piibubaar OÜ";"16722758";"27.11.2023";"Tähtajatu";"Jah";"Toitlustamine";""
"KTO024614";"Georg Grupp OÜ";"14558007";"27.11.2023";"Tähtajatu";"Jah";"Toitlustamine";""
"KTO024613";"Merle Lomp";"16855212";"26.11.2023";"Tähtajatu";"Jah";"Toitlustamine";""
"KTO024612";"Tänavastuudio OÜ";"16329392";"24.11.2023";"Tähtajatu";"Jah";"Toitlustamine";""
"KTO024611";"Red Door OÜ";"16268940";"23.11.2023";"Tähtajatu";"Jah";"Toitlustamine";""
"KTO024609";"Pirta OÜ";"11928604";"22.11.2023";"Tähtajatu";"Jah";"Toitlustamine";""
"KTO024608";"Maitsetuli OÜ";"16759796";"21.11.2023";"Tähtajatu";"Jah";"Toitlustamine";""
"KTO024606";"Kaljumari OÜ";"16589897";"20.11.2023";"Tähtajatu";"Jah";"Toitlustamine";""
"KTO024607";"Villa Schneider OÜ";"16820202";"20.11.2023";"Tähtajatu";"Jah";"Toitlustamine";""
"KTO024605";"OÜ Valamulli Bäär";"16849341";"20.11.2023";"Tähtajatu";"Jah";"Toitlustamine";""
"KTO024604";"OÜ Dreamlandia";"14824845";"19.11.2023";"Tähtajatu";"Jah";"Toitlustamine";""
"KTO024603";"AP Teed OÜ";"14731109";"18.11.2023";"Tähtajatu";"Jah";"Toitlustamine";""
"KTO024601";"Abatem OÜ";"12749176";"17.11.2023";"Tähtajatu";"Jah";"Toitlustamine";""
"KTO024602";"TOOSIKANNU OÜ";"11142720";"17.11.2023";"Tähtajatu";"Jah";"Toitlustamine";""
"KTO024600";"Trühvlike OÜ";"16846800";"15.11.2023";"Tähtajatu";"Jah";"Toitlustamine";""
"KTO024599";"Suur Karja Haldus osaühing";"16457279";"14.11.2023";"Tähtajatu";"Jah";"Toitlustamine";""
"KTO024598";"Rollit Sushi OÜ";"14825247";"14.11.2023";"Tähtajatu";"Jah";"Toitlustamine";""
"KTO024596";"PNG Services OÜ";"12880064";"09.11.2023";"Tähtajatu";"Jah";"Toitlustamine";""
"KTO024597";"Kodutort OÜ";"12991088";"09.11.2023";"Tähtajatu";"Jah";"Toitlustamine";""
"KTO024594";"FUNNY CLUB OÜ";"16844125";"07.11.2023";"Tähtajatu";"Jah";"Toitlustamine";""
"KTO024593";"ProCatering OÜ";"12468599";"06.11.2023";"Tähtajatu";"Jah";"Toitlustamine";""
"KTO024590";"Koda Food OÜ";"16848063";"01.11.2023";"Tähtajatu";"Jah";"Toitlustamine";""
"KTO024581";"GÖTI ENTERTAINMENT OÜ";"16826892";"01.11.2023";"Tähtajatu";"Jah";"Toitlustamine";""
"KTO024592";"Viki Talu OÜ";"12190135";"01.11.2023";"Tähtajatu";"Jah";"Toitlustamine";""
"KTO024591";"Lion City House OÜ";"16790292";"01.11.2023";"Tähtajatu";"Jah";"Toitlustamine";""
"KTO024589";"Betrock OÜ";"16562237";"31.10.2023";"Tähtajatu";"Jah";"Toitlustamine";""
"KTO024588";"Inna Kovalchuk";"16759980";"26.10.2023";"Tähtajatu";"Jah";"Toitlustamine";""
"KTO024587";"Cakirca OÜ";"16774850";"22.10.2023";"Tähtajatu";"Jah";"Toitlustamine";""
"KTO024586";"Mere värava grill OÜ";"16799123";"20.10.2023";"Tähtajatu";"Jah";"Toitlustamine";""
"KTO024585";"Hikaru OÜ";"16761250";"20.10.2023";"Tähtajatu";"Jah";"Toitlustamine";""
"KTO024582";"Urban Cafe OÜ";"16627669";"18.10.2023";"Tähtajatu";"Jah";"Toitlustamine";""
"KTO024580";"HORECA EDU OÜ";"12379884";"17.10.2023";"Tähtajatu";"Jah";"Toitlustamine";""
"KTO024579";"Riia Kohvik OÜ";"16810971";"16.10.2023";"Tähtajatu";"Jah";"Toitlustamine";""
"KTO024569";"OÜ SLKRD";"16695300";"15.10.2023";"Tähtajatu";"Jah";"Toitlustamine";""
"KTO024578";"KOKTEILI OÜ";"16834305";"12.10.2023";"Tähtajatu";"Jah";"Toitlustamine";""
"KTO024576";"PPST Holding OÜ";"16826630";"11.10.2023";"Tähtajatu";"Jah";"Toitlustamine";""
"KTO024575";"A&T SolWorks OÜ";"16827003";"10.10.2023";"Tähtajatu";"Jah";"Toitlustamine";""
"KTO024574";"J.B. Invest OÜ";"14838899";"06.10.2023";"Tähtajatu";"Jah";"Toitlustamine";""
"KTO024573";"DIRTCLUB OÜ";"16640517";"04.10.2023";"Tähtajatu";"Jah";"Toitlustamine";""
"KTO024571";"Best Beverages OÜ";"14524238";"03.10.2023";"Tähtajatu";"Jah";"Toitlustamine";""
"KTO024568";"NEBI OÜ";"14007419";"02.10.2023";"Tähtajatu";"Jah";"Toitlustamine";""
"KTO024567";"Planeet Ruhnu OÜ";"16789567";"28.09.2023";"Tähtajatu";"Jah";"Toitlustamine";""
"KTO024566";"Laagri Kohvik OÜ";"16588308";"25.09.2023";"Tähtajatu";"Jah";"Toitlustamine";""
"KTO024564";"Tark Stuudio OÜ";"14318295";"21.09.2023";"Tähtajatu";"Jah";"Toitlustamine";""
"KTO024563";"Upcome OÜ";"16726851";"21.09.2023";"Tähtajatu";"Jah";"Toitlustamine";""
"KTO024565";"MR Event Service OÜ";"16820521";"21.09.2023";"Tähtajatu";"Jah";"Toitlustamine";""
"KTO024561";"Ekyyz OÜ";"12962856";"18.09.2023";"Tähtajatu";"Jah";"Toitlustamine";""
"KTO024562";"Mittetulundusühing Improteater";"80363768";"18.09.2023";"Tähtajatu";"Jah";"Toitlustamine";""
"KTO024533";"Vennad Köögis OÜ";"16772271";"15.09.2023";"Tähtajatu";"Jah";"Toitlustamine";""
"KTO024558";"KOHALIK OÜ";"16469934";"14.09.2023";"Tähtajatu";"Jah";"Toitlustamine";""
"KTO024557";"Cocktail Stars OÜ";"12696254";"13.09.2023";"Tähtajatu";"Jah";"Toitlustamine";""
"KTO024555";"Atmaja OÜ";"16592907";"08.09.2023";"Tähtajatu";"Jah";"Toitlustamine";""
"KTO024556";"Vesron Trade OÜ";"16722942";"08.09.2023";"Tähtajatu";"Jah";"Toitlustamine";""
"KTO024553";"Renex Kaubad OÜ";"14306487";"06.09.2023";"Tähtajatu";"Jah";"Toitlustamine";""
"KTO024554";"ASA RESTO OÜ";"16811806";"06.09.2023";"Tähtajatu";"Jah";"Toitlustamine";""
"KTO024552";"Moonlust OÜ";"16746821";"04.09.2023";"Tähtajatu";"Jah";"Toitlustamine";""
"KTO024549";"Kultuuritorn OÜ";"16789165";"04.09.2023";"Tähtajatu";"Jah";"Toitlustamine";""
"KTO024550";"KIVI CLIMBING OÜ";"16109058";"04.09.2023";"Tähtajatu";"Jah";"Toitlustamine";""
"KTO024548";"Mittetulundusühing FOR Tsükkel";"80391807";"01.09.2023";"Tähtajatu";"Jah";"Toitlustamine";""
"KTO024545";"Yummy Glow OÜ";"16797973";"01.09.2023";"Tähtajatu";"Jah";"Toitlustamine";""
"KTO024544";"Fragola OÜ";"16689535";"30.08.2023";"Tähtajatu";"Jah";"Toitlustamine";""
"KTO024540";"ROUEN OÜ";"16787249";"29.08.2023";"Tähtajatu";"Jah";"Toitlustamine";""
"KTO024542";"Kinomaja OÜ";"16486051";"29.08.2023";"Tähtajatu";"Jah";"Toitlustamine";""
"KTO024541";"Märdibaar OÜ";"16771923";"29.08.2023";"Tähtajatu";"Jah";"Toitlustamine";""
"KTO024539";"OÜ PEOBAAR";"16800725";"28.08.2023";"Tähtajatu";"Jah";"Toitlustamine";""
"KTO024535";"MUST MOLBERT OÜ";"16771633";"23.08.2023";"Tähtajatu";"Jah";"Toitlustamine";""
"KTO024536";"Sham OÜ";"16146450";"23.08.2023";"Tähtajatu";"Jah";"Toitlustamine";""
"KTO024534";"Baaqros OÜ";"16400598";"22.08.2023";"Tähtajatu";"Jah";"Toitlustamine";""
"KTO024532";"Catamaran Republic OÜ";"11034002";"21.08.2023";"Tähtajatu";"Jah";"Toitlustamine";""
"KTO024531";"BeSmartEst OÜ";"14073876";"20.08.2023";"Tähtajatu";"Jah";"Toitlustamine";""
"KTO024530";"Lambaye Mboubane OÜ";"16786066";"18.08.2023";"Tähtajatu";"Jah";"Toitlustamine";""
"KTO024529";"IROLI OÜ";"16773129";"18.08.2023";"Tähtajatu";"Jah";"Toitlustamine";""
"KTO024528";"Namaste India OÜ";"16760782";"17.08.2023";"Tähtajatu";"Jah";"Toitlustamine";""
"KTO024526";"MyKitchen OÜ";"14891735";"15.08.2023";"Tähtajatu";"Jah";"Toitlustamine";""
"KTO024525";"OÜ Aida Peosaal";"16705487";"14.08.2023";"Tähtajatu";"Jah";"Toitlustamine";""
"KTO024524";"Beer hub OÜ";"16791894";"11.08.2023";"Tähtajatu";"Jah";"Toitlustamine";""
"KTO024523";"Hauka Kohvik OÜ";"16750068";"10.08.2023";"Tähtajatu";"Jah";"Toitlustamine";""
"KTO024521";"Master Chef OÜ";"16434410";"09.08.2023";"Tähtajatu";"Jah";"Toitlustamine";""
"KTO024520";"Vale pööre OÜ";"16763616";"08.08.2023";"Tähtajatu";"Jah";"Toitlustamine";""
"KTO024517";"Agrant OÜ";"12556085";"03.08.2023";"Tähtajatu";"Jah";"Toitlustamine";""
"KTO024518";"Ramset Group OÜ";"12765475";"03.08.2023";"Tähtajatu";"Jah";"Toitlustamine";""
"KTO024513";"Varlamov & Varlamova OÜ";"12247935";"02.08.2023";"Tähtajatu";"Jah";"Toitlustamine";""
"KTO024514";"PisiPai OÜ";"14399164";"02.08.2023";"Tähtajatu";"Jah";"Toitlustamine";""
"KTO024512";"Väikesaare OÜ";"16086147";"02.08.2023";"Tähtajatu";"Jah";"Toitlustamine";""
"KTO024511";"Brinery OÜ";"14547601";"01.08.2023";"Tähtajatu";"Jah";"Toitlustamine";""
"KTO024510";"OÜ RUUF BAR";"16733839";"31.07.2023";"Tähtajatu";"Jah";"Toitlustamine";""
"KTO024509";"FunGolf OÜ";"16659037";"24.07.2023";"Tähtajatu";"Jah";"Toitlustamine";""
"KTO024508";"Roosirig OÜ";"16775660";"24.07.2023";"Tähtajatu";"Jah";"Toitlustamine";""
"KTO024507";"OÜ Kõhutäis";"16096657";"21.07.2023";"Tähtajatu";"Jah";"Toitlustamine";""
"KTO024506";"OÜ Nepalese";"16766610";"20.07.2023";"Tähtajatu";"Jah";"Toitlustamine";""
"KTO024505";"Moonglow OÜ";"16566947";"19.07.2023";"Tähtajatu";"Jah";"Toitlustamine";""
"KTO024504";"Kohvik Kodu OÜ";"16770964";"17.07.2023";"Tähtajatu";"Jah";"Toitlustamine";""
"KTO024503";"Brasserii OÜ";"16326548";"15.07.2023";"Tähtajatu";"Jah";"Toitlustamine";""
"KTO024502";"OÜ Orjaku Mõisakoha";"10622056";"14.07.2023";"Tähtajatu";"Jah";"Toitlustamine";""
"KTO024501";"Ööste OÜ";"14292578";"13.07.2023";"Tähtajatu";"Jah";"Toitlustamine";""
"KTO024500";"Maa gurmee OÜ";"16229348";"12.07.2023";"Tähtajatu";"Jah";"Toitlustamine";""
"KTO024495";"Hoba OÜ";"14903711";"11.07.2023";"Tähtajatu";"Jah";"Toitlustamine";""
"KTO024499";"Küpser OÜ";"16691164";"11.07.2023";"Tähtajatu";"Jah";"Toitlustamine";""
"KTO024498";"JLM PROJEKT OÜ";"14000475";"11.07.2023";"Tähtajatu";"Jah";"Toitlustamine";""
"KTO024494";"Talutüdruk OÜ";"14787127";"10.07.2023";"Tähtajatu";"Jah";"Toitlustamine";""
"KTO024492";"OÜ RJJ Catering";"16682214";"09.07.2023";"Tähtajatu";"Jah";"Toitlustamine";""
"KTO024491";"ProteusFood OÜ";"14975449";"07.07.2023";"Tähtajatu";"Jah";"Toitlustamine";""
"KTO024487";"Osaühing Casus";"10000774";"06.07.2023";"Tähtajatu";"Jah";"Toitlustamine";""
"KTO024486";"Kässar OÜ";"16711424";"06.07.2023";"Tähtajatu";"Jah";"Toitlustamine";""
"KTO024488";"BK6 OÜ";"14021661";"06.07.2023";"Tähtajatu";"Jah";"Toitlustamine";""
"KTO024485";"OÜ Best Beef";"16756846";"06.07.2023";"Tähtajatu";"Jah";"Toitlustamine";""
"KTO024483";"Bona Dea OÜ";"12615110";"03.07.2023";"Tähtajatu";"Jah";"Toitlustamine";""
"KTO024470";"Avaliktoitlustus OÜ";"16735531";"01.07.2023";"Tähtajatu";"Jah";"Toitlustamine";""
"KTO024480";"Kärdla Resto OÜ";"16694938";"29.06.2023";"Tähtajatu";"Jah";"Toitlustamine";""
"KTO024479";"Mittetulundusühing Võtikmetsa Hobikoda";"80287271";"28.06.2023";"Tähtajatu";"Jah";"Toitlustamine";""
"KTO024477";"omnjom OÜ";"16710028";"27.06.2023";"Tähtajatu";"Jah";"Toitlustamine";""
"KTO024478";"WANAREVAL EHITUS OÜ";"14673027";"27.06.2023";"Tähtajatu";"Jah";"Toitlustamine";""
"KTO024474";"Meeli OÜ";"16710548";"26.06.2023";"Tähtajatu";"Jah";"Toitlustamine";""
"KTO024475";"Werku Kohvik OÜ";"16396810";"26.06.2023";"Tähtajatu";"Jah";"Toitlustamine";""
"KTO024476";"White Villa OÜ";"16723835";"26.06.2023";"Tähtajatu";"Jah";"Toitlustamine";""
"KTO024471";"Trenditoit OÜ";"16685046";"23.06.2023";"Tähtajatu";"Jah";"Toitlustamine";""
"KTO024469";"OÜ Disain ja vein";"16648588";"22.06.2023";"Tähtajatu";"Jah";"Toitlustamine";""
"KTO024468";"Agentpro OÜ";"16559123";"21.06.2023";"Tähtajatu";"Jah";"Toitlustamine";""
"KTO024467";"Perspolis OÜ";"16663613";"21.06.2023";"Tähtajatu";"Jah";"Toitlustamine";""
"KTO024464";"ASPEKT GRUPP OÜ";"14027273";"21.06.2023";"Tähtajatu";"Jah";"Toitlustamine";""
"KTO024465";"Existential Holiday OÜ";"16032775";"21.06.2023";"Tähtajatu";"Jah";"Toitlustamine";""
"KTO024461";"HLTRMA OÜ";"16747296";"20.06.2023";"Tähtajatu";"Jah";"Toitlustamine";""
"KTO024462";"Tuulamõisa OÜ";"14745689";"20.06.2023";"Tähtajatu";"Jah";"Toitlustamine";""
"KTO024459";"OÜ Rebasemänniku Catering";"16340726";"19.06.2023";"Tähtajatu";"Jah";"Toitlustamine";""
"KTO024460";"Kunst enne OÜ";"16635427";"19.06.2023";"Tähtajatu";"Jah";"Toitlustamine";""
"KTO024458";"ARNAIR OÜ";"16685371";"17.06.2023";"Tähtajatu";"Jah";"Toitlustamine";""
"KTO024457";"Kõmmus OÜ";"16757254";"16.06.2023";"Tähtajatu";"Jah";"Toitlustamine";""
"KTO024456";"RiiSaikel OÜ";"14468573";"15.06.2023";"Tähtajatu";"Jah";"Toitlustamine";""
"KTO024417";"ChampChamber OÜ";"14451120";"15.06.2023";"Tähtajatu";"Jah";"Toitlustamine";""
"KTO024455";"Vlasova OÜ";"16592474";"14.06.2023";"Tähtajatu";"Jah";"Toitlustamine";""
"KTO024454";"Professional Service Company OÜ";"16529607";"14.06.2023";"Tähtajatu";"Jah";"Toitlustamine";""
"KTO024453";"Marnas OÜ";"16219120";"13.06.2023";"Tähtajatu";"Jah";"Toitlustamine";""
"KTO024444";"Danny's OÜ";"16708764";"12.06.2023";"Tähtajatu";"Jah";"Toitlustamine";""
"KTO024449";"Paemel OÜ";"16620963";"12.06.2023";"Tähtajatu";"Jah";"Toitlustamine";""
"KTO024451";"The Naturist OÜ";"16471606";"12.06.2023";"Tähtajatu";"Jah";"Toitlustamine";""
"KTO024447";"Piana Vyshnia Estonia OÜ";"16679519";"12.06.2023";"Tähtajatu";"Jah";"Toitlustamine";""
"KTO024448";"mittetulundusühing Aig";"80284997";"12.06.2023";"Tähtajatu";"Jah";"Toitlustamine";""
"KTO024445";"Rannalahendused OÜ";"14738382";"10.06.2023";"Tähtajatu";"Jah";"Toitlustamine";""
"KTO024441";"Almare Food OÜ";"16670903";"07.06.2023";"Tähtajatu";"Jah";"Toitlustamine";""
"KTO024440";"MTÜ Risti Huvi";"80361143";"07.06.2023";"Tähtajatu";"Jah";"Toitlustamine";""
"KTO024443";"idial OÜ";"16717160";"07.06.2023";"Tähtajatu";"Jah";"Toitlustamine";""
"KTO024439";"Carré d'Or OÜ";"14745695";"07.06.2023";"Tähtajatu";"Jah";"Toitlustamine";""
"KTO024442";"Koogikoda OÜ";"16275880";"07.06.2023";"Tähtajatu";"Jah";"Toitlustamine";""
"KTO024437";"Miami Lounge OÜ";"16628634";"06.06.2023";"Tähtajatu";"Jah";"Toitlustamine";""
"KTO024438";"Lennusaun OÜ";"12391786";"06.06.2023";"Tähtajatu";"Jah";"Toitlustamine";""
"KTO024435";"Moonsund Catering OÜ";"11253394";"05.06.2023";"Tähtajatu";"Jah";"Toitlustamine";""
"KTO024434";"Peensalu Köök OÜ";"16448790";"04.06.2023";"Tähtajatu";"Jah";"Toitlustamine";""
"KTO024432";"Mia Masalaga OÜ";"16690219";"02.06.2023";"Tähtajatu";"Jah";"Toitlustamine";""
"KTO024431";"Iberic tapas OÜ";"14423833";"02.06.2023";"Tähtajatu";"Jah";"Toitlustamine";""
"KTO024429";"Vilsi OÜ";"12252221";"01.06.2023";"Tähtajatu";"Jah";"Toitlustamine";""
"KTO024414";"OÜ IDentist";"12168880";"01.06.2023";"Tähtajatu";"Jah";"Toitlustamine";""
"KTO024430";"KYT Investments OÜ";"16320267";"01.06.2023";"Tähtajatu";"Jah";"Toitlustamine";""
"KTO024426";"Merikapsas OÜ";"16705793";"01.06.2023";"Tähtajatu";"Jah";"Toitlustamine";""
"KTO024287";"GreenFairy OÜ";"14976880";"01.06.2023";"Tähtajatu";"Jah";"Toitlustamine";""
"KTO024427";"Veinibutiik OÜ";"16275928";"30.05.2023";"Tähtajatu";"Jah";"Toitlustamine";""
"KTO024428";"OÜ Veinikuningad";"16659793";"30.05.2023";"Tähtajatu";"Jah";"Toitlustamine";""
"KTO024423";"HelMar OÜ";"16149885";"29.05.2023";"Tähtajatu";"Jah";"Toitlustamine";""
"KTO024424";"SumeSumin OÜ";"16687619";"29.05.2023";"Tähtajatu";"Jah";"Toitlustamine";""
"KTO024425";"Risana OÜ";"12493172";"29.05.2023";"Tähtajatu";"Jah";"Toitlustamine";""
"KTO024422";"FELROM OÜ";"16613101";"28.05.2023";"Tähtajatu";"Jah";"Toitlustamine";""
"KTO024421";"popmuusik OÜ";"12761224";"27.05.2023";"Tähtajatu";"Jah";"Toitlustamine";""
"KTO024419";"Reitan Convenience Estonia AS";"10406134";"26.05.2023";"Tähtajatu";"Jah";"Toitlustamine";""
"KTO024418";"Keila Leib OÜ";"16264178";"26.05.2023";"Tähtajatu";"Jah";"Toitlustamine";""
"KTO024420";"Kehakinnitus OÜ";"16722497";"26.05.2023";"Tähtajatu";"Jah";"Toitlustamine";""
"KTO024415";"OÜ Green Souplin";"12155937";"24.05.2023";"Tähtajatu";"Jah";"Toitlustamine";""
"KTO024412";"Dimeals OÜ";"16419405";"23.05.2023";"Tähtajatu";"Jah";"Toitlustamine";""
"KTO024413";"Surf OÜ";"14694443";"23.05.2023";"Tähtajatu";"Jah";"Toitlustamine";""
"KTO024410";"Vinnutuskoda OÜ";"16220643";"22.05.2023";"Tähtajatu";"Jah";"Toitlustamine";""
"KTO024411";"MADKINGS OÜ";"16484037";"22.05.2023";"Tähtajatu";"Jah";"Toitlustamine";""
"KTO024409";"Peomeister OÜ";"16126393";"19.05.2023";"Tähtajatu";"Jah";"Toitlustamine";""
"KTO024405";"Rapata OÜ";"16675817";"18.05.2023";"Tähtajatu";"Jah";"Toitlustamine";""
"KTO024408";"OÜ Rüütli Burx";"16488794";"18.05.2023";"Tähtajatu";"Jah";"Toitlustamine";""
"KTO024406";"Proclub OÜ";"16687772";"18.05.2023";"Tähtajatu";"Jah";"Toitlustamine";""
"KTO024407";"Peosfääri Instituut OÜ";"16643266";"18.05.2023";"Tähtajatu";"Jah";"Toitlustamine";""
"KTO024404";"PÄÄSUOJA TALU OÜ";"14948464";"17.05.2023";"Tähtajatu";"Jah";"Toitlustamine";""
"KTO024403";"Randelin OÜ";"16248541";"17.05.2023";"Tähtajatu";"Jah";"Toitlustamine";""
"KTO024400";"OÜ Brevesti";"16665888";"15.05.2023";"Tähtajatu";"Jah";"Toitlustamine";""
"KTO024397";"Mägilaste Motoklubi";"80398146";"15.05.2023";"Tähtajatu";"Jah";"Toitlustamine";""
"KTO024399";"OÜ Hea Tee";"16706951";"15.05.2023";"Tähtajatu";"Jah";"Toitlustamine";""
"KTO024398";"Artsepp OÜ";"16375481";"15.05.2023";"Tähtajatu";"Jah";"Toitlustamine";""
"KTO024396";"Aia Squer Plus OÜ";"16735650";"13.05.2023";"Tähtajatu";"Jah";"Toitlustamine";""
"KTO024393";"OÜ Vaatekohvik";"16725352";"12.05.2023";"Tähtajatu";"Jah";"Toitlustamine";""
"KTO024394";"BARFOODS OÜ";"16441864";"12.05.2023";"Tähtajatu";"Jah";"Toitlustamine";""
"KTO024395";"Wrapimaja OÜ";"16736513";"12.05.2023";"Tähtajatu";"Jah";"Toitlustamine";""
"KTO024391";"Tramway OÜ";"16720541";"10.05.2023";"Tähtajatu";"Jah";"Toitlustamine";""
"KTO024392";"Aste Pagar OÜ";"16111061";"10.05.2023";"Tähtajatu";"Jah";"Toitlustamine";""
"KTO024390";"Guerebape Danedesa OÜ";"16717591";"09.05.2023";"Tähtajatu";"Jah";"Toitlustamine";""
"KTO024387";"Ehe koduresto OÜ";"16731036";"09.05.2023";"Tähtajatu";"Jah";"Toitlustamine";""
"KTO024388";"Barrel Catering OÜ";"16248357";"09.05.2023";"Tähtajatu";"Jah";"Toitlustamine";""
"KTO024389";"MTÜ Naised Paadis";"80615069";"09.05.2023";"Tähtajatu";"Jah";"Toitlustamine";""
"KTO024386";"Riffen OÜ";"16396804";"08.05.2023";"Tähtajatu";"Jah";"Toitlustamine";""
"KTO024385";"KIBG Holding OÜ";"16711521";"05.05.2023";"Tähtajatu";"Jah";"Toitlustamine";""
"KTO024380";"Rocinha OÜ";"14538789";"04.05.2023";"Tähtajatu";"Jah";"Toitlustamine";""
"KTO024381";"Mahedam OÜ";"11145380";"04.05.2023";"Tähtajatu";"Jah";"Toitlustamine";""
"KTO024383";"Martin Toidud OÜ";"16286375";"04.05.2023";"Tähtajatu";"Jah";"Toitlustamine";""
"KTO024382";"Truuv OÜ";"12743634";"04.05.2023";"Tähtajatu";"Jah";"Toitlustamine";""
"KTO024377";"Sai Valmis OÜ";"16694465";"03.05.2023";"Tähtajatu";"Jah";"Toitlustamine";""
"KTO024379";"KreekaE OÜ";"16708698";"03.05.2023";"Tähtajatu";"Jah";"Toitlustamine";""
"KTO024378";"OÜ Joogid autos";"11710213";"03.05.2023";"Tähtajatu";"Jah";"Toitlustamine";""
"KTO024376";"Hood OÜ";"16706127";"02.05.2023";"Tähtajatu";"Jah";"Toitlustamine";""
"KTO024373";"Nasmit OÜ";"16686844";"02.05.2023";"Tähtajatu";"Jah";"Toitlustamine";""
"KTO024374";"Sibul ja Sammal OÜ";"14515966";"02.05.2023";"Tähtajatu";"Jah";"Toitlustamine";""
"KTO024350";"Brewklyn OÜ";"16625736";"01.05.2023";"Tähtajatu";"Jah";"Toitlustamine";""
"KTO024352";"WOK STOP OÜ";"16057812";"01.05.2023";"Tähtajatu";"Jah";"Toitlustamine";""
"KTO024372";"osaühing TARVAS VEOD";"11255967";"01.05.2023";"Tähtajatu";"Jah";"Toitlustamine";""
"KTO024371";"CRUDO RESTO OÜ";"11416755";"30.04.2023";"Tähtajatu";"Jah";"Toitlustamine";""
"KTO024370";"Zelta OÜ";"14644356";"29.04.2023";"Tähtajatu";"Jah";"Toitlustamine";""
"KTO024369";"SOCIAL ERROR OÜ";"16726466";"28.04.2023";"Tähtajatu";"Jah";"Toitlustamine";""
"KTO024368";"Change Room Art OÜ";"14001813";"27.04.2023";"Tähtajatu";"Jah";"Toitlustamine";""
"KTO024365";"Crudus OÜ";"14645539";"25.04.2023";"Tähtajatu";"Jah";"Toitlustamine";""
"KTO024366";"Ruddy baar OÜ";"16715534";"25.04.2023";"Tähtajatu";"Jah";"Toitlustamine";""
"KTO024363";"Sea Adventure OÜ";"14039388";"24.04.2023";"Tähtajatu";"Jah";"Toitlustamine";""
"KTO024364";"Kramol OÜ";"16677226";"24.04.2023";"Tähtajatu";"Jah";"Toitlustamine";""
"KTO024362";"Leppik Teeb OÜ";"12871311";"24.04.2023";"Tähtajatu";"Jah";"Toitlustamine";""
"KTO024361";"Urban kitchen OÜ";"16589555";"23.04.2023";"Tähtajatu";"Jah";"Toitlustamine";""
"KTO024358";"Haap Kinnisvara OÜ";"16714641";"21.04.2023";"Tähtajatu";"Jah";"Toitlustamine";""
"KTO024360";"OÜ Pelgulinna Grill";"16659126";"21.04.2023";"Tähtajatu";"Jah";"Toitlustamine";""
"KTO024359";"Miami Ribs OÜ";"12440589";"21.04.2023";"Tähtajatu";"Jah";"Toitlustamine";""
"KTO024357";"Magussoolane OÜ";"14913046";"20.04.2023";"Tähtajatu";"Jah";"Toitlustamine";""
"KTO024355";"Emoticon Events OÜ";"14354569";"19.04.2023";"Tähtajatu";"Jah";"Toitlustamine";""
"KTO024353";"Kakurega OÜ";"16720431";"18.04.2023";"Tähtajatu";"Jah";"Toitlustamine";""
"KTO024351";"Paavli Kultuuriklubi OÜ";"16718260";"17.04.2023";"Tähtajatu";"Jah";"Toitlustamine";""
"KTO024349";"Mojo Holding OÜ";"11018629";"12.04.2023";"Tähtajatu";"Jah";"Toitlustamine";""
"KTO024347";"OÜ Pikopalla";"16551989";"09.04.2023";"Tähtajatu";"Jah";"Toitlustamine";""
"KTO024346";"Andeva Dinners OÜ";"16300684";"06.04.2023";"Tähtajatu";"Jah";"Toitlustamine";""
"KTO024344";"A&M Toila OÜ";"16661821";"03.04.2023";"Tähtajatu";"Jah";"Toitlustamine";""
"KTO024341";"Success Weekend OÜ";"16707316";"03.04.2023";"Tähtajatu";"Jah";"Toitlustamine";""
"KTO024342";"Falkenstar OÜ";"16683159";"03.04.2023";"Tähtajatu";"Jah";"Toitlustamine";""
"KTO024340";"White Elephant OÜ";"12739621";"02.04.2023";"Tähtajatu";"Jah";"Toitlustamine";""
"KTO024338";"OÜ Boho Hub";"16592557";"31.03.2023";"Tähtajatu";"Jah";"Toitlustamine";""
"KTO024339";"Pizza Eleven OÜ";"16699396";"31.03.2023";"Tähtajatu";"Jah";"Toitlustamine";""
"KTO024337";"MTÜ Paranduskelder";"80565957";"31.03.2023";"Tähtajatu";"Jah";"Toitlustamine";""
"KTO024335";"TEKU OÜ";"16667964";"28.03.2023";"Tähtajatu";"Jah";"Toitlustamine";""
"KTO024336";"Tatsu OÜ";"16692891";"28.03.2023";"Tähtajatu";"Jah";"Toitlustamine";""
"KTO024334";"Rattaraad OÜ";"14451396";"28.03.2023";"Tähtajatu";"Jah";"Toitlustamine";""
"KTO024332";"MyMoon Food OÜ";"16391379";"27.03.2023";"Tähtajatu";"Jah";"Toitlustamine";""
"KTO024331";"YR Trade OÜ";"12622592";"27.03.2023";"Tähtajatu";"Jah";"Toitlustamine";""
"KTO024330";"OÜ Rikiland";"14137837";"25.03.2023";"Tähtajatu";"Jah";"Toitlustamine";""
"KTO024329";"Nectar OÜ";"14561280";"24.03.2023";"Tähtajatu";"Jah";"Toitlustamine";""
"KTO024327";"Tempos OÜ";"12137431";"23.03.2023";"Tähtajatu";"Jah";"Toitlustamine";""
"KTO024328";"Korean Jubang OÜ";"14872689";"23.03.2023";"Tähtajatu";"Jah";"Toitlustamine";""
"KTO024316";"Tarmo Luks";"10719471";"17.03.2023";"Tähtajatu";"Jah";"Toitlustamine";""
"KTO024325";"BONTA OÜ";"12817278";"17.03.2023";"Tähtajatu";"Jah";"Toitlustamine";""
"KTO024323";"OÜ Koolitus esmaabi";"16330923";"16.03.2023";"Tähtajatu";"Jah";"Toitlustamine";""
"KTO024322";"Sihtasutus Eesti Maaelumuuseumid";"90014017";"16.03.2023";"Tähtajatu";"Jah";"Toitlustamine";""
"KTO024320";"SALANDU OÜ";"16352847";"15.03.2023";"Tähtajatu";"Jah";"Toitlustamine";""
"KTO024319";"Paparazzi Group OÜ";"16544305";"14.03.2023";"Tähtajatu";"Jah";"Toitlustamine";""
"KTO024318";"Liiva Kohvik OÜ";"16685224";"13.03.2023";"Tähtajatu";"Jah";"Toitlustamine";""
"KTO024317";"Vladislav Tshigin Kohvik TEINEKORRUS";"16676260";"12.03.2023";"Tähtajatu";"Jah";"Toitlustamine";""
"KTO024315";"Alfredo OÜ";"16605811";"09.03.2023";"Tähtajatu";"Jah";"Toitlustamine";""
"KTO024314";"Osaühing Piurik";"10049378";"09.03.2023";"Tähtajatu";"Jah";"Toitlustamine";""
"KTO024313";"Elutilk OÜ";"16687080";"08.03.2023";"Tähtajatu";"Jah";"Toitlustamine";""
"KTO024310";"Kukugalerii OÜ";"16317437";"07.03.2023";"Tähtajatu";"Jah";"Toitlustamine";""
"KTO024312";"Kuumpesa OÜ";"16635172";"07.03.2023";"Tähtajatu";"Jah";"Toitlustamine";""
"KTO024311";"Bella ciao OÜ";"16570805";"07.03.2023";"Tähtajatu";"Jah";"Toitlustamine";""
"KTO024309";"PiiriPealne OÜ";"16613207";"04.03.2023";"Tähtajatu";"Jah";"Toitlustamine";""
"KTO024308";"VELKERIM OÜ";"16551435";"03.03.2023";"Tähtajatu";"Jah";"Toitlustamine";""
"KTO024307";"TARTUFO OÜ";"16534471";"02.03.2023";"Tähtajatu";"Jah";"Toitlustamine";""
"KTO024306";"Ventus Pizza OÜ";"16353344";"01.03.2023";"Tähtajatu";"Jah";"Toitlustamine";""
"KTO024304";"osaühing VÄRSKA VARA";"10850018";"01.03.2023";"Tähtajatu";"Jah";"Toitlustamine";""
"KTO024305";"Toidutiim OÜ";"16444503";"01.03.2023";"Tähtajatu";"Jah";"Toitlustamine";""
"KTO024301";"Malina Motors OÜ";"14995676";"27.02.2023";"Tähtajatu";"Jah";"Toitlustamine";""
"KTO024302";"BEATRICE MASS MODELNET OÜ";"10888475";"27.02.2023";"Tähtajatu";"Jah";"Toitlustamine";""
"KTO024300";"Bethelmane Destillo OÜ";"12520225";"26.02.2023";"Tähtajatu";"Jah";"Toitlustamine";""
"KTO024298";"Kebaboom OÜ";"14724598";"21.02.2023";"Tähtajatu";"Jah";"Toitlustamine";""
"KTO024297";"Signa2ra OÜ";"12383822";"21.02.2023";"Tähtajatu";"Jah";"Toitlustamine";""
"KTO024295";"Ceachei OÜ";"16676314";"16.02.2023";"Tähtajatu";"Jah";"Toitlustamine";""
"KTO024294";"SanChanar OÜ";"16569707";"15.02.2023";"Tähtajatu";"Jah";"Toitlustamine";""
"KTO024293";"HABIB OÜ";"16299768";"14.02.2023";"Tähtajatu";"Jah";"Toitlustamine";""
"KTO024292";"Wambola 311 OÜ";"12127651";"13.02.2023";"Tähtajatu";"Jah";"Toitlustamine";""
"KTO024291";"LikeFood OÜ";"16662387";"10.02.2023";"Tähtajatu";"Jah";"Toitlustamine";""
"KTO024290";"MOB Entertainment OÜ";"16225741";"10.02.2023";"Tähtajatu";"Jah";"Toitlustamine";""
"KTO024289";"BalticEst OÜ";"10891052";"09.02.2023";"Tähtajatu";"Jah";"Toitlustamine";""
"KTO024288";"Multi Solutions OÜ";"12138465";"09.02.2023";"Tähtajatu";"Jah";"Toitlustamine";""
"KTO024286";"Osaühing Ääsmäe Külaplatsi kohvik";"16657506";"06.02.2023";"Tähtajatu";"Jah";"Toitlustamine";""
"KTO024284";"Gorgeous Wine OÜ";"14910881";"02.02.2023";"Tähtajatu";"Jah";"Toitlustamine";""
"KTO024283";"Toiduproff OÜ";"16027366";"27.01.2023";"Tähtajatu";"Jah";"Toitlustamine";""
"KTO024282";"BlissTray OÜ";"16628812";"26.01.2023";"Tähtajatu";"Jah";"Toitlustamine";""
"KTO024280";"ZRG Grupp OÜ";"11644597";"25.01.2023";"Tähtajatu";"Jah";"Toitlustamine";""
"KTO024281";"Kokteilikas OÜ";"16633629";"25.01.2023";"Tähtajatu";"Jah";"Toitlustamine";""
"KTO024279";"Mintcake OÜ";"16213413";"25.01.2023";"Tähtajatu";"Jah";"Toitlustamine";""
"KTO024278";"Estragna OÜ";"16649122";"24.01.2023";"Tähtajatu";"Jah";"Toitlustamine";""
"KTO024277";"Fire Dog OÜ";"16470268";"21.01.2023";"Tähtajatu";"Jah";"Toitlustamine";""
"KTO024276";"HTM Karolin OÜ";"12619762";"19.01.2023";"Tähtajatu";"Jah";"Toitlustamine";""
"KTO024274";"VIRU GRILL OÜ";"14842524";"17.01.2023";"Tähtajatu";"Jah";"Toitlustamine";""
"KTO024275";"Diavola OÜ";"16370182";"17.01.2023";"Tähtajatu";"Jah";"Toitlustamine";""
"KTO024272";"FaMin OÜ";"14145825";"13.01.2023";"Tähtajatu";"Jah";"Toitlustamine";""
"KTO024271";"Poblano OÜ";"16650579";"13.01.2023";"Tähtajatu";"Jah";"Toitlustamine";""
"KTO024270";"OÜ MiRo-Liza Style";"14566314";"12.01.2023";"Tähtajatu";"Jah";"Toitlustamine";""
"KTO024269";"Margus Murulauk";"14850819";"11.01.2023";"Tähtajatu";"Jah";"Toitlustamine";""
"KTO024268";"Hopsbar OÜ";"16364276";"06.01.2023";"Tähtajatu";"Jah";"Toitlustamine";""
"KTO024266";"Komorebi Elva OÜ";"16072438";"03.01.2023";"Tähtajatu";"Jah";"Toitlustamine";""
"KTO024265";"OÜ Oru Kultuurisaal";"14766527";"02.01.2023";"Tähtajatu";"Jah";"Toitlustamine";""
"KTO024263";"Wöhrmann Restoran OÜ";"16612053";"30.12.2022";"Tähtajatu";"Jah";"Toitlustamine";""
"KTO024261";"Ridhima OÜ";"16510803";"29.12.2022";"Tähtajatu";"Jah";"Toitlustamine";""
"KTO024262";"Kelluke OÜ";"12221367";"29.12.2022";"Tähtajatu";"Jah";"Toitlustamine";""
"KTO024260";"Osaühing Barthold";"12251003";"28.12.2022";"Tähtajatu";"Jah";"Toitlustamine";""
"KTO024259";"Ugandi Majutus OÜ";"16102916";"22.12.2022";"Tähtajatu";"Jah";"Toitlustamine";""
"KTO024257";"Deluxewine OÜ";"14847444";"19.12.2022";"Tähtajatu";"Jah";"Toitlustamine";""
"KTO024256";"EMARKETING OÜ";"14976503";"18.12.2022";"Tähtajatu";"Jah";"Toitlustamine";""
"KTO024255";"SANDARIUS OÜ";"16322622";"15.12.2022";"Tähtajatu";"Jah";"Toitlustamine";""
"KTO024253";"Roorweromer OÜ";"16496894";"15.12.2022";"Tähtajatu";"Jah";"Toitlustamine";""
"KTO024252";"Reference Resto OÜ";"16554858";"14.12.2022";"Tähtajatu";"Jah";"Toitlustamine";""
"KTO024251";"OÜ Si-Kla";"12813553";"14.12.2022";"Tähtajatu";"Jah";"Toitlustamine";""
"KTO024249";"Jälitaja OÜ";"16609973";"12.12.2022";"Tähtajatu";"Jah";"Toitlustamine";""
"KTO024250";"OÜ DZEM";"16440304";"12.12.2022";"Tähtajatu";"Jah";"Toitlustamine";""
"KTO024248";"Selgrim OÜ";"12395951";"12.12.2022";"Tähtajatu";"Jah";"Toitlustamine";""
"KTO024246";"Reds OÜ";"12106028";"07.12.2022";"Tähtajatu";"Jah";"Toitlustamine";""
"KTO024245";"4Sisters Catering OÜ";"16594295";"07.12.2022";"Tähtajatu";"Jah";"Toitlustamine";""
"KTO024244";"Phoibe OÜ";"16565879";"06.12.2022";"Tähtajatu";"Jah";"Toitlustamine";""
"KTO024240";"ELAMUS RESTO OÜ";"14849118";"05.12.2022";"Tähtajatu";"Jah";"Toitlustamine";""
"KTO024241";"Freya Viru OÜ";"16387656";"02.12.2022";"Tähtajatu";"Jah";"Toitlustamine";""
"KTO024243";"Markdani OÜ";"16533844";"02.12.2022";"Tähtajatu";"Jah";"Toitlustamine";""
"KTO024242";"Fun Dining OÜ";"14560843";"02.12.2022";"Tähtajatu";"Jah";"Toitlustamine";""
"KTO024239";"OÜ Kivirek";"14867915";"01.12.2022";"Tähtajatu";"Jah";"Toitlustamine";""
"KTO024238";"food coma OÜ";"14909145";"30.11.2022";"Tähtajatu";"Jah";"Toitlustamine";""
"KTO024237";"Royal Catering OÜ";"16112865";"30.11.2022";"Tähtajatu";"Jah";"Toitlustamine";""
"KTO024234";"Kolmanda Korruse Kohvik OÜ";"16619307";"27.11.2022";"Tähtajatu";"Jah";"Toitlustamine";""
"KTO024233";"Rokoköök OÜ";"16571064";"26.11.2022";"Tähtajatu";"Jah";"Toitlustamine";""
"KTO024232";"Hooligaan BT&C OÜ";"16580577";"25.11.2022";"Tähtajatu";"Jah";"Toitlustamine";""
"KTO024231";"OÜ Kallusilma";"16101217";"21.11.2022";"Tähtajatu";"Jah";"Toitlustamine";""
"KTO024230";"OÜ Härra Mesinik";"14547883";"17.11.2022";"Tähtajatu";"Jah";"Toitlustamine";""
"KTO024228";"NAZ OÜ";"12846765";"16.11.2022";"Tähtajatu";"Jah";"Toitlustamine";""
"KTO024229";"Balance OÜ";"16582168";"16.11.2022";"Tähtajatu";"Jah";"Toitlustamine";""
"KTO024227";"Lunakuu OÜ";"16552500";"15.11.2022";"Tähtajatu";"Jah";"Toitlustamine";""
"KTO024226";"Intent United OÜ";"16595627";"14.11.2022";"Tähtajatu";"Jah";"Toitlustamine";""
"KTO024225";"Campania Food OÜ";"16520718";"13.11.2022";"Tähtajatu";"Jah";"Toitlustamine";""
"KTO024224";"SK TEAM OÜ";"14327466";"08.11.2022";"Tähtajatu";"Jah";"Toitlustamine";""
"KTO024222";"Ramastus OÜ";"14756405";"07.11.2022";"Tähtajatu";"Jah";"Toitlustamine";""
"KTO024223";"Booze Mule drinks OÜ";"14984431";"07.11.2022";"Tähtajatu";"Jah";"Toitlustamine";""
"KTO024215";"Mittetulundusühing Mauritiuse Instituut";"80075928";"04.11.2022";"Tähtajatu";"Jah";"Toitlustamine";""
"KTO024217";"TTÜ Filmiklubi";"80217141";"04.11.2022";"Tähtajatu";"Jah";"Toitlustamine";""
"KTO024218";"MTÜ MetsaMecca";"80613343";"04.11.2022";"Tähtajatu";"Jah";"Toitlustamine";""
"KTO024219";"ELEMBEER OÜ";"16437259";"04.11.2022";"Tähtajatu";"Jah";"Toitlustamine";""
"KTO024214";"Klorofüll Green Food Studio OÜ";"16576937";"03.11.2022";"Tähtajatu";"Jah";"Toitlustamine";""
"KTO024213";"SYAZ OÜ";"16595277";"02.11.2022";"Tähtajatu";"Jah";"Toitlustamine";""
"KTO024210";"Osaühing Hogg Invest";"10584501";"01.11.2022";"Tähtajatu";"Jah";"Toitlustamine";""
"KTO024212";"Upscale Invest OÜ";"16469453";"01.11.2022";"Tähtajatu";"Jah";"Toitlustamine";""
"KTO024211";"Villa Maria Viljandi OÜ";"16599683";"01.11.2022";"Tähtajatu";"Jah";"Toitlustamine";""
"KTO024208";"Naabrimehed OÜ";"16329854";"28.10.2022";"Tähtajatu";"Jah";"Toitlustamine";""
"KTO024207";"Metros OÜ";"10452524";"27.10.2022";"Tähtajatu";"Jah";"Toitlustamine";""
"KTO024205";"OÜ Kidrakuur Kultuuriklubi";"16503795";"25.10.2022";"Tähtajatu";"Jah";"Toitlustamine";""
"KTO024206";"Pizzatuba OÜ";"16599884";"25.10.2022";"Tähtajatu";"Jah";"Toitlustamine";""
"KTO024202";"Schlossfellin OÜ";"16263925";"24.10.2022";"Tähtajatu";"Jah";"Toitlustamine";""
"KTO024203";"VSV OÜ";"12797400";"24.10.2022";"Tähtajatu";"Jah";"Toitlustamine";""
"KTO024201";"Lmbk OÜ";"16040645";"21.10.2022";"Tähtajatu";"Jah";"Toitlustamine";""
"KTO024200";"Osaühing SMG Invest";"10795360";"20.10.2022";"Tähtajatu";"Jah";"Toitlustamine";""
"KTO024199";"Tannide Kodukohvik OÜ";"16562409";"19.10.2022";"Tähtajatu";"Jah";"Toitlustamine";""
"KTO024198";"OÜ Pudelibaar";"12352129";"19.10.2022";"Tähtajatu";"Jah";"Toitlustamine";""
"KTO024197";"OÜ KATHMANDU";"16524981";"16.10.2022";"Tähtajatu";"Jah";"Toitlustamine";""
"KTO024193";"Gremanee kohvik OÜ";"14988475";"13.10.2022";"Tähtajatu";"Jah";"Toitlustamine";""
"KTO024191";"Elamuarenduse OÜ";"16509622";"09.10.2022";"Tähtajatu";"Jah";"Toitlustamine";""
"KTO024189";"Glory Hole OÜ";"16588337";"07.10.2022";"Tähtajatu";"Jah";"Toitlustamine";""
"KTO024190";"Biblioteq Library of Events OÜ";"14838008";"07.10.2022";"Tähtajatu";"Jah";"Toitlustamine";""
"KTO024187";"Foie Gras OÜ";"16547657";"03.10.2022";"Tähtajatu";"Jah";"Toitlustamine";""
"KTO024184";"FestivaliMaja OÜ";"14353417";"29.09.2022";"Tähtajatu";"Jah";"Toitlustamine";""
"KTO024185";"OÜ Lehtsabad";"16547120";"29.09.2022";"Tähtajatu";"Jah";"Toitlustamine";""
"KTO024183";"ÖÖCLUB OÜ";"16573531";"27.09.2022";"Tähtajatu";"Jah";"Toitlustamine";""
"KTO024182";"Osaühing Verta Teenused";"11522380";"18.09.2022";"Tähtajatu";"Jah";"Toitlustamine";""
"KTO024181";"ARRE Investments OÜ";"16565187";"16.09.2022";"Tähtajatu";"Jah";"Toitlustamine";""
"KTO024180";"CK Cafe OÜ";"16386450";"13.09.2022";"Tähtajatu";"Jah";"Toitlustamine";""
"KTO024179";"Vaneminspektor Pontsik OÜ";"16517372";"11.09.2022";"Tähtajatu";"Jah";"Toitlustamine";""
"KTO024178";"Wix Teenused OÜ";"12984378";"09.09.2022";"Tähtajatu";"Jah";"Toitlustamine";""
"KTO024177";"Heaven Osaühing";"12296141";"08.09.2022";"Tähtajatu";"Jah";"Toitlustamine";""
"KTO024176";"SJBAR OÜ";"16568180";"06.09.2022";"Tähtajatu";"Jah";"Toitlustamine";""
"KTO024175";"StuGlaze OÜ";"16280668";"06.09.2022";"Tähtajatu";"Jah";"Toitlustamine";""
"KTO024173";"Workfactory OÜ";"14253271";"05.09.2022";"Tähtajatu";"Jah";"Toitlustamine";""
"KTO024172";"OÜ WESTERFAN";"11107379";"03.09.2022";"Tähtajatu";"Jah";"Toitlustamine";""
"KTO024171";"Hiiumaale puhkama OÜ";"16075804";"02.09.2022";"Tähtajatu";"Jah";"Toitlustamine";""
"KTO024170";"GR EVENTS OÜ";"16534382";"30.08.2022";"Tähtajatu";"Jah";"Toitlustamine";""
"KTO024169";"Building Bridges OÜ";"16559169";"29.08.2022";"Tähtajatu";"Jah";"Toitlustamine";""
"KTO024166";"Ülejõe Consulting OÜ";"16550435";"25.08.2022";"Tähtajatu";"Jah";"Toitlustamine";""
"KTO024167";"vermentino OÜ";"16552747";"25.08.2022";"Tähtajatu";"Jah";"Toitlustamine";""
"KTO024165";"Intrezo OÜ";"16440043";"25.08.2022";"Tähtajatu";"Jah";"Toitlustamine";""
"KTO024164";"Taptales Inc. OÜ";"16475797";"24.08.2022";"Tähtajatu";"Jah";"Toitlustamine";""
"KTO024163";"Cocktail Sprout OÜ";"16037040";"23.08.2022";"Tähtajatu";"Jah";"Toitlustamine";""
"KTO024161";"OÜ Novaville";"10574191";"22.08.2022";"Tähtajatu";"Jah";"Toitlustamine";""
"KTO024162";"Greenhood OÜ";"12542077";"22.08.2022";"Tähtajatu";"Jah";"Toitlustamine";""
"KTO024160";"CenterFood OÜ";"16142067";"19.08.2022";"Tähtajatu";"Jah";"Toitlustamine";""
"KTO024159";"Belalis OÜ";"14505086";"18.08.2022";"Tähtajatu";"Jah";"Toitlustamine";""
"KTO024158";"Aurita Cruising OÜ";"16211615";"16.08.2022";"Tähtajatu";"Jah";"Toitlustamine";""
"KTO024157";"Lola Green OÜ";"11908629";"15.08.2022";"Tähtajatu";"Jah";"Toitlustamine";""
"KTO024155";"MTÜ NOORED MAALE";"80577202";"11.08.2022";"Tähtajatu";"Jah";"Toitlustamine";""
"KTO024154";"Adehade OÜ";"16471888";"10.08.2022";"Tähtajatu";"Jah";"Toitlustamine";""
"KTO024152";"MiPa Services OÜ";"12271537";"09.08.2022";"Tähtajatu";"Jah";"Toitlustamine";""
"KTO024153";"Mittetulundusühing Toila Toiduklubi";"80356099";"09.08.2022";"Tähtajatu";"Jah";"Toitlustamine";""
"KTO024151";"1E Market OÜ";"16392671";"06.08.2022";"Tähtajatu";"Jah";"Toitlustamine";""
"KTO024150";"Cubanelle OÜ";"16472037";"05.08.2022";"Tähtajatu";"Jah";"Toitlustamine";""
"KTO024149";"DM OÜ";"16528878";"04.08.2022";"Tähtajatu";"Jah";"Toitlustamine";""
"KTO024147";"Pesseressa Masaramindi OÜ";"16471316";"04.08.2022";"Tähtajatu";"Jah";"Toitlustamine";""
"KTO024148";"Bayasansaba Siniguijri OÜ";"16314025";"04.08.2022";"Tähtajatu";"Jah";"Toitlustamine";""
"KTO024144";"Tatjana Tanda?vili ateljee";"11648891";"03.08.2022";"Tähtajatu";"Jah";"Toitlustamine";""
"KTO024145";"Põik 7 OÜ";"14838735";"03.08.2022";"Tähtajatu";"Jah";"Toitlustamine";""
"KTO024142";"Smoke OÜ";"16500006";"02.08.2022";"Tähtajatu";"Jah";"Toitlustamine";""
"KTO024105";"Infopro OÜ";"12876832";"01.08.2022";"Tähtajatu";"Jah";"Toitlustamine";""
"KTO024139";"Jarex Invest OÜ";"12514626";"01.08.2022";"Tähtajatu";"Jah";"Toitlustamine";""
"KTO024136";"OÜ Siberi Sammar";"14261394";"29.07.2022";"Tähtajatu";"Jah";"Toitlustamine";""
"KTO024135";"Baarcelona OÜ";"16467059";"28.07.2022";"Tähtajatu";"Jah";"Toitlustamine";""
"KTO024134";"MaaM Trade OÜ";"16541985";"26.07.2022";"Tähtajatu";"Jah";"Toitlustamine";""
"KTO024133";"BeanyBusiness OÜ";"16534883";"24.07.2022";"Tähtajatu";"Jah";"Toitlustamine";""
"KTO024131";"OÜ Music Invest";"11222152";"22.07.2022";"Tähtajatu";"Jah";"Toitlustamine";""
"KTO024129";"Fournil OÜ";"16183118";"22.07.2022";"Tähtajatu";"Jah";"Toitlustamine";""
"KTO024128";"Muhurito OÜ";"14535466";"22.07.2022";"Tähtajatu";"Jah";"Toitlustamine";""
"KTO024130";"SeeIT OÜ";"12329656";"22.07.2022";"Tähtajatu";"Jah";"Toitlustamine";""
"KTO024127";"Kihnu Kohvik OÜ";"16537854";"22.07.2022";"Tähtajatu";"Jah";"Toitlustamine";""
"KTO024125";"OÜ KUUSAP";"14874487";"21.07.2022";"Tähtajatu";"Jah";"Toitlustamine";""
"KTO024126";"OÜ Rae Sulgpallikeskus";"16163336";"21.07.2022";"Tähtajatu";"Jah";"Toitlustamine";""
"KTO024124";"OÜ ARJAAN";"16496109";"20.07.2022";"Tähtajatu";"Jah";"Toitlustamine";""
"KTO024122";"Wabakohvik OÜ";"14125998";"20.07.2022";"Tähtajatu";"Jah";"Toitlustamine";""
"KTO024120";"Mairi Pakkas";"12666282";"18.07.2022";"Tähtajatu";"Jah";"Toitlustamine";""
"KTO024118";"SSA Grupp OÜ";"16522255";"16.07.2022";"Tähtajatu";"Jah";"Toitlustamine";""
"KTO024117";"ITALIA PROMOTIONS OÜ";"12518966";"15.07.2022";"Tähtajatu";"Jah";"Toitlustamine";""
"KTO024115";"AS Alexela";"10015238";"14.07.2022";"Tähtajatu";"Jah";"Toitlustamine";""
"KTO024114";"Liquid Intelligence OÜ";"16535714";"14.07.2022";"Tähtajatu";"Jah";"Toitlustamine";""
"KTO024113";"Keila Lions Klubi";"80089020";"14.07.2022";"Tähtajatu";"Jah";"Toitlustamine";""
"KTO024112";"Marmerol OÜ";"14486118";"12.07.2022";"Tähtajatu";"Jah";"Toitlustamine";""
"KTO024110";"Läbirändaja OÜ";"16470400";"12.07.2022";"Tähtajatu";"Jah";"Toitlustamine";""
"KTO024111";"Vanameistri Pubi OÜ";"16532319";"12.07.2022";"Tähtajatu";"Jah";"Toitlustamine";""
"KTO024109";"Kogu Resto OÜ";"16454861";"11.07.2022";"Tähtajatu";"Jah";"Toitlustamine";""
"KTO024107";"Kebab Stop OÜ";"14452473";"10.07.2022";"Tähtajatu";"Jah";"Toitlustamine";""
"KTO024106";"Nabra OÜ";"16507053";"09.07.2022";"Tähtajatu";"Jah";"Toitlustamine";""
"KTO024104";"Mittetulundusühing Ökokuller";"80406220";"07.07.2022";"Tähtajatu";"Jah";"Toitlustamine";""
"KTO024101";"Skavel OÜ";"16485270";"06.07.2022";"Tähtajatu";"Jah";"Toitlustamine";""
"KTO024102";"PAALAKALDA OÜ";"10945919";"06.07.2022";"Tähtajatu";"Jah";"Toitlustamine";""
"KTO024100";"Kalmini Kook & Kohv OÜ";"16229070";"04.07.2022";"Tähtajatu";"Jah";"Toitlustamine";""
"KTO024099";"Healthy Sweets OÜ";"14596700";"01.07.2022";"Tähtajatu";"Jah";"Toitlustamine";""
"KTO024077";"White Beach Resort OÜ";"16511352";"01.07.2022";"Tähtajatu";"Jah";"Toitlustamine";""
"KTO024097";"BaarUlme OÜ";"16526738";"30.06.2022";"Tähtajatu";"Jah";"Toitlustamine";""
"KTO024096";"Koidu resto OÜ";"16473781";"30.06.2022";"Tähtajatu";"Jah";"Toitlustamine";""
"KTO024098";"Vagunipark OÜ";"16322510";"30.06.2022";"Tähtajatu";"Jah";"Toitlustamine";""
"KTO024095";"PameVustica OÜ";"16253306";"29.06.2022";"Tähtajatu";"Jah";"Toitlustamine";""
"KTO024049";"Pagu OÜ";"16505854";"27.06.2022";"Tähtajatu";"Jah";"Toitlustamine";""
"KTO024094";"Tiia Uusoja";"11615397";"24.06.2022";"Tähtajatu";"Jah";"Toitlustamine";""
"KTO024092";"OÜ Gaston Grupp";"16301152";"22.06.2022";"Tähtajatu";"Jah";"Toitlustamine";""
"KTO024088";"Estkompexim Toitlustus OÜ";"12064927";"20.06.2022";"Tähtajatu";"Jah";"Toitlustamine";""
"KTO024089";"Muhu Namaste OÜ";"16518934";"20.06.2022";"Tähtajatu";"Jah";"Toitlustamine";""
"KTO024087";"Margus Hinrikus";"16001326";"18.06.2022";"Tähtajatu";"Jah";"Toitlustamine";""
"KTO024086";"OÜ Express Ration";"12632538";"16.06.2022";"Tähtajatu";"Jah";"Toitlustamine";""
"KTO024084";"Kollane Porgand OÜ";"16029359";"15.06.2022";"Tähtajatu";"Jah";"Toitlustamine";""
"KTO024083";"Mireco OÜ";"12509803";"15.06.2022";"Tähtajatu";"Jah";"Toitlustamine";""
"KTO024085";"OÜ Rexleonum Group";"16134323";"15.06.2022";"Tähtajatu";"Jah";"Toitlustamine";""
"KTO024082";"Prospetiva Eyes OÜ";"16365413";"14.06.2022";"Tähtajatu";"Jah";"Toitlustamine";""
"KTO024079";"Bramps OÜ";"16517314";"13.06.2022";"Tähtajatu";"Jah";"Toitlustamine";""
"KTO024080";"KALEV TERA REISID";"10156430";"13.06.2022";"Tähtajatu";"Jah";"Toitlustamine";""
"KTO024081";"Lehter ja Pojad OÜ";"16512311";"13.06.2022";"Tähtajatu";"Jah";"Toitlustamine";""
"KTO024076";"Gerda Catering OÜ";"16438098";"10.06.2022";"Tähtajatu";"Jah";"Toitlustamine";""
"KTO024078";"OÜ KingDigital";"16516852";"10.06.2022";"Tähtajatu";"Jah";"Toitlustamine";""
"KTO024074";"Givent OÜ";"14080592";"09.06.2022";"Tähtajatu";"Jah";"Toitlustamine";""
"KTO024073";"FS Seafood Estonia OÜ";"14697173";"09.06.2022";"Tähtajatu";"Jah";"Toitlustamine";""
"KTO024072";"Kerli Koduköök OÜ";"16277716";"09.06.2022";"Tähtajatu";"Jah";"Toitlustamine";""
"KTO024075";"Vladislav Romanovskiy";"14743503";"09.06.2022";"Tähtajatu";"Jah";"Toitlustamine";""
"KTO024067";"CDG OÜ";"12817812";"08.06.2022";"Tähtajatu";"Jah";"Toitlustamine";""
"KTO024071";"KM Custom OÜ";"16233158";"08.06.2022";"Tähtajatu";"Jah";"Toitlustamine";""
"KTO024070";"Üheksa Uba OÜ";"16499102";"08.06.2022";"Tähtajatu";"Jah";"Toitlustamine";""
"KTO024069";"OÜ LIVISTONA";"10894553";"08.06.2022";"Tähtajatu";"Jah";"Toitlustamine";""
"KTO024068";"OÜ RMFOOD";"14991945";"08.06.2022";"Tähtajatu";"Jah";"Toitlustamine";""
"KTO024064";"Viru toitlustus OÜ";"16499148";"06.06.2022";"Tähtajatu";"Jah";"Toitlustamine";""
"KTO024065";"Haapsalu kohvik OÜ";"16512771";"06.06.2022";"Tähtajatu";"Jah";"Toitlustamine";""
"KTO024062";"Tartu Veg Machine OÜ";"14912791";"06.06.2022";"Tähtajatu";"Jah";"Toitlustamine";""
"KTO024061";"Solution catering OÜ";"16489345";"05.06.2022";"Tähtajatu";"Jah";"Toitlustamine";""
"KTO024059";"DaBro OÜ";"16218563";"02.06.2022";"Tähtajatu";"Jah";"Toitlustamine";""
"KTO024058";"FOODIES OÜ";"12674382";"02.06.2022";"Tähtajatu";"Jah";"Toitlustamine";""
"KTO024060";"Tompoeg OÜ";"16507712";"02.06.2022";"Tähtajatu";"Jah";"Toitlustamine";""
"KTO023995";"Café Brasil OÜ";"16401385";"01.06.2022";"Tähtajatu";"Jah";"Toitlustamine";""
"KTO024054";"KihnuRito OÜ";"16510507";"31.05.2022";"Tähtajatu";"Jah";"Toitlustamine";""
"KTO024056";"Meie köök OÜ";"14971121";"31.05.2022";"Tähtajatu";"Jah";"Toitlustamine";""
"KTO024055";"Memmeköök OÜ";"16479950";"31.05.2022";"Tähtajatu";"Jah";"Toitlustamine";""
"KTO024052";"Kaks Käbi OÜ";"14374900";"31.05.2022";"Tähtajatu";"Jah";"Toitlustamine";""
"KTO024053";"OÜ PVK Group";"12834555";"31.05.2022";"Tähtajatu";"Jah";"Toitlustamine";""
"KTO024051";"Pansionaat OÜ";"14976124";"30.05.2022";"Tähtajatu";"Jah";"Toitlustamine";""
"KTO024050";"Kao Thai OÜ";"16505222";"27.05.2022";"Tähtajatu";"Jah";"Toitlustamine";""
"KTO024048";"Raist Holding OÜ";"14623584";"26.05.2022";"Tähtajatu";"Jah";"Toitlustamine";""
"KTO024047";"Tori Maitsed OÜ";"16483199";"26.05.2022";"Tähtajatu";"Jah";"Toitlustamine";""
"KTO024046";"MTÜ Aktiivne Põltsamaa";"80592658";"25.05.2022";"Tähtajatu";"Jah";"Toitlustamine";""
"KTO024042";"TFT GROUP OÜ";"14641725";"24.05.2022";"Tähtajatu";"Jah";"Toitlustamine";""
"KTO024043";"VÕSU SURFIKOOL OÜ";"12652015";"24.05.2022";"Tähtajatu";"Jah";"Toitlustamine";""
"KTO024044";"MULTIREST Osaühing";"16115231";"24.05.2022";"Tähtajatu";"Jah";"Toitlustamine";""
"KTO024041";"Rooslaiu talu OÜ";"16441953";"24.05.2022";"Tähtajatu";"Jah";"Toitlustamine";""
"KTO024040";"OÜ Eskobaar";"16489575";"19.05.2022";"Tähtajatu";"Jah";"Toitlustamine";""
"KTO024037";"BALABANLAR Osaühing";"12207491";"17.05.2022";"Tähtajatu";"Jah";"Toitlustamine";""
"KTO024036";"ALERION Service OÜ";"11586919";"17.05.2022";"Tähtajatu";"Jah";"Toitlustamine";""
"KTO024035";"Crustum OÜ";"14151949";"16.05.2022";"Tähtajatu";"Jah";"Toitlustamine";""
"KTO024034";"JUSIF GROUP OÜ";"16332371";"16.05.2022";"Tähtajatu";"Jah";"Toitlustamine";""
"KTO024033";"Grillberg OÜ";"16459663";"15.05.2022";"Tähtajatu";"Jah";"Toitlustamine";""
"KTO024028";"Mari Kokteilid OÜ";"16481160";"13.05.2022";"Tähtajatu";"Jah";"Toitlustamine";""
"KTO024030";"NoveMore OÜ";"16409524";"13.05.2022";"Tähtajatu";"Jah";"Toitlustamine";""
"KTO024031";"Hawaii bowl OÜ";"16173889";"13.05.2022";"Tähtajatu";"Jah";"Toitlustamine";""
"KTO024026";"GR Catering OÜ";"16421844";"12.05.2022";"Tähtajatu";"Jah";"Toitlustamine";""
"KTO024025";"Osaühing GRAUBERG";"10876986";"12.05.2022";"Tähtajatu";"Jah";"Toitlustamine";""
"KTO024020";"OÜ Mägestiku Grupp";"16493298";"11.05.2022";"Tähtajatu";"Jah";"Toitlustamine";""
"KTO024021";"MADZ OÜ";"16493524";"11.05.2022";"Tähtajatu";"Jah";"Toitlustamine";""
"KTO024019";"OÜ Mai Events";"11985720";"11.05.2022";"Tähtajatu";"Jah";"Toitlustamine";""
"KTO024018";"Erinevate Tubade Klubi OÜ";"12316895";"11.05.2022";"Tähtajatu";"Jah";"Toitlustamine";""
"KTO024017";"M.Lastik OÜ";"16435757";"11.05.2022";"Tähtajatu";"Jah";"Toitlustamine";""
"KTO024023";"LUSO OÜ";"16490992";"11.05.2022";"Tähtajatu";"Jah";"Toitlustamine";""
"KTO024022";"PunaneExpress OÜ";"16001384";"11.05.2022";"Tähtajatu";"Jah";"Toitlustamine";""
"KTO024016";"Peakoka Kulinaaria OÜ";"16473507";"10.05.2022";"Tähtajatu";"Jah";"Toitlustamine";""
"KTO024015";"Marok'Est OÜ";"12857065";"10.05.2022";"Tähtajatu";"Jah";"Toitlustamine";""
"KTO024013";"OÜ Kelmikas";"16496322";"09.05.2022";"Tähtajatu";"Jah";"Toitlustamine";""
"KTO024014";"R-ena OÜ";"14164001";"09.05.2022";"Tähtajatu";"Jah";"Toitlustamine";""
"KTO024011";"Veintsik OÜ";"16447298";"06.05.2022";"Tähtajatu";"Jah";"Toitlustamine";""
"KTO024009";"Chilläx OÜ";"14794357";"05.05.2022";"Tähtajatu";"Jah";"Toitlustamine";""
"KTO024010";"MyPack OÜ";"14797982";"05.05.2022";"Tähtajatu";"Jah";"Toitlustamine";""
"KTO024008";"BSK Group OÜ";"16463050";"04.05.2022";"Tähtajatu";"Jah";"Toitlustamine";""
"KTO024006";"Orange House OÜ";"16448855";"03.05.2022";"Tähtajatu";"Jah";"Toitlustamine";""
"KTO024004";"Vana Mikk OÜ";"16414181";"03.05.2022";"Tähtajatu";"Jah";"Toitlustamine";""
"KTO024005";"Tornikohvik OÜ";"16483377";"03.05.2022";"Tähtajatu";"Jah";"Toitlustamine";""
"KTO024002";"Cafe Chef OÜ";"12897188";"02.05.2022";"Tähtajatu";"Jah";"Toitlustamine";""
"KTO024003";"Kuursaal OÜ";"16377528";"02.05.2022";"Tähtajatu";"Jah";"Toitlustamine";""
"KTO024001";"Comfood OÜ";"14726456";"02.05.2022";"Tähtajatu";"Jah";"Toitlustamine";""
"KTO024000";"BACIO OÜ";"16406431";"29.04.2022";"Tähtajatu";"Jah";"Toitlustamine";""
"KTO023999";"Konepro OÜ";"16082537";"28.04.2022";"Tähtajatu";"Jah";"Toitlustamine";""
"KTO023997";"Jürivärava OÜ";"16472221";"26.04.2022";"Tähtajatu";"Jah";"Toitlustamine";""
"KTO023998";"Magnum MC Grupp OÜ";"16485382";"26.04.2022";"Tähtajatu";"Jah";"Toitlustamine";""
"KTO023996";"Margeköök OÜ";"16486005";"26.04.2022";"Tähtajatu";"Jah";"Toitlustamine";""
"KTO023994";"KuldAnkur Osaühing";"16409429";"24.04.2022";"Tähtajatu";"Jah";"Toitlustamine";""
"KTO023992";"Korrusbuss OÜ";"16068655";"20.04.2022";"Tähtajatu";"Jah";"Toitlustamine";""
"KTO023991";"Janune24 OÜ";"16477388";"20.04.2022";"Tähtajatu";"Jah";"Toitlustamine";""
"KTO023989";"WINWINSTAY Estonia OÜ";"14910243";"18.04.2022";"Tähtajatu";"Jah";"Toitlustamine";""
"KTO023988";"Hara sadam OÜ";"14221182";"17.04.2022";"Tähtajatu";"Jah";"Toitlustamine";""
"KTO023987";"BM&B OÜ";"16406589";"17.04.2022";"Tähtajatu";"Jah";"Toitlustamine";""
"KTO023986";"A.S Solutions OÜ";"12627632";"15.04.2022";"Tähtajatu";"Jah";"Toitlustamine";""
"KTO023985";"Narvland OÜ";"16479996";"14.04.2022";"Tähtajatu";"Jah";"Toitlustamine";""
"KTO023983";"OÜ pizza pasta";"16313971";"12.04.2022";"Tähtajatu";"Jah";"Toitlustamine";""
"KTO023984";"Challenge Way OÜ";"12471905";"12.04.2022";"Tähtajatu";"Jah";"Toitlustamine";""
"KTO023981";"OÜ Ingeri kohvik";"16418262";"11.04.2022";"Tähtajatu";"Jah";"Toitlustamine";""
"KTO023979";"Pecorino OÜ";"16412785";"08.04.2022";"Tähtajatu";"Jah";"Toitlustamine";""
"KTO023978";"Bdesh OÜ";"16386993";"07.04.2022";"Tähtajatu";"Jah";"Toitlustamine";""
"KTO023977";"Margus Pikhoff";"12451156";"06.04.2022";"Tähtajatu";"Jah";"Toitlustamine";""
"KTO023975";"GRA Legal OÜ";"14349628";"05.04.2022";"Tähtajatu";"Jah";"Toitlustamine";""
"KTO023976";"OÜ Restoranide Operaator";"16438520";"05.04.2022";"Tähtajatu";"Jah";"Toitlustamine";""
"KTO023934";"Jää OÜ";"16394550";"04.04.2022";"Tähtajatu";"Jah";"Toitlustamine";""
"KTO023973";"RTH OÜ";"12544389";"01.04.2022";"Tähtajatu";"Jah";"Toitlustamine";""
"KTO023972";"ZUPST OÜ";"12721704";"30.03.2022";"Tähtajatu";"Jah";"Toitlustamine";""
"KTO023971";"Tautsi pizza OÜ";"16312658";"29.03.2022";"Tähtajatu";"Jah";"Toitlustamine";""
"KTO023970";"Literaat Restod OÜ";"16126542";"28.03.2022";"Tähtajatu";"Jah";"Toitlustamine";""
"KTO023969";"OÜ Arukas Hobu";"16229940";"28.03.2022";"Tähtajatu";"Jah";"Toitlustamine";""
"KTO023968";"Urve Köök OÜ";"14596025";"27.03.2022";"Tähtajatu";"Jah";"Toitlustamine";""
"KTO023967";"Finn Bayer OÜ";"11187026";"24.03.2022";"Tähtajatu";"Jah";"Toitlustamine";""
"KTO023966";"V.S Family OÜ";"16290313";"23.03.2022";"Tähtajatu";"Jah";"Toitlustamine";""
"KTO023963";"Beer Garden Pub OÜ";"12260781";"22.03.2022";"Tähtajatu";"Jah";"Toitlustamine";""
"KTO023964";"AQUA GLOBAL OÜ";"12929215";"22.03.2022";"Tähtajatu";"Jah";"Toitlustamine";""
"KTO023960";"KofemanCafe OÜ";"16290276";"21.03.2022";"Tähtajatu";"Jah";"Toitlustamine";""
"KTO023918";"Tõrvatoss OÜ";"12774540";"21.03.2022";"Tähtajatu";"Jah";"Toitlustamine";""
"KTO023961";"Liana Vaino";"10554610";"21.03.2022";"Tähtajatu";"Jah";"Toitlustamine";""
"KTO023962";"TMburks OÜ";"16460703";"21.03.2022";"Tähtajatu";"Jah";"Toitlustamine";""
"KTO023959";"Koduküla Kohvik OÜ";"16455820";"17.03.2022";"Tähtajatu";"Jah";"Toitlustamine";""
"KTO023958";"Manu Catering OÜ";"11695420";"17.03.2022";"Tähtajatu";"Jah";"Toitlustamine";""
"KTO023956";"Isletes OÜ";"14073801";"14.03.2022";"Tähtajatu";"Jah";"Toitlustamine";""
"KTO023954";"AMD Keskus OÜ";"16394188";"11.03.2022";"Tähtajatu";"Jah";"Toitlustamine";""
"KTO023955";"BERGSON EST OÜ";"16387521";"11.03.2022";"Tähtajatu";"Jah";"Toitlustamine";""
"KTO023952";"DOSE OÜ";"14068616";"08.03.2022";"Tähtajatu";"Jah";"Toitlustamine";""
"KTO023951";"Osaühing Maricolous";"16044962";"07.03.2022";"Tähtajatu";"Jah";"Toitlustamine";""
"KTO023950";"Tamerlan Grupp OÜ";"16454565";"06.03.2022";"Tähtajatu";"Jah";"Toitlustamine";""
"KTO023949";"Sushi Out OÜ";"16442912";"04.03.2022";"Tähtajatu";"Jah";"Toitlustamine";""
"KTO023948";"OÜ Suur Pidu";"16450596";"03.03.2022";"Tähtajatu";"Jah";"Toitlustamine";""
"KTO023947";"Luking Pro OÜ";"16374576";"01.03.2022";"Tähtajatu";"Jah";"Toitlustamine";""
"KTO023946";"Sushi King Tallinn OÜ";"16368825";"27.02.2022";"Tähtajatu";"Jah";"Toitlustamine";""
"KTO023945";"OÜ KOPLI STAR";"16450053";"27.02.2022";"Tähtajatu";"Jah";"Toitlustamine";""
"KTO023943";"OÜ SUGDEJA";"11057115";"24.02.2022";"Tähtajatu";"Jah";"Toitlustamine";""
"KTO023941";"aktsiaselts A. Le Coq";"10034247";"23.02.2022";"Tähtajatu";"Jah";"Toitlustamine";""
"KTO023939";"OÜ TETSI";"12755815";"19.02.2022";"Tähtajatu";"Jah";"Toitlustamine";""
"KTO023938";"Airport Hotel OP OÜ";"16377221";"17.02.2022";"Tähtajatu";"Jah";"Toitlustamine";""
"KTO023937";"El Damo OÜ";"16442763";"15.02.2022";"Tähtajatu";"Jah";"Toitlustamine";""
"KTO023936";"JTKopper OÜ";"16163307";"14.02.2022";"Tähtajatu";"Jah";"Toitlustamine";""
"KTO023935";"OÜ LHOK";"16135038";"10.02.2022";"Tähtajatu";"Jah";"Toitlustamine";""
"KTO023933";"RK HOTELS OÜ";"16177700";"04.02.2022";"Tähtajatu";"Jah";"Toitlustamine";""
"KTO023930";"Elkfin OÜ";"14405002";"31.01.2022";"Tähtajatu";"Jah";"Toitlustamine";""
"KTO023931";"Daisy Rohtma";"12498330";"31.01.2022";"Tähtajatu";"Jah";"Toitlustamine";""
"KTO023932";"Bilpham Gigging OÜ";"16348082";"31.01.2022";"Tähtajatu";"Jah";"Toitlustamine";""
"KTO023929";"Elustiil Disain OÜ";"12947093";"29.01.2022";"Tähtajatu";"Jah";"Toitlustamine";""
"KTO023927";"Resto OÜ";"16429946";"27.01.2022";"Tähtajatu";"Jah";"Toitlustamine";""
"KTO023925";"Cafe Dulcinea OÜ";"16342569";"23.01.2022";"Tähtajatu";"Jah";"Toitlustamine";""
"KTO023924";"Gardek OÜ";"16089976";"20.01.2022";"Tähtajatu";"Jah";"Toitlustamine";""
"KTO023921";"Prestige Brand International OÜ";"11626100";"19.01.2022";"Tähtajatu";"Jah";"Toitlustamine";""
"KTO023922";"EDAuna OÜ";"16420193";"19.01.2022";"Tähtajatu";"Jah";"Toitlustamine";""
"KTO023920";"Sofa Lounge OÜ";"16360605";"18.01.2022";"Tähtajatu";"Jah";"Toitlustamine";""
"KTO023919";"Belitex Invest OÜ";"11506866";"14.01.2022";"Tähtajatu";"Jah";"Toitlustamine";""
"KTO023917";"Pelmen OÜ";"14598484";"11.01.2022";"Tähtajatu";"Jah";"Toitlustamine";""
"KTO023916";"BackHaus Grupp OÜ";"14413125";"10.01.2022";"Tähtajatu";"Jah";"Toitlustamine";""
"KTO023915";"OÜ Eurowear";"11746702";"06.01.2022";"Tähtajatu";"Jah";"Toitlustamine";""
"KTO023914";"Babiloona OÜ";"16415795";"06.01.2022";"Tähtajatu";"Jah";"Toitlustamine";""
"KTO023913";"Hardmoney Invest OÜ";"12923371";"05.01.2022";"Tähtajatu";"Jah";"Toitlustamine";""
"KTO023912";"Selosetsaane Sanmonslaa OÜ";"16366080";"04.01.2022";"Tähtajatu";"Jah";"Toitlustamine";""
"KTO023911";"Gourmet Projects OÜ";"12722810";"02.01.2022";"Tähtajatu";"Jah";"Toitlustamine";""
"KTO023910";"OÜ Lalsi Sahver";"16136144";"31.12.2021";"Tähtajatu";"Jah";"Toitlustamine";""
"KTO023908";"Tortland OÜ";"14138877";"28.12.2021";"Tähtajatu";"Jah";"Toitlustamine";""
"KTO023906";"UKM03 Holding OÜ";"16287015";"26.12.2021";"Tähtajatu";"Jah";"Toitlustamine";""
"KTO023905";"OÜ Rockafeller";"12291178";"21.12.2021";"Tähtajatu";"Jah";"Toitlustamine";""
"KTO023902";"Iglupark OÜ";"16002076";"17.12.2021";"Tähtajatu";"Jah";"Toitlustamine";""
"KTO023904";"Hansaclean OÜ";"16157123";"17.12.2021";"Tähtajatu";"Jah";"Toitlustamine";""
"KTO023903";"JAM finants ou OÜ";"14706318";"17.12.2021";"Tähtajatu";"Jah";"Toitlustamine";""
"KTO023901";"SiuSweets OÜ";"16254978";"16.12.2021";"Tähtajatu";"Jah";"Toitlustamine";""
"KTO023895";"Mereresto OÜ";"16122024";"09.12.2021";"Tähtajatu";"Jah";"Toitlustamine";""
"KTO023896";"Geohost OÜ";"14353707";"09.12.2021";"Tähtajatu";"Jah";"Toitlustamine";""
"KTO023897";"Sotsas OÜ";"12138689";"09.12.2021";"Tähtajatu";"Jah";"Toitlustamine";""
"KTO023898";"Muhu neiu OÜ";"16109667";"09.12.2021";"Tähtajatu";"Jah";"Toitlustamine";""
"KTO023894";"Megaüritus OÜ";"14344861";"05.12.2021";"Tähtajatu";"Jah";"Toitlustamine";""
"KTO023893";"Cheeseberry OÜ";"16367984";"04.12.2021";"Tähtajatu";"Jah";"Toitlustamine";""
"KTO023890";"Kolm Puuda Soola OÜ";"14047034";"01.12.2021";"Tähtajatu";"Jah";"Toitlustamine";""
"KTO023892";"FeedMe OÜ";"14867796";"01.12.2021";"Tähtajatu";"Jah";"Toitlustamine";""
"KTO023889";"K-Kalaranna OÜ";"16021317";"30.11.2021";"Tähtajatu";"Jah";"Toitlustamine";""
"KTO023888";"Art Residence OÜ";"12964884";"26.11.2021";"Tähtajatu";"Jah";"Toitlustamine";""
"KTO023887";"OÜ A.A.M. kohvik";"16047759";"26.11.2021";"Tähtajatu";"Jah";"Toitlustamine";""
"KTO023885";"Margot Cafe OÜ";"14992614";"25.11.2021";"Tähtajatu";"Jah";"Toitlustamine";""
"KTO023886";"Canteen OÜ";"12368828";"25.11.2021";"Tähtajatu";"Jah";"Toitlustamine";""
"KTO023884";"Harmaster Grupp OÜ";"12837565";"24.11.2021";"Tähtajatu";"Jah";"Toitlustamine";""
"KTO023882";"Italest OÜ";"11727389";"23.11.2021";"Tähtajatu";"Jah";"Toitlustamine";""
"KTO023881";"Väärikas hooldus OÜ";"14910869";"17.11.2021";"Tähtajatu";"Jah";"Toitlustamine";""
"KTO023878";"KohvikSahver OÜ";"16360539";"11.11.2021";"Tähtajatu";"Jah";"Toitlustamine";""
"KTO023879";"VLND Burger AT OÜ";"14978838";"11.11.2021";"Tähtajatu";"Jah";"Toitlustamine";""
"KTO023877";"Chooyu OÜ";"16299876";"06.11.2021";"Tähtajatu";"Jah";"Toitlustamine";""
"KTO023875";"Bellyful OÜ";"16307674";"03.11.2021";"Tähtajatu";"Jah";"Toitlustamine";""
"KTO023876";"SANTLUCIA OÜ";"14925150";"03.11.2021";"Tähtajatu";"Jah";"Toitlustamine";""
"KTO023874";"Maagi OÜ";"16288517";"02.11.2021";"Tähtajatu";"Jah";"Toitlustamine";""
"KTO023872";"VITIS VINIFERA OÜ";"16139183";"01.11.2021";"Tähtajatu";"Jah";"Toitlustamine";""
"KTO023871";"Tejas OÜ";"16251595";"29.10.2021";"Tähtajatu";"Jah";"Toitlustamine";""
"KTO023870";"BellyGrow OÜ";"16341045";"27.10.2021";"Tähtajatu";"Jah";"Toitlustamine";""
"KTO023869";"LEBARDE OÜ";"16328435";"26.10.2021";"Tähtajatu";"Jah";"Toitlustamine";""
"KTO023868";"L.L. Autoremont OÜ";"11562528";"26.10.2021";"Tähtajatu";"Jah";"Toitlustamine";""
"KTO023867";"DRILLIT OÜ";"16315705";"21.10.2021";"Tähtajatu";"Jah";"Toitlustamine";""
"KTO023866";"N58 OÜ";"16127027";"20.10.2021";"Tähtajatu";"Jah";"Toitlustamine";""
"KTO023865";"Baieri Restoran OÜ";"14545275";"19.10.2021";"Tähtajatu";"Jah";"Toitlustamine";""
"KTO023864";"Mittetulundusühing ORAVA";"80275395";"19.10.2021";"Tähtajatu";"Jah";"Toitlustamine";""
"KTO023863";"TAIX OÜ";"16249121";"18.10.2021";"Tähtajatu";"Jah";"Toitlustamine";""
"KTO023861";"Vanderbijl Hattiganda OÜ";"16339048";"14.10.2021";"Tähtajatu";"Jah";"Toitlustamine";""
"KTO023859";"OÜ Portulak";"16304721";"13.10.2021";"Tähtajatu";"Jah";"Toitlustamine";""
"KTO023858";"Laagri Resto OÜ";"16245689";"13.10.2021";"Tähtajatu";"Jah";"Toitlustamine";""
"KTO023857";"One World Golf OÜ";"14333969";"12.10.2021";"Tähtajatu";"Jah";"Toitlustamine";""
"KTO023856";"OÜ MoveInvest";"12220126";"10.10.2021";"Tähtajatu";"Jah";"Toitlustamine";""
"KTO023854";"Pavlov Company OÜ";"16225635";"08.10.2021";"Tähtajatu";"Jah";"Toitlustamine";""
"KTO023855";"Krebbeki OÜ";"12931548";"08.10.2021";"Tähtajatu";"Jah";"Toitlustamine";""
"KTO023853";"grillfoods OÜ";"16305026";"08.10.2021";"Tähtajatu";"Jah";"Toitlustamine";""
"KTO023851";"MJclub OÜ";"16331383";"06.10.2021";"Tähtajatu";"Jah";"Toitlustamine";""
"KTO023852";"OÜ VOLKi baar";"16333117";"06.10.2021";"Tähtajatu";"Jah";"Toitlustamine";""
"KTO023850";"Väike imperial OÜ";"16134872";"06.10.2021";"Tähtajatu";"Jah";"Toitlustamine";""
"KTO023846";"Apocalypto OÜ";"14044811";"04.10.2021";"Tähtajatu";"Jah";"Toitlustamine";""
"KTO023844";"Rõõmupeod OÜ";"14821443";"01.10.2021";"Tähtajatu";"Jah";"Toitlustamine";""
"KTO023845";"KT Pere OÜ";"16313451";"01.10.2021";"Tähtajatu";"Jah";"Toitlustamine";""
"KTO023842";"VPTG OÜ";"16327476";"29.09.2021";"Tähtajatu";"Jah";"Toitlustamine";""
"KTO023843";"Enni kohvik OÜ";"16316932";"29.09.2021";"Tähtajatu";"Jah";"Toitlustamine";""
"KTO023841";"Scandinavian Machine OÜ";"14349195";"28.09.2021";"Tähtajatu";"Jah";"Toitlustamine";""
"KTO023840";"OM JAI SHAMBHO OÜ";"16259823";"27.09.2021";"Tähtajatu";"Jah";"Toitlustamine";""
"KTO023838";"Undi OÜ";"12588978";"23.09.2021";"Tähtajatu";"Jah";"Toitlustamine";""
"KTO023837";"Vastseliina Meierei OÜ";"16224977";"22.09.2021";"Tähtajatu";"Jah";"Toitlustamine";""
"KTO023835";"Runaway Grupp OÜ";"12726141";"20.09.2021";"Tähtajatu";"Jah";"Toitlustamine";""
"KTO023833";"ÜKS KÕIKSUS OÜ";"16268650";"19.09.2021";"Tähtajatu";"Jah";"Toitlustamine";""
"KTO023832";"Andrus Piigli";"12066145";"18.09.2021";"Tähtajatu";"Jah";"Toitlustamine";""
"KTO023831";"Barngkok Food OÜ";"16123207";"17.09.2021";"Tähtajatu";"Jah";"Toitlustamine";""
"KTO023830";"Lemtec OÜ";"12862557";"17.09.2021";"Tähtajatu";"Jah";"Toitlustamine";""
"KTO023829";"Ahluka CO OÜ";"16220531";"16.09.2021";"Tähtajatu";"Jah";"Toitlustamine";""
"KTO023828";"Pajukass OÜ";"16073484";"16.09.2021";"Tähtajatu";"Jah";"Toitlustamine";""
"KTO023827";"Carta Blanca OÜ";"16271936";"15.09.2021";"Tähtajatu";"Jah";"Toitlustamine";""
"KTO023825";"Alkobaar24/7 OÜ";"16309768";"14.09.2021";"Tähtajatu";"Jah";"Toitlustamine";""
"KTO023826";"Gurkha OÜ";"16307947";"14.09.2021";"Tähtajatu";"Jah";"Toitlustamine";""
"KTO023824";"AURUM 21 OÜ";"16220666";"13.09.2021";"Tähtajatu";"Jah";"Toitlustamine";""
"KTO023823";"Skyon Resto OÜ";"16191338";"10.09.2021";"Tähtajatu";"Jah";"Toitlustamine";""
"KTO023822";"EhoSushi OÜ";"14834855";"09.09.2021";"Tähtajatu";"Jah";"Toitlustamine";""
"KTO023821";"Forest Road OÜ";"12934564";"07.09.2021";"Tähtajatu";"Jah";"Toitlustamine";""
"KTO023820";"Vaat OÜ";"12456722";"06.09.2021";"Tähtajatu";"Jah";"Toitlustamine";""
"KTO023819";"Lugemik OÜ";"12444972";"06.09.2021";"Tähtajatu";"Jah";"Toitlustamine";""
"KTO023818";"Ginkuller OÜ";"16188780";"03.09.2021";"Tähtajatu";"Jah";"Toitlustamine";""
"KTO023817";"BUDGETSTORE OÜ";"12372333";"01.09.2021";"Tähtajatu";"Jah";"Toitlustamine";""
"KTO023816";"BaltiGo OÜ";"16297930";"26.08.2021";"Tähtajatu";"Jah";"Toitlustamine";""
"KTO023815";"Viru Talu OÜ";"16202823";"24.08.2021";"Tähtajatu";"Jah";"Toitlustamine";""
"KTO023814";"Tiffe OÜ";"16276715";"22.08.2021";"Tähtajatu";"Jah";"Toitlustamine";""
"KTO023813";"Merekaru Maitsed OÜ";"16295322";"19.08.2021";"Tähtajatu";"Jah";"Toitlustamine";""
"KTO023812";"OÜ Kadakamäe";"11816839";"19.08.2021";"Tähtajatu";"Jah";"Toitlustamine";""
"KTO023811";"Petiscos OÜ";"16283649";"18.08.2021";"Tähtajatu";"Jah";"Toitlustamine";""
"KTO023810";"STREET STYLE OÜ";"10640114";"17.08.2021";"Tähtajatu";"Jah";"Toitlustamine";""
"KTO023809";"Kammipill OÜ";"11019480";"16.08.2021";"Tähtajatu";"Jah";"Toitlustamine";""
"KTO023807";"OÜ Nicem";"11628351";"16.08.2021";"Tähtajatu";"Jah";"Toitlustamine";""
"KTO023806";"Bonacci OÜ";"16089025";"16.08.2021";"Tähtajatu";"Jah";"Toitlustamine";""
"KTO023804";"Mittetulundusühing Ruum ja lugu";"80366212";"12.08.2021";"Tähtajatu";"Jah";"Toitlustamine";""
"KTO023805";"OÜ Suvetuba";"14761406";"12.08.2021";"Tähtajatu";"Jah";"Toitlustamine";""
"KTO023801";"Eurobuild OÜ";"14022198";"09.08.2021";"Tähtajatu";"Jah";"Toitlustamine";""
"KTO023802";"PANMS OÜ";"14297854";"09.08.2021";"Tähtajatu";"Jah";"Toitlustamine";""
"KTO023803";"peimad OÜ";"14669994";"09.08.2021";"Tähtajatu";"Jah";"Toitlustamine";""
"KTO023800";"Exelion plus OÜ";"11702254";"07.08.2021";"Tähtajatu";"Jah";"Toitlustamine";""
"KTO023798";"Tõrva Kinosõprade Selts";"80374967";"04.08.2021";"Tähtajatu";"Jah";"Toitlustamine";""
"KTO023799";"OÜ Ocean 11";"16249581";"04.08.2021";"Tähtajatu";"Jah";"Toitlustamine";""
"KTO023797";"OÜ ANNA EDASI";"11651746";"03.08.2021";"Tähtajatu";"Jah";"Toitlustamine";""
"KTO023774";"OÜ Lenda Laivi";"16272901";"02.08.2021";"Tähtajatu";"Jah";"Toitlustamine";""
"KTO023794";"Massu Meierei OÜ";"16273467";"30.07.2021";"Tähtajatu";"Jah";"Toitlustamine";""
"KTO023796";"TIBUBURKS OÜ";"16030196";"30.07.2021";"Tähtajatu";"Jah";"Toitlustamine";""
"KTO023795";"Hiiu Roheline OÜ";"16065214";"30.07.2021";"Tähtajatu";"Jah";"Toitlustamine";""
"KTO023792";"La Muu AS";"12243966";"29.07.2021";"Tähtajatu";"Jah";"Toitlustamine";""
"KTO023785";"Veebimaakler OÜ";"12311194";"27.07.2021";"Tähtajatu";"Jah";"Toitlustamine";""
"KTO023790";"Pokumaa Sihtasutus";"90001871";"27.07.2021";"Tähtajatu";"Jah";"Toitlustamine";""
"KTO023787";"Siguri OÜ";"16274254";"27.07.2021";"Tähtajatu";"Jah";"Toitlustamine";""
"KTO023789";"Laiglefonne Brogilaire OÜ";"16016138";"27.07.2021";"Tähtajatu";"Jah";"Toitlustamine";""
"KTO023784";"OÜ Best Party Solutions";"14047301";"26.07.2021";"Tähtajatu";"Jah";"Toitlustamine";""
"KTO023782";"The Food Junkies OÜ";"16216133";"25.07.2021";"Tähtajatu";"Jah";"Toitlustamine";""
"KTO023781";"Harmoonia Catering OÜ";"16248653";"24.07.2021";"Tähtajatu";"Jah";"Toitlustamine";""
"KTO023780";"Azigo Pallakoko OÜ";"14864081";"22.07.2021";"Tähtajatu";"Jah";"Toitlustamine";""
"KTO023776";"Siidikäpp OÜ";"14261856";"21.07.2021";"Tähtajatu";"Jah";"Toitlustamine";""
"KTO023775";"OÜ Vee Ääres";"16254856";"21.07.2021";"Tähtajatu";"Jah";"Toitlustamine";""
"KTO023777";"Saiatehas OÜ";"16158989";"21.07.2021";"Tähtajatu";"Jah";"Toitlustamine";""
"KTO023772";"Külaselts Muhv";"80032037";"19.07.2021";"Tähtajatu";"Jah";"Toitlustamine";""
"KTO023771";"Yksbaar OÜ";"16269916";"19.07.2021";"Tähtajatu";"Jah";"Toitlustamine";""
"KTO023770";"Kohvik Lummus OÜ";"16199937";"16.07.2021";"Tähtajatu";"Jah";"Toitlustamine";""
"KTO023769";"Veskinõmme OÜ";"16270185";"16.07.2021";"Tähtajatu";"Jah";"Toitlustamine";""
"KTO023768";"Osaühing Narwest";"16006737";"14.07.2021";"Tähtajatu";"Jah";"Toitlustamine";""
"KTO023767";"Hendrik & Sons OÜ";"16199400";"12.07.2021";"Tähtajatu";"Jah";"Toitlustamine";""
"KTO023766";"Merekivi OÜ";"16258249";"09.07.2021";"Tähtajatu";"Jah";"Toitlustamine";""
"KTO023765";"Negus Negusti OÜ";"16236880";"08.07.2021";"Tähtajatu";"Jah";"Toitlustamine";""
"KTO023764";"Natmel OÜ";"14890776";"08.07.2021";"Tähtajatu";"Jah";"Toitlustamine";""
"KTO023763";"OÜ Puhta Toidu Saatkond";"16215524";"08.07.2021";"Tähtajatu";"Jah";"Toitlustamine";""
"KTO023760";"Piece Of Bake OÜ";"16259025";"06.07.2021";"Tähtajatu";"Jah";"Toitlustamine";""
"KTO023761";"Vintis OÜ";"16087693";"06.07.2021";"Tähtajatu";"Jah";"Toitlustamine";""
"KTO023762";"Pelm 1 OÜ";"16256262";"06.07.2021";"Tähtajatu";"Jah";"Toitlustamine";""
"KTO023759";"Pizza OÜ";"16095405";"05.07.2021";"Tähtajatu";"Jah";"Toitlustamine";""
"KTO023758";"Megafriikas OÜ";"16239890";"04.07.2021";"Tähtajatu";"Jah";"Toitlustamine";""
"KTO023757";"Nuustaku Pruulikoda OÜ";"14110726";"03.07.2021";"Tähtajatu";"Jah";"Toitlustamine";""
"KTO023754";"Tõstamaa Meierei OÜ";"16243041";"02.07.2021";"Tähtajatu";"Jah";"Toitlustamine";""
"KTO023756";"Sihtasutus Rannarootsi Muuseum";"90014655";"02.07.2021";"Tähtajatu";"Jah";"Toitlustamine";""
"KTO023752";"Midellamulahena Maputu OÜ";"16244603";"01.07.2021";"Tähtajatu";"Jah";"Toitlustamine";""
"KTO023750";"SoulSisters OÜ";"16247470";"01.07.2021";"Tähtajatu";"Jah";"Toitlustamine";""
"KTO023753";"STO OÜ";"16221329";"01.07.2021";"Tähtajatu";"Jah";"Toitlustamine";""
"KTO023751";"Bar-o-Van OÜ";"16260200";"01.07.2021";"Tähtajatu";"Jah";"Toitlustamine";""
"KTO023746";"OÜ Pringi";"12554850";"30.06.2021";"Tähtajatu";"Jah";"Toitlustamine";""
"KTO023745";"Tõrva VM OÜ";"16234941";"30.06.2021";"Tähtajatu";"Jah";"Toitlustamine";""
"KTO023747";"JTG Group OÜ";"14938454";"30.06.2021";"Tähtajatu";"Jah";"Toitlustamine";""
"KTO023740";"OÜ Paavli Surra Murra";"16255713";"28.06.2021";"Tähtajatu";"Jah";"Toitlustamine";""
"KTO023742";"Mjproduction MTÜ";"80597615";"28.06.2021";"Tähtajatu";"Jah";"Toitlustamine";""
"KTO023737";"MTÜ Tsoon";"80414891";"27.06.2021";"Tähtajatu";"Jah";"Toitlustamine";""
"KTO023738";"Public Preparation OÜ";"16007470";"27.06.2021";"Tähtajatu";"Jah";"Toitlustamine";""
"KTO023736";"Sten Allik";"14971084";"23.06.2021";"Tähtajatu";"Jah";"Toitlustamine";""
"KTO023734";"Lemtec Grupp OÜ";"14168424";"22.06.2021";"Tähtajatu";"Jah";"Toitlustamine";""
"KTO023735";"Riho Keskpaik";"10721509";"22.06.2021";"Tähtajatu";"Jah";"Toitlustamine";""
"KTO023732";"Olamer OÜ";"11370579";"21.06.2021";"Tähtajatu";"Jah";"Toitlustamine";""
"KTO023730";"Tehnikarent OÜ";"16028213";"21.06.2021";"Tähtajatu";"Jah";"Toitlustamine";""
"KTO023731";"Merlahtos OÜ";"14791577";"21.06.2021";"Tähtajatu";"Jah";"Toitlustamine";""
"KTO023733";"MARVE OÜ";"14960962";"21.06.2021";"Tähtajatu";"Jah";"Toitlustamine";""
"KTO023727";"VÕRUSUVI OÜ";"16245471";"20.06.2021";"Tähtajatu";"Jah";"Toitlustamine";""
"KTO023725";"Privat Holding Group OÜ";"14332875";"19.06.2021";"Tähtajatu";"Jah";"Toitlustamine";""
"KTO023684";"Grill Baar OÜ";"16236986";"18.06.2021";"Tähtajatu";"Jah";"Toitlustamine";""
"KTO023719";"Rannaresto OÜ";"16230305";"17.06.2021";"Tähtajatu";"Jah";"Toitlustamine";""
"KTO023722";"Wineboys OÜ";"14124415";"17.06.2021";"Tähtajatu";"Jah";"Toitlustamine";""
"KTO023718";"DigiLike OÜ";"14924021";"16.06.2021";"Tähtajatu";"Jah";"Toitlustamine";""
"KTO023715";"Fiesta La Sala OÜ";"14839806";"16.06.2021";"Tähtajatu";"Jah";"Toitlustamine";""
"KTO023716";"Neitsijärve OÜ";"14890865";"16.06.2021";"Tähtajatu";"Jah";"Toitlustamine";""
"KTO023717";"BestFood Limited OÜ";"16204650";"16.06.2021";"Tähtajatu";"Jah";"Toitlustamine";""
"KTO023714";"osaühing EKKE KAUBANDUS";"10269163";"15.06.2021";"Tähtajatu";"Jah";"Toitlustamine";""
"KTO023709";"Matmarkar OÜ";"14896945";"14.06.2021";"Tähtajatu";"Jah";"Toitlustamine";""
"KTO023708";"KRCompany OÜ";"16168664";"14.06.2021";"Tähtajatu";"Jah";"Toitlustamine";""
"KTO023706";"SuvePark OÜ";"14668998";"14.06.2021";"Tähtajatu";"Jah";"Toitlustamine";""
"KTO023704";"Meietoit OÜ";"16210722";"11.06.2021";"Tähtajatu";"Jah";"Toitlustamine";""
"KTO023702";"MOUTHFEEL OÜ";"16216914";"10.06.2021";"Tähtajatu";"Jah";"Toitlustamine";""
"KTO023703";"Eventering OÜ";"16127547";"10.06.2021";"Tähtajatu";"Jah";"Toitlustamine";""
"KTO023700";"Zvartnots OÜ";"16178639";"09.06.2021";"Tähtajatu";"Jah";"Toitlustamine";""
"KTO023699";"Jorjen Disain OÜ";"16200770";"09.06.2021";"Tähtajatu";"Jah";"Toitlustamine";""
"KTO023701";"OÜ Vendato";"12822196";"09.06.2021";"Tähtajatu";"Jah";"Toitlustamine";""
"KTO023695";"Pihtla Mekituba OÜ";"16128133";"08.06.2021";"Tähtajatu";"Jah";"Toitlustamine";""
"KTO023696";"Kodukohvik OÜ";"16045482";"08.06.2021";"Tähtajatu";"Jah";"Toitlustamine";""
"KTO023691";"Kiili Pizza OÜ";"14913052";"07.06.2021";"Tähtajatu";"Jah";"Toitlustamine";""
"KTO023692";"OÜ Päts";"12326631";"07.06.2021";"Tähtajatu";"Jah";"Toitlustamine";""
"KTO023694";"Smartini OÜ";"16225853";"07.06.2021";"Tähtajatu";"Jah";"Toitlustamine";""
"KTO023690";"Maalritsehh OÜ";"16164904";"05.06.2021";"Tähtajatu";"Jah";"Toitlustamine";""
"KTO023689";"OÜ Käbliku Pruulikoda";"12850436";"04.06.2021";"Tähtajatu";"Jah";"Toitlustamine";""
"KTO023687";"Fine, Wood and Company OÜ";"11419624";"03.06.2021";"Tähtajatu";"Jah";"Toitlustamine";""
"KTO023686";"Armasta OÜ";"14228646";"03.06.2021";"Tähtajatu";"Jah";"Toitlustamine";""
"KTO023688";"Global Merchandise Direct OÜ";"16154886";"03.06.2021";"Tähtajatu";"Jah";"Toitlustamine";""
"KTO023685";"AK kebab OÜ";"16207246";"02.06.2021";"Tähtajatu";"Jah";"Toitlustamine";""
"KTO023679";"OÜ Sääre kohvik";"16231888";"01.06.2021";"Tähtajatu";"Jah";"Toitlustamine";""
"KTO023654";"Sirinas OÜ";"16233901";"01.06.2021";"Tähtajatu";"Jah";"Toitlustamine";""
"KTO023678";"Roslep OÜ";"16074489";"01.06.2021";"Tähtajatu";"Jah";"Toitlustamine";""
"KTO023680";"MELTER OÜ";"14980166";"01.06.2021";"Tähtajatu";"Jah";"Toitlustamine";""
"KTO023682";"KNIGA OÜ";"16239424";"01.06.2021";"Tähtajatu";"Jah";"Toitlustamine";""
"KTO023681";"MTÜ Kangas ja Puu";"80393290";"01.06.2021";"Tähtajatu";"Jah";"Toitlustamine";""
"KTO023674";"Villaveganova OÜ";"16207009";"31.05.2021";"Tähtajatu";"Jah";"Toitlustamine";""
"KTO023677";"Perekond Piidivabrik MTÜ";"80387125";"31.05.2021";"Tähtajatu";"Jah";"Toitlustamine";""
"KTO023676";"Osaühing Baltic Loghouses";"10729682";"31.05.2021";"Tähtajatu";"Jah";"Toitlustamine";""
"KTO023675";"Kaiserhof OÜ";"16097148";"31.05.2021";"Tähtajatu";"Jah";"Toitlustamine";""
"KTO023671";"Võrtsu Sahver OÜ";"14963328";"28.05.2021";"Tähtajatu";"Jah";"Toitlustamine";""
"KTO023672";"Brahmantik OÜ";"16237187";"28.05.2021";"Tähtajatu";"Jah";"Toitlustamine";""
"KTO023669";"A&K Union OÜ";"14828004";"27.05.2021";"Tähtajatu";"Jah";"Toitlustamine";""
"KTO023670";"OÜ Beibebaar";"16227148";"27.05.2021";"Tähtajatu";"Jah";"Toitlustamine";""
"KTO023666";"Rannakuur OÜ";"16206040";"26.05.2021";"Tähtajatu";"Jah";"Toitlustamine";""
"KTO023665";"Ilvestments OÜ";"14619424";"26.05.2021";"Tähtajatu";"Jah";"Toitlustamine";""
"KTO023667";"Thunderwood OÜ";"14580975";"26.05.2021";"Tähtajatu";"Jah";"Toitlustamine";""
"KTO023663";"OÜ Hõberesto";"16175339";"25.05.2021";"Tähtajatu";"Jah";"Toitlustamine";""
"KTO023662";"Vahtrikutalu OÜ";"16227585";"25.05.2021";"Tähtajatu";"Jah";"Toitlustamine";""
"KTO023475";"tuiu OÜ";"14319550";"24.05.2021";"Tähtajatu";"Jah";"Toitlustamine";""
"KTO023657";"Kobar OÜ";"14776454";"21.05.2021";"Tähtajatu";"Jah";"Toitlustamine";""
"KTO023656";"OÜ Mõnusad Maitsed";"14185090";"21.05.2021";"Tähtajatu";"Jah";"Toitlustamine";""
"KTO023659";"Võsu Piigad OÜ";"16212320";"21.05.2021";"Tähtajatu";"Jah";"Toitlustamine";""
"KTO023653";"Kvadro group OÜ";"16126238";"20.05.2021";"Tähtajatu";"Jah";"Toitlustamine";""
"KTO023652";"Arelin OÜ";"14265713";"20.05.2021";"Tähtajatu";"Jah";"Toitlustamine";""
"KTO023649";"Osaühing Farfalle";"11345624";"19.05.2021";"Tähtajatu";"Jah";"Toitlustamine";""
"KTO023647";"Liisev OÜ";"16138462";"19.05.2021";"Tähtajatu";"Jah";"Toitlustamine";""
"KTO023648";"Primering OÜ";"12548335";"19.05.2021";"Tähtajatu";"Jah";"Toitlustamine";""
"KTO023651";"MiniturPro OÜ";"12714555";"19.05.2021";"Tähtajatu";"Jah";"Toitlustamine";""
"KTO023642";"Olgina Arendus OÜ";"12798799";"17.05.2021";"Tähtajatu";"Jah";"Toitlustamine";""
"KTO023645";"Olelukoe Fantazija OÜ";"12492675";"17.05.2021";"Tähtajatu";"Jah";"Toitlustamine";""
"KTO023635";"ajaviit OÜ";"16146757";"14.05.2021";"Tähtajatu";"Jah";"Toitlustamine";""
"KTO023638";"Nõmme Kaubandus OÜ";"12654505";"14.05.2021";"Tähtajatu";"Jah";"Toitlustamine";""
"KTO023640";"Chapo OÜ";"16229093";"14.05.2021";"Tähtajatu";"Jah";"Toitlustamine";""
"KTO023641";"Legix Law Firm OÜ";"14504945";"14.05.2021";"Tähtajatu";"Jah";"Toitlustamine";""
"KTO023634";"GUPEIA OÜ";"14261483";"14.05.2021";"Tähtajatu";"Jah";"Toitlustamine";""
"KTO023637";"EduSisSta OÜ";"16091306";"14.05.2021";"Tähtajatu";"Jah";"Toitlustamine";""
"KTO023633";"Rummu Tuhamägi OÜ";"16216890";"13.05.2021";"Tähtajatu";"Jah";"Toitlustamine";""
"KTO023631";"OÜ Kalana Puffet";"16178846";"12.05.2021";"Tähtajatu";"Jah";"Toitlustamine";""
"KTO023630";"FairFood Deli OÜ";"14484131";"12.05.2021";"Tähtajatu";"Jah";"Toitlustamine";""
"KTO023627";"Meeltemaitsed OÜ";"16218741";"11.05.2021";"Tähtajatu";"Jah";"Toitlustamine";""
"KTO023626";"Fata Morgana OÜ";"14513447";"10.05.2021";"Tähtajatu";"Jah";"Toitlustamine";""
"KTO023625";"Kaisi Käsitööd OÜ";"12574315";"10.05.2021";"Tähtajatu";"Jah";"Toitlustamine";""
"KTO023624";"Talujäätis OÜ";"16074971";"09.05.2021";"Tähtajatu";"Jah";"Toitlustamine";""
"KTO023621";"Hiidlaine OÜ";"16183184";"07.05.2021";"Tähtajatu";"Jah";"Toitlustamine";""
"KTO023616";"Drink Pub OÜ";"12566356";"06.05.2021";"Tähtajatu";"Jah";"Toitlustamine";""
"KTO023620";"sapidum OÜ";"16212595";"06.05.2021";"Tähtajatu";"Jah";"Toitlustamine";""
"KTO023614";"Restoran Royal OÜ";"16200132";"06.05.2021";"Tähtajatu";"Jah";"Toitlustamine";""
"KTO023619";"APR OÜ";"12248805";"06.05.2021";"Tähtajatu";"Jah";"Toitlustamine";""
"KTO023618";"NareKaks OÜ";"14979789";"06.05.2021";"Tähtajatu";"Jah";"Toitlustamine";""
"KTO023615";"Hääd mehed OÜ";"16163098";"06.05.2021";"Tähtajatu";"Jah";"Toitlustamine";""
"KTO023613";"Tellissein OÜ";"16146026";"05.05.2021";"Tähtajatu";"Jah";"Toitlustamine";""
"KTO023612";"Phoenix Catering OÜ";"16210372";"04.05.2021";"Tähtajatu";"Jah";"Toitlustamine";""
"KTO023607";"Khakham Ourarrak OÜ";"16071982";"03.05.2021";"Tähtajatu";"Jah";"Toitlustamine";""
"KTO023608";"Graverson Gourmet OÜ";"16079854";"03.05.2021";"Tähtajatu";"Jah";"Toitlustamine";""
"KTO023609";"JACoffee OÜ";"14378819";"03.05.2021";"Tähtajatu";"Jah";"Toitlustamine";""
"KTO023582";"OÜ Maitselaegas";"16189643";"03.05.2021";"Tähtajatu";"Jah";"Toitlustamine";""
"KTO023606";"Tasty Pizza OÜ";"16196206";"03.05.2021";"Tähtajatu";"Jah";"Toitlustamine";""
"KTO023604";"HRE4 Holding OÜ";"14979269";"01.05.2021";"Tähtajatu";"Jah";"Toitlustamine";""
"KTO023566";"RIVET OÜ";"12138040";"01.05.2021";"Tähtajatu";"Jah";"Toitlustamine";""
"KTO023603";"VIIGER OÜ";"16089982";"01.05.2021";"Tähtajatu";"Jah";"Toitlustamine";""
"KTO023605";"KIKK Kohvikud OÜ";"16001817";"01.05.2021";"Tähtajatu";"Jah";"Toitlustamine";""
"KTO023521";"Haljason OÜ";"12551627";"01.05.2021";"Tähtajatu";"Jah";"Toitlustamine";""
"KTO023602";"GoTerminal OÜ";"16119418";"30.04.2021";"Tähtajatu";"Jah";"Toitlustamine";""
"KTO023601";"Pablo OÜ";"14400944";"29.04.2021";"Tähtajatu";"Jah";"Toitlustamine";""
"KTO023598";"MTÜ Lilli Loovusklubi";"80583398";"29.04.2021";"Tähtajatu";"Jah";"Toitlustamine";""
"KTO023599";"Pirko Äri OÜ";"16204934";"29.04.2021";"Tähtajatu";"Jah";"Toitlustamine";""
"KTO023600";"Foonika OÜ";"16180228";"29.04.2021";"Tähtajatu";"Jah";"Toitlustamine";""
"KTO023597";"New Format OÜ";"14481575";"28.04.2021";"Tähtajatu";"Jah";"Toitlustamine";""
"KTO023594";"Mägestiku Pubi OÜ";"16055405";"28.04.2021";"Tähtajatu";"Jah";"Toitlustamine";""
"KTO023596";"Sihtasutus Alutagusemaa";"90015270";"28.04.2021";"Tähtajatu";"Jah";"Toitlustamine";""
"KTO023592";"Inyathi Vleiloerie OÜ";"16162584";"27.04.2021";"Tähtajatu";"Jah";"Toitlustamine";""
"KTO023591";"Feelingfood OÜ";"16098412";"26.04.2021";"Tähtajatu";"Jah";"Toitlustamine";""
"KTO023589";"Pastamasin OÜ";"16194963";"26.04.2021";"Tähtajatu";"Jah";"Toitlustamine";""
"KTO023588";"SÄRG OÜ";"16090028";"26.04.2021";"Tähtajatu";"Jah";"Toitlustamine";""
"KTO023590";"OÜ Gofood Group";"11386899";"26.04.2021";"Tähtajatu";"Jah";"Toitlustamine";""
"KTO023586";"Morna Õnne talu OÜ";"11136300";"25.04.2021";"Tähtajatu";"Jah";"Toitlustamine";""
"KTO023553";"Festonia OÜ";"16172370";"24.04.2021";"Tähtajatu";"Jah";"Toitlustamine";""
"KTO023585";"OÜ Magadh Invest";"16116472";"23.04.2021";"Tähtajatu";"Jah";"Toitlustamine";""
"KTO023583";"Veipir OÜ";"11291124";"22.04.2021";"Tähtajatu";"Jah";"Toitlustamine";""
"KTO023581";"MyThai OÜ";"16195520";"20.04.2021";"Tähtajatu";"Jah";"Toitlustamine";""
"KTO023580";"Elukunstnik OÜ";"14857000";"20.04.2021";"Tähtajatu";"Jah";"Toitlustamine";""
"KTO023578";"Amilegbe Olokunola OÜ";"16123450";"19.04.2021";"Tähtajatu";"Jah";"Toitlustamine";""
"KTO023579";"Muhu Catering OÜ";"16184108";"19.04.2021";"Tähtajatu";"Jah";"Toitlustamine";""
"KTO023577";"Bollicine OÜ";"11440328";"17.04.2021";"Tähtajatu";"Jah";"Toitlustamine";""
"KTO023576";"OÜ TONTON24";"16144758";"15.04.2021";"Tähtajatu";"Jah";"Toitlustamine";""
"KTO023575";"OÜ PATRICIA GRUPP";"12696685";"15.04.2021";"Tähtajatu";"Jah";"Toitlustamine";""
"KTO023574";"Sihtasutus Eesti Ajaloomuuseum";"90014603";"14.04.2021";"Tähtajatu";"Jah";"Toitlustamine";""
"KTO023570";"Humalapesa OÜ";"16068885";"12.04.2021";"Tähtajatu";"Jah";"Toitlustamine";""
"KTO023572";"Osmussaare Mesi OÜ";"14323422";"11.04.2021";"Tähtajatu";"Jah";"Toitlustamine";""
"KTO023571";"Nkotakata Mterera OÜ";"12407356";"09.04.2021";"Tähtajatu";"Jah";"Toitlustamine";""
"KTO023569";"Festival Catering OÜ";"12671136";"07.04.2021";"Tähtajatu";"Jah";"Toitlustamine";""
"KTO023568";"OÜ Hotellijuht";"12596245";"06.04.2021";"Tähtajatu";"Jah";"Toitlustamine";""
"KTO023567";"ASIAN WOK OÜ";"16045938";"05.04.2021";"Tähtajatu";"Jah";"Toitlustamine";""
"KTO023565";"Ehitusnorm OÜ";"14569809";"04.04.2021";"Tähtajatu";"Jah";"Toitlustamine";""
"KTO023564";"OÜ Viru Burger FT";"16013654";"02.04.2021";"Tähtajatu";"Jah";"Toitlustamine";""
"KTO023476";"OÜ Grizzli Gurmee";"16025551";"02.04.2021";"Tähtajatu";"Jah";"Toitlustamine";""
"KTO023563";"SaltsUp OÜ";"12874661";"01.04.2021";"Tähtajatu";"Jah";"Toitlustamine";""
"KTO023562";"Ulvisbreak OÜ";"14950366";"31.03.2021";"Tähtajatu";"Jah";"Toitlustamine";""
"KTO023561";"Mittetulundusühing Peipsi Teemaja";"80415318";"31.03.2021";"Tähtajatu";"Jah";"Toitlustamine";""
"KTO023560";"Tehase Catering OÜ";"16148058";"30.03.2021";"Tähtajatu";"Jah";"Toitlustamine";""
"KTO023558";"Pagarikoda OÜ";"12616657";"29.03.2021";"Tähtajatu";"Jah";"Toitlustamine";""
"KTO023557";"Toidukirg OÜ";"12854500";"29.03.2021";"Tähtajatu";"Jah";"Toitlustamine";""
"KTO023556";"Lifetrade OÜ";"16169921";"28.03.2021";"Tähtajatu";"Jah";"Toitlustamine";""
"KTO023554";"KGL catering OÜ";"16177290";"26.03.2021";"Tähtajatu";"Jah";"Toitlustamine";""
"KTO023552";"chargefy OÜ";"16098159";"24.03.2021";"Tähtajatu";"Jah";"Toitlustamine";""
"KTO023550";"DII&ORKI OÜ";"14936426";"23.03.2021";"Tähtajatu";"Jah";"Toitlustamine";""
"KTO023549";"Marie Spa OÜ";"16017824";"21.03.2021";"Tähtajatu";"Jah";"Toitlustamine";""
"KTO023547";"OÜ Österby sadamakohvik";"16179857";"19.03.2021";"Tähtajatu";"Jah";"Toitlustamine";""
"KTO023545";"Osaühing Poeet";"12095945";"17.03.2021";"Tähtajatu";"Jah";"Toitlustamine";""
"KTO023546";"Tilgu Sadama Kohvik OÜ";"16183853";"17.03.2021";"Tähtajatu";"Jah";"Toitlustamine";""
"KTO023544";"Viru Lokaal OÜ";"16101068";"15.03.2021";"Tähtajatu";"Jah";"Toitlustamine";""
"KTO023543";"Kukin OÜ";"16174914";"11.03.2021";"Tähtajatu";"Jah";"Toitlustamine";""
"KTO023541";"JUMAKE OÜ";"16068603";"09.03.2021";"Tähtajatu";"Jah";"Toitlustamine";""
"KTO023524";"Saarekohvik OÜ";"16161426";"08.03.2021";"Tähtajatu";"Jah";"Toitlustamine";""
"KTO023540";"Pälletbar OÜ";"16163365";"06.03.2021";"Tähtajatu";"Jah";"Toitlustamine";""
"KTO023539";"Martens Kitchen OÜ";"16000083";"05.03.2021";"Tähtajatu";"Jah";"Toitlustamine";""
"KTO023538";"CHE OÜ";"16069382";"04.03.2021";"Tähtajatu";"Jah";"Toitlustamine";""
"KTO023536";"Puhjaresto OÜ";"16150279";"02.03.2021";"Tähtajatu";"Jah";"Toitlustamine";""
"KTO023535";"Repa OÜ";"14081858";"01.03.2021";"Tähtajatu";"Jah";"Toitlustamine";""
"KTO023534";"EHK Sööme OÜ";"16139668";"01.03.2021";"Tähtajatu";"Jah";"Toitlustamine";""
"KTO023533";"A&A Gourmet Food OÜ";"14410546";"26.02.2021";"Tähtajatu";"Jah";"Toitlustamine";""
"KTO023532";"Bravita OÜ";"16158252";"26.02.2021";"Tähtajatu";"Jah";"Toitlustamine";""
"KTO023531";"Osaühing Alfadel";"11335531";"24.02.2021";"Tähtajatu";"Jah";"Toitlustamine";""
"KTO023529";"Varem On Parem OÜ";"16156081";"23.02.2021";"Tähtajatu";"Jah";"Toitlustamine";""
"KTO023527";"PoolaMäe OÜ";"16113539";"20.02.2021";"Tähtajatu";"Jah";"Toitlustamine";""
"KTO023523";"Viardo OÜ";"12988152";"18.02.2021";"Tähtajatu";"Jah";"Toitlustamine";""
"KTO023525";"Antsla Valla Kultuurikeskus";"75010461";"18.02.2021";"Tähtajatu";"Jah";"Toitlustamine";""
"KTO023520";"Lab Entertainment OÜ";"14051314";"16.02.2021";"Tähtajatu";"Jah";"Toitlustamine";""
"KTO023522";"Dimitaks OÜ";"12712898";"16.02.2021";"Tähtajatu";"Jah";"Toitlustamine";""
"KTO023519";"Rainforest OÜ";"16121651";"16.02.2021";"Tähtajatu";"Jah";"Toitlustamine";""
"KTO023516";"Deianeira OÜ";"14835139";"13.02.2021";"Tähtajatu";"Jah";"Toitlustamine";""
"KTO023515";"Taju Resort OÜ";"16150606";"12.02.2021";"Tähtajatu";"Jah";"Toitlustamine";""
"KTO023514";"Vahvlimaffia OÜ";"14522667";"11.02.2021";"Tähtajatu";"Jah";"Toitlustamine";""
"KTO023513";"Aasiaköök Grupp OÜ";"16156537";"10.02.2021";"Tähtajatu";"Jah";"Toitlustamine";""
"KTO023512";"Ämblik OÜ";"11382921";"10.02.2021";"Tähtajatu";"Jah";"Toitlustamine";""
"KTO023510";"REKS PARTNER OÜ";"16063830";"09.02.2021";"Tähtajatu";"Jah";"Toitlustamine";""
"KTO023511";"IRNEH OÜ";"16033237";"09.02.2021";"Tähtajatu";"Jah";"Toitlustamine";""
"KTO023509";"Sahvri Catering OÜ";"14333722";"08.02.2021";"Tähtajatu";"Jah";"Toitlustamine";""
"KTO023508";"Premium Bussid OÜ";"14525739";"08.02.2021";"Tähtajatu";"Jah";"Toitlustamine";""
"KTO023507";"LaSpa Group OÜ";"16097332";"05.02.2021";"Tähtajatu";"Jah";"Toitlustamine";""
"KTO023504";"Osaühing Bejlagan";"10730550";"03.02.2021";"Tähtajatu";"Jah";"Toitlustamine";""
"KTO023503";"Umberto OÜ";"14580610";"02.02.2021";"Tähtajatu";"Jah";"Toitlustamine";""
"KTO023499";"OÜ Karmelia";"11924598";"02.02.2021";"Tähtajatu";"Jah";"Toitlustamine";""
"KTO023502";"OÜ Robmar";"16106870";"02.02.2021";"Tähtajatu";"Jah";"Toitlustamine";""
"KTO023501";"J&LL Master OÜ";"12867187";"02.02.2021";"Tähtajatu";"Jah";"Toitlustamine";""
"KTO023498";"OÜ RS Projekt";"12572629";"01.02.2021";"Tähtajatu";"Jah";"Toitlustamine";""
"KTO023497";"Osaühing Savello";"10115537";"29.01.2021";"Tähtajatu";"Jah";"Toitlustamine";""
"KTO023495";"SilverTeam OÜ";"16020097";"28.01.2021";"Tähtajatu";"Jah";"Toitlustamine";""
"KTO023494";"Sell Invest Group OÜ";"12752745";"26.01.2021";"Tähtajatu";"Jah";"Toitlustamine";""
"KTO023493";"Kutsu Baar Koju OÜ";"16146102";"26.01.2021";"Tähtajatu";"Jah";"Toitlustamine";""
"KTO023491";"Roll Agentuur OÜ";"11430011";"25.01.2021";"Tähtajatu";"Jah";"Toitlustamine";""
"KTO023490";"DVE SESTRY OÜ";"16145500";"25.01.2021";"Tähtajatu";"Jah";"Toitlustamine";""
"KTO023489";"Happy Cigars OÜ";"12593896";"22.01.2021";"Tähtajatu";"Jah";"Toitlustamine";""
"KTO023488";"Ocelotus OÜ";"14060425";"21.01.2021";"Tähtajatu";"Jah";"Toitlustamine";""
"KTO023487";"DENISS RABOTAJET OÜ";"14987820";"21.01.2021";"Tähtajatu";"Jah";"Toitlustamine";""
"KTO023485";"KADAKA KONVERENTSID OÜ";"12238534";"20.01.2021";"Tähtajatu";"Jah";"Toitlustamine";""
"KTO023484";"Sihtasutus Haanjamaa Sport";"90014566";"20.01.2021";"Tähtajatu";"Jah";"Toitlustamine";""
"KTO023486";"OÜ Maa Radha";"16095913";"20.01.2021";"Tähtajatu";"Jah";"Toitlustamine";""
"KTO023483";"Lezzet OÜ";"14643859";"19.01.2021";"Tähtajatu";"Jah";"Toitlustamine";""
"KTO023482";"ABCatering OÜ";"16130710";"17.01.2021";"Tähtajatu";"Jah";"Toitlustamine";""
"KTO023481";"VV Restoran OÜ";"16078748";"13.01.2021";"Tähtajatu";"Jah";"Toitlustamine";""
"KTO023479";"Varbis A OÜ";"16056818";"12.01.2021";"Tähtajatu";"Jah";"Toitlustamine";""
"KTO023480";"OÜ Üllatus";"14065185";"12.01.2021";"Tähtajatu";"Jah";"Toitlustamine";""
"KTO023477";"Toidukeskus OÜ";"14944271";"08.01.2021";"Tähtajatu";"Jah";"Toitlustamine";""
"KTO023474";"Catering Systems OÜ";"16122432";"06.01.2021";"Tähtajatu";"Jah";"Toitlustamine";""
"KTO023472";"Mapungane Gandaganga OÜ";"14203882";"03.01.2021";"Tähtajatu";"Jah";"Toitlustamine";""
"KTO023471";"Rohkem Lahendusi OÜ";"16127671";"30.12.2020";"Tähtajatu";"Jah";"Toitlustamine";""
"KTO023470";"Expert Trans OÜ";"11328844";"28.12.2020";"Tähtajatu";"Jah";"Toitlustamine";""
"KTO023468";"PopUp hotell OÜ";"14733605";"16.12.2020";"Tähtajatu";"Jah";"Toitlustamine";""
"KTO023465";"9spice OÜ";"16099940";"15.12.2020";"Tähtajatu";"Jah";"Toitlustamine";""
"KTO023466";"Cloud Hunters OÜ";"16000960";"15.12.2020";"Tähtajatu";"Jah";"Toitlustamine";""
"KTO023467";"OÜ TONSTRINA";"11712229";"15.12.2020";"Tähtajatu";"Jah";"Toitlustamine";""
"KTO023463";"Lawksawk Khwehauk OÜ";"16113628";"10.12.2020";"Tähtajatu";"Jah";"Toitlustamine";""
"KTO023458";"Kohvlantik OÜ";"16041567";"04.12.2020";"Tähtajatu";"Jah";"Toitlustamine";""
"KTO023462";"OÜ Marivaun";"16099012";"04.12.2020";"Tähtajatu";"Jah";"Toitlustamine";""
"KTO023461";"VMA Distribution OÜ";"12477291";"03.12.2020";"Tähtajatu";"Jah";"Toitlustamine";""
"KTO023460";"Marguse Vara OÜ";"14125587";"02.12.2020";"Tähtajatu";"Jah";"Toitlustamine";""
"KTO023459";"Yanu OÜ";"14849182";"02.12.2020";"Tähtajatu";"Jah";"Toitlustamine";""
"KTO023456";"MG Trading OÜ";"16098099";"30.11.2020";"Tähtajatu";"Jah";"Toitlustamine";""
"KTO023453";"Sihtasutus Eesti Vabaõhumuuseum";"90012585";"26.11.2020";"Tähtajatu";"Jah";"Toitlustamine";""
"KTO023454";"Kolmsada OÜ";"16087517";"26.11.2020";"Tähtajatu";"Jah";"Toitlustamine";""
"KTO023452";"Mõisakamber OÜ";"16009983";"24.11.2020";"Tähtajatu";"Jah";"Toitlustamine";""
"KTO023450";"Muhe Resto OÜ";"16078047";"23.11.2020";"Tähtajatu";"Jah";"Toitlustamine";""
"KTO023451";"Repa Rocca OÜ";"14860700";"23.11.2020";"Tähtajatu";"Jah";"Toitlustamine";""
"KTO023399";"Forovest OÜ";"16074302";"21.11.2020";"Tähtajatu";"Jah";"Toitlustamine";""
"KTO023449";"LL Legend OÜ";"14071682";"20.11.2020";"Tähtajatu";"Jah";"Toitlustamine";""
"KTO023448";"BestMeal OÜ";"16081638";"20.11.2020";"Tähtajatu";"Jah";"Toitlustamine";""
"KTO023445";"Viktus OÜ";"14544287";"16.11.2020";"Tähtajatu";"Jah";"Toitlustamine";""
"KTO023446";"OÜ Jussiku";"14827051";"16.11.2020";"Tähtajatu";"Jah";"Toitlustamine";""
"KTO023443";"Terav Pipar OÜ";"16011490";"13.11.2020";"Tähtajatu";"Jah";"Toitlustamine";""
"KTO023444";"La Nostra Italia OÜ";"16011649";"13.11.2020";"Tähtajatu";"Jah";"Toitlustamine";""
"KTO023442";"Terasdam OÜ";"14992057";"12.11.2020";"Tähtajatu";"Jah";"Toitlustamine";""
"KTO023441";"NataDives OÜ";"16094374";"12.11.2020";"Tähtajatu";"Jah";"Toitlustamine";""
"KTO023440";"LP Villa OÜ";"16085659";"12.11.2020";"Tähtajatu";"Jah";"Toitlustamine";""
"KTO023439";"OÜ Korean Taste";"14701166";"11.11.2020";"Tähtajatu";"Jah";"Toitlustamine";""
"KTO023438";"Padise Mõis OÜ";"16079305";"11.11.2020";"Tähtajatu";"Jah";"Toitlustamine";""
"KTO023437";"Didinvest OÜ";"16071735";"10.11.2020";"Tähtajatu";"Jah";"Toitlustamine";""
"KTO023434";"Suitsukala Resto OÜ";"16055167";"09.11.2020";"Tähtajatu";"Jah";"Toitlustamine";""
"KTO023433";"Tartu Aleksander OÜ";"16006921";"09.11.2020";"Tähtajatu";"Jah";"Toitlustamine";""
"KTO023430";"Burkikhan Vardablur OÜ";"16078719";"05.11.2020";"Tähtajatu";"Jah";"Toitlustamine";""
"KTO023432";"KANTIPUR OÜ";"14853611";"05.11.2020";"Tähtajatu";"Jah";"Toitlustamine";""
"KTO023431";"Opium World OÜ";"16065817";"05.11.2020";"Tähtajatu";"Jah";"Toitlustamine";""
"KTO023429";"Chek-in Kiirtoit OÜ";"12606446";"04.11.2020";"Tähtajatu";"Jah";"Toitlustamine";""
"KTO023428";"Carrynet OÜ";"14848343";"03.11.2020";"Tähtajatu";"Jah";"Toitlustamine";""
"KTO023426";"Raasiku Pizza OÜ";"14853060";"02.11.2020";"Tähtajatu";"Jah";"Toitlustamine";""
"KTO023427";"Tammiku Põld OÜ";"12783763";"02.11.2020";"Tähtajatu";"Jah";"Toitlustamine";""
"KTO023424";"OÜ NightClub Geneva";"14048536";"30.10.2020";"Tähtajatu";"Jah";"Toitlustamine";""
"KTO023425";"Flying Painter OÜ";"16045588";"30.10.2020";"Tähtajatu";"Jah";"Toitlustamine";""
"KTO023423";"E-kinmax OÜ";"14702007";"29.10.2020";"Tähtajatu";"Jah";"Toitlustamine";""
"KTO023422";"Timbstal Trade OÜ";"12824077";"29.10.2020";"Tähtajatu";"Jah";"Toitlustamine";""
"KTO023421";"DENVIT TRADE OÜ";"14342974";"28.10.2020";"Tähtajatu";"Jah";"Toitlustamine";""
"KTO023420";"Nurmenuku Pood OÜ";"14186215";"27.10.2020";"Tähtajatu";"Jah";"Toitlustamine";""
"KTO023418";"Marani OÜ";"16070623";"27.10.2020";"Tähtajatu";"Jah";"Toitlustamine";""
"KTO023417";"TRIO FOOD OÜ";"16054050";"25.10.2020";"Tähtajatu";"Jah";"Toitlustamine";""
"KTO023415";"Golfistuudio OÜ";"16049422";"23.10.2020";"Tähtajatu";"Jah";"Toitlustamine";""
"KTO023416";"Demades OÜ";"12162446";"23.10.2020";"Tähtajatu";"Jah";"Toitlustamine";""
"KTO023412";"KLUM Consulting OÜ";"16081153";"22.10.2020";"Tähtajatu";"Jah";"Toitlustamine";""
"KTO023411";"Osaühing Globus Invest";"10909734";"21.10.2020";"Tähtajatu";"Jah";"Toitlustamine";""
"KTO023410";"Kuther Service OÜ";"12367214";"20.10.2020";"Tähtajatu";"Jah";"Toitlustamine";""
"KTO023408";"kohvik kiosk OÜ";"16034863";"19.10.2020";"Tähtajatu";"Jah";"Toitlustamine";""
"KTO023407";"KG Partners OÜ";"12580770";"19.10.2020";"Tähtajatu";"Jah";"Toitlustamine";""
"KTO023406";"Laagna Toit OÜ";"14596982";"17.10.2020";"Tähtajatu";"Jah";"Toitlustamine";""
"KTO023405";"MuSu kohvikud OÜ";"14555084";"16.10.2020";"Tähtajatu";"Jah";"Toitlustamine";""
"KTO023402";"Eva sushi OÜ";"14126911";"14.10.2020";"Tähtajatu";"Jah";"Toitlustamine";""
"KTO023404";"Kadaka Bistroo OÜ";"11925215";"14.10.2020";"Tähtajatu";"Jah";"Toitlustamine";""
"KTO023400";"trump consulting OÜ";"12717447";"13.10.2020";"Tähtajatu";"Jah";"Toitlustamine";""
"KTO023401";"OÜ Paldiski Pesula";"14044935";"13.10.2020";"Tähtajatu";"Jah";"Toitlustamine";""
"KTO023398";"Ladrillo OÜ";"16057249";"09.10.2020";"Tähtajatu";"Jah";"Toitlustamine";""
"KTO023397";"SteamFunk OÜ";"14972586";"08.10.2020";"Tähtajatu";"Jah";"Toitlustamine";""
"KTO023396";"LPMR123 OÜ";"16064746";"07.10.2020";"Tähtajatu";"Jah";"Toitlustamine";""
"KTO023395";"Ääsmäe Külakogu";"80018304";"05.10.2020";"Tähtajatu";"Jah";"Toitlustamine";""
"KTO023394";"Säde kohviteek OÜ";"14999094";"01.10.2020";"Tähtajatu";"Jah";"Toitlustamine";""
"KTO023392";"Wine Not OÜ";"14150045";"30.09.2020";"Tähtajatu";"Jah";"Toitlustamine";""
"KTO023390";"OÜ SENSORIAL";"14431330";"29.09.2020";"Tähtajatu";"Jah";"Toitlustamine";""
"KTO023389";"Masina 20 Kohvimaja OÜ";"14868736";"29.09.2020";"Tähtajatu";"Jah";"Toitlustamine";""
"KTO023387";"Krislisse OÜ";"14752956";"25.09.2020";"Tähtajatu";"Jah";"Toitlustamine";""
"KTO023386";"Masfood OÜ";"14048849";"24.09.2020";"Tähtajatu";"Jah";"Toitlustamine";""
"KTO023383";"Tastegood OÜ";"14875742";"22.09.2020";"Tähtajatu";"Jah";"Toitlustamine";""
"KTO023382";"Kastekann OÜ";"16048859";"21.09.2020";"Tähtajatu";"Jah";"Toitlustamine";""
"KTO023377";"BSP Group OÜ";"14630673";"18.09.2020";"Tähtajatu";"Jah";"Toitlustamine";""
"KTO023380";"OÜ Telliskivi Kohvi";"12933636";"18.09.2020";"Tähtajatu";"Jah";"Toitlustamine";""
"KTO023379";"Diness OÜ";"14982886";"18.09.2020";"Tähtajatu";"Jah";"Toitlustamine";""
"KTO023373";"Borobadilepe Moakiri OÜ";"14494787";"16.09.2020";"Tähtajatu";"Jah";"Toitlustamine";""
"KTO023372";"Magera Catering OÜ";"16020370";"15.09.2020";"Tähtajatu";"Jah";"Toitlustamine";""
"KTO023369";"Väike Kuuba OÜ";"12863657";"14.09.2020";"Tähtajatu";"Jah";"Toitlustamine";""
"KTO023370";"Coyotebar OÜ";"14854272";"14.09.2020";"Tähtajatu";"Jah";"Toitlustamine";""
"KTO023368";"Bakersville OÜ";"16042791";"13.09.2020";"Tähtajatu";"Jah";"Toitlustamine";""
"KTO023367";"Põltsamaa Vallavara OÜ";"10291205";"13.09.2020";"Tähtajatu";"Jah";"Toitlustamine";""
"KTO023358";"MVRent OÜ";"12825125";"12.09.2020";"Tähtajatu";"Jah";"Toitlustamine";""
"KTO023363";"OÜ KANED";"14542199";"10.09.2020";"Tähtajatu";"Jah";"Toitlustamine";""
"KTO023362";"OÜ Kingsgate";"11945235";"09.09.2020";"Tähtajatu";"Jah";"Toitlustamine";""
"KTO023361";"Kalamaja Cats OÜ";"14974533";"07.09.2020";"Tähtajatu";"Jah";"Toitlustamine";""
"KTO023360";"Oktain Grupp OÜ";"14917593";"07.09.2020";"Tähtajatu";"Jah";"Toitlustamine";""
"KTO023359";"VS & Maria OÜ";"14686343";"06.09.2020";"Tähtajatu";"Jah";"Toitlustamine";""
"KTO023357";"KEYEST OÜ";"12738567";"04.09.2020";"Tähtajatu";"Jah";"Toitlustamine";""
"KTO023353";"PudruPada OÜ";"16014990";"03.09.2020";"Tähtajatu";"Jah";"Toitlustamine";""
"KTO023351";"Vabaajakeskus Tuuletorn";"75039451";"03.09.2020";"Tähtajatu";"Jah";"Toitlustamine";""
"KTO023354";"VikResto OÜ";"16031876";"03.09.2020";"Tähtajatu";"Jah";"Toitlustamine";""
"KTO023350";"Peale tööd pubi OÜ";"16022564";"02.09.2020";"Tähtajatu";"Jah";"Toitlustamine";""
"KTO023291";"KARLSON INVEST OÜ";"14872554";"01.09.2020";"Tähtajatu";"Jah";"Toitlustamine";""
"KTO023349";"HMP Hotellid OÜ";"16027283";"01.09.2020";"Tähtajatu";"Jah";"Toitlustamine";""
"KTO023347";"Ege Altmart";"14962330";"31.08.2020";"Tähtajatu";"Jah";"Toitlustamine";""
"KTO023346";"Svetaleks OÜ";"11147516";"31.08.2020";"Tähtajatu";"Jah";"Toitlustamine";""
"KTO023348";"OÜ SAIAPAIK";"14488502";"31.08.2020";"Tähtajatu";"Jah";"Toitlustamine";""
"KTO023345";"Nova Assets OÜ";"14875819";"30.08.2020";"Tähtajatu";"Jah";"Toitlustamine";""
"KTO023344";"Kaimi Linnutalu OÜ";"16032746";"29.08.2020";"Tähtajatu";"Jah";"Toitlustamine";""
"KTO023342";"Vintsamurto OÜ";"14967125";"27.08.2020";"Tähtajatu";"Jah";"Toitlustamine";""
"KTO023339";"Aperitivo OÜ";"16022831";"27.08.2020";"Tähtajatu";"Jah";"Toitlustamine";""
"KTO023340";"Norbert Lampert";"14452496";"27.08.2020";"Tähtajatu";"Jah";"Toitlustamine";""
"KTO023337";"Bigstep OÜ";"12537449";"26.08.2020";"Tähtajatu";"Jah";"Toitlustamine";""
"KTO023336";"Santrope OÜ";"14871033";"25.08.2020";"Tähtajatu";"Jah";"Toitlustamine";""
"KTO023335";"Rudger Invest OÜ";"14835122";"25.08.2020";"Tähtajatu";"Jah";"Toitlustamine";""
"KTO023334";"Tehnikatiim OÜ";"14257335";"24.08.2020";"Tähtajatu";"Jah";"Toitlustamine";""
"KTO023331";"OÜ Karina Bar";"16008481";"20.08.2020";"Tähtajatu";"Jah";"Toitlustamine";""
"KTO023329";"FoodMasterita OÜ";"14823389";"13.08.2020";"Tähtajatu";"Jah";"Toitlustamine";""
"KTO023328";"OÜ A360";"14765249";"12.08.2020";"Tähtajatu";"Jah";"Toitlustamine";""
"KTO023327";"Seconde OÜ";"16023486";"11.08.2020";"Tähtajatu";"Jah";"Toitlustamine";""
"KTO023326";"OÜ BaltaTramm";"16002709";"11.08.2020";"Tähtajatu";"Jah";"Toitlustamine";""
"KTO023309";"OÜ Ykohvik";"14824383";"10.08.2020";"Tähtajatu";"Jah";"Toitlustamine";""
"KTO023325";"OÜ Kalapesa";"14801132";"09.08.2020";"Tähtajatu";"Jah";"Toitlustamine";""
"KTO023324";"SPIRIT EVENTS OÜ";"16022765";"06.08.2020";"Tähtajatu";"Jah";"Toitlustamine";""
"KTO023323";"TrükiTäht OÜ";"12317699";"05.08.2020";"Tähtajatu";"Jah";"Toitlustamine";""
"KTO023320";"Kirna Mõis OÜ";"10938478";"04.08.2020";"Tähtajatu";"Jah";"Toitlustamine";""
"KTO023319";"MTÜ Taikse Külaselts";"80383156";"04.08.2020";"Tähtajatu";"Jah";"Toitlustamine";""
"KTO023318";"Osaühing Veiko Transport";"10795456";"03.08.2020";"Tähtajatu";"Jah";"Toitlustamine";""
"KTO023296";"Pandemus OÜ";"12668335";"01.08.2020";"Tähtajatu";"Jah";"Toitlustamine";""
"KTO023315";"Nautlejad OÜ";"12881052";"30.07.2020";"Tähtajatu";"Jah";"Toitlustamine";""
"KTO023316";"Ristikheina Kohvik Keskus OÜ";"14995883";"30.07.2020";"Tähtajatu";"Jah";"Toitlustamine";""
"KTO023313";"Uulits OÜ";"14118739";"29.07.2020";"Tähtajatu";"Jah";"Toitlustamine";""
"KTO023312";"OÜ Uulits Gurmee";"14118716";"29.07.2020";"Tähtajatu";"Jah";"Toitlustamine";""
"KTO023314";"Kamecom OÜ";"14778009";"29.07.2020";"Tähtajatu";"Jah";"Toitlustamine";""
"KTO023311";"OÜ Tartu Uulits";"14603825";"29.07.2020";"Tähtajatu";"Jah";"Toitlustamine";""
"KTO023307";"Piep Manor OÜ";"14850788";"28.07.2020";"Tähtajatu";"Jah";"Toitlustamine";""
"KTO023304";"Goldfish OÜ";"11679584";"27.07.2020";"Tähtajatu";"Jah";"Toitlustamine";""
"KTO023306";"NUNNE 18 OÜ";"16009138";"27.07.2020";"Tähtajatu";"Jah";"Toitlustamine";""
"KTO023305";"Salat ja disko OÜ";"14950596";"27.07.2020";"Tähtajatu";"Jah";"Toitlustamine";""
"KTO023303";"OÜ Päevakas";"14758829";"26.07.2020";"Tähtajatu";"Jah";"Toitlustamine";""
"KTO023302";"OÜ Ulukiköök";"14948760";"25.07.2020";"Tähtajatu";"Jah";"Toitlustamine";""
"KTO023297";"Locave OÜ";"14980321";"23.07.2020";"Tähtajatu";"Jah";"Toitlustamine";""
"KTO023298";"BAAR BALTI JAAMAS OÜ";"16010696";"23.07.2020";"Tähtajatu";"Jah";"Toitlustamine";""
"KTO023300";"Mittetulundusühing Peipsiveere Kunstikeskus";"80361864";"23.07.2020";"Tähtajatu";"Jah";"Toitlustamine";""
"KTO023295";"Mikk Invest OÜ";"14309095";"22.07.2020";"Tähtajatu";"Jah";"Toitlustamine";""
"KTO023294";"Alfa Holding Group OÜ";"14932291";"22.07.2020";"Tähtajatu";"Jah";"Toitlustamine";""
"KTO023292";"Maidubi Zumburum OÜ";"14961884";"21.07.2020";"Tähtajatu";"Jah";"Toitlustamine";""
"KTO023293";"AB MARK OÜ";"12912195";"21.07.2020";"Tähtajatu";"Jah";"Toitlustamine";""
"KTO023287";"Osaühing Sabroso";"14367709";"20.07.2020";"Tähtajatu";"Jah";"Toitlustamine";""
"KTO023282";"Krõbevahvel OÜ";"14034617";"16.07.2020";"Tähtajatu";"Jah";"Toitlustamine";""
"KTO023281";"NTSGD OÜ";"14736259";"14.07.2020";"Tähtajatu";"Jah";"Toitlustamine";""
"KTO023280";"BBQ Express OÜ";"14982159";"14.07.2020";"Tähtajatu";"Jah";"Toitlustamine";""
"KTO023279";"Lapin OÜ";"14981272";"13.07.2020";"Tähtajatu";"Jah";"Toitlustamine";""
"KTO023274";"OÜ Mummi&A";"16007547";"11.07.2020";"Tähtajatu";"Jah";"Toitlustamine";""
"KTO023273";"Rudolf Tobiase Restoran OÜ";"14993418";"10.07.2020";"Tähtajatu";"Jah";"Toitlustamine";""
"KTO023270";"Mittetulundusühing ""Lahedad Naised Lahedalt""";"80248719";"10.07.2020";"Tähtajatu";"Jah";"Toitlustamine";""
"KTO023269";"Tordielamus OÜ";"14641062";"09.07.2020";"Tähtajatu";"Jah";"Toitlustamine";""
"KTO023268";"Tony´s Pan y Vino OÜ";"14936277";"09.07.2020";"Tähtajatu";"Jah";"Toitlustamine";""
"KTO023267";"HOTELL VAKSAL OÜ";"14726640";"08.07.2020";"Tähtajatu";"Jah";"Toitlustamine";""
"KTO023264";"viru torn OÜ";"14858979";"08.07.2020";"Tähtajatu";"Jah";"Toitlustamine";""
"KTO023263";"Meremaa Sadam OÜ";"14998108";"08.07.2020";"Tähtajatu";"Jah";"Toitlustamine";""
"KTO023265";"Loone Villa OÜ";"14980150";"08.07.2020";"Tähtajatu";"Jah";"Toitlustamine";""
"KTO023242";"Allee Galerii OÜ";"14985086";"08.07.2020";"Tähtajatu";"Jah";"Toitlustamine";""
"KTO023266";"Nümfo OÜ";"14769276";"08.07.2020";"Tähtajatu";"Jah";"Toitlustamine";""
"KTO023262";"OÜ Hall i Pizza";"14982774";"07.07.2020";"Tähtajatu";"Jah";"Toitlustamine";""
"KTO023261";"The Babylon Bar OÜ";"14998367";"07.07.2020";"Tähtajatu";"Jah";"Toitlustamine";""
"KTO023260";"varitan OÜ";"14026167";"06.07.2020";"Tähtajatu";"Jah";"Toitlustamine";""
"KTO023258";"Ideraator OÜ";"14690014";"06.07.2020";"Tähtajatu";"Jah";"Toitlustamine";""
"KTO023257";"OÜ Harjumaa Avatud Koolituskoda";"12583194";"05.07.2020";"Tähtajatu";"Jah";"Toitlustamine";""
"KTO023256";"Loomefarm OÜ";"11902059";"05.07.2020";"Tähtajatu";"Jah";"Toitlustamine";""
"KTO023255";"Finestway Estonia OÜ";"14820882";"04.07.2020";"Tähtajatu";"Jah";"Toitlustamine";""
"KTO023251";"Vooremaa Pärl OÜ";"14907844";"03.07.2020";"Tähtajatu";"Jah";"Toitlustamine";""
"KTO023250";"Kukulus OÜ";"14996233";"03.07.2020";"Tähtajatu";"Jah";"Toitlustamine";""
"KTO023254";"Sihtasutus Kunstihoone";"90014112";"03.07.2020";"Tähtajatu";"Jah";"Toitlustamine";""
"KTO023248";"JTTootele OÜ";"14888816";"02.07.2020";"Tähtajatu";"Jah";"Toitlustamine";""
"KTO023245";"Baarimees Hanno Torgla";"14999450";"02.07.2020";"Tähtajatu";"Jah";"Toitlustamine";""
"KTO023247";"Ramexo Invest OÜ";"14475853";"02.07.2020";"Tähtajatu";"Jah";"Toitlustamine";""
"KTO023244";"Notemill OÜ";"12653641";"01.07.2020";"Tähtajatu";"Jah";"Toitlustamine";""
"KTO023179";"Vikaria OÜ";"14595238";"01.07.2020";"Tähtajatu";"Jah";"Toitlustamine";""
"KTO023241";"RETR8O OÜ";"14987688";"30.06.2020";"Tähtajatu";"Jah";"Toitlustamine";""
"KTO023243";"DARiX OÜ";"14833092";"30.06.2020";"Tähtajatu";"Jah";"Toitlustamine";""
"KTO023239";"Cater24 OÜ";"12872923";"30.06.2020";"Tähtajatu";"Jah";"Toitlustamine";""
"KTO023240";"Made in Vachina Events OÜ";"14990779";"30.06.2020";"Tähtajatu";"Jah";"Toitlustamine";""
"KTO023238";"OÜ Uduhaldjas";"14997497";"29.06.2020";"Tähtajatu";"Jah";"Toitlustamine";""
"KTO023234";"OÜ Reedevigri";"14912207";"26.06.2020";"Tähtajatu";"Jah";"Toitlustamine";""
"KTO023235";"Rockpool OÜ";"14976650";"26.06.2020";"Tähtajatu";"Jah";"Toitlustamine";""
"KTO023232";"OÜ Päevaklubi Maasikas";"14386167";"25.06.2020";"Tähtajatu";"Jah";"Toitlustamine";""
"KTO023230";"818 OÜ";"14705690";"22.06.2020";"Tähtajatu";"Jah";"Toitlustamine";""
"KTO023229";"OÜ Coconut Trade";"10576698";"22.06.2020";"Tähtajatu";"Jah";"Toitlustamine";""
"KTO023228";"Marienhof OÜ";"14446343";"21.06.2020";"Tähtajatu";"Jah";"Toitlustamine";""
"KTO023227";"OÜ Sokk ja Sandaal";"14993594";"20.06.2020";"Tähtajatu";"Jah";"Toitlustamine";""
"KTO023225";"MABRIK OÜ";"14303566";"19.06.2020";"Tähtajatu";"Jah";"Toitlustamine";""
"KTO023222";"PERACTO OÜ";"14164082";"19.06.2020";"Tähtajatu";"Jah";"Toitlustamine";""
"KTO023223";"Novabaltic Retail OÜ";"12348949";"19.06.2020";"Tähtajatu";"Jah";"Toitlustamine";""
"KTO023224";"OÜ Nögesevabrik";"14616041";"19.06.2020";"Tähtajatu";"Jah";"Toitlustamine";""
"KTO023219";"Nawwas Sakuranomi OÜ";"14791347";"18.06.2020";"Tähtajatu";"Jah";"Toitlustamine";""
"KTO023217";"FixFood Group OÜ";"14913891";"17.06.2020";"Tähtajatu";"Jah";"Toitlustamine";""
"KTO023216";"OSAÜHING OMARENT";"10283068";"17.06.2020";"Tähtajatu";"Jah";"Toitlustamine";""
"KTO023215";"O Art Studio OÜ";"14921784";"17.06.2020";"Tähtajatu";"Jah";"Toitlustamine";""
"KTO023210";"Kohvik Ambrosia OÜ";"14951822";"16.06.2020";"Tähtajatu";"Jah";"Toitlustamine";""
"KTO023209";"EEJARE OÜ";"14987627";"16.06.2020";"Tähtajatu";"Jah";"Toitlustamine";""
"KTO023207";"Põhja Öökull OÜ";"14987961";"16.06.2020";"Tähtajatu";"Jah";"Toitlustamine";""
"KTO023205";"Rokilaager OÜ";"12019252";"16.06.2020";"Tähtajatu";"Jah";"Toitlustamine";""
"KTO023206";"Nyarajar Niambusu OÜ";"14987240";"16.06.2020";"Tähtajatu";"Jah";"Toitlustamine";""
"KTO023203";"OÜ Taube Catering";"14985198";"15.06.2020";"Tähtajatu";"Jah";"Toitlustamine";""
"KTO023204";"OÜ Califa";"14582129";"15.06.2020";"Tähtajatu";"Jah";"Toitlustamine";""
"KTO023202";"Toiduvõlur OÜ";"14321570";"14.06.2020";"Tähtajatu";"Jah";"Toitlustamine";""
"KTO023201";"Peninuki Distillery OÜ";"12743315";"12.06.2020";"Tähtajatu";"Jah";"Toitlustamine";""
"KTO023200";"Airiin OÜ";"11922961";"12.06.2020";"Tähtajatu";"Jah";"Toitlustamine";""
"KTO023196";"Teeninduspunkt Üks OÜ";"14929739";"10.06.2020";"Tähtajatu";"Jah";"Toitlustamine";""
"KTO023197";"Valberg Grupp OÜ";"12308192";"10.06.2020";"Tähtajatu";"Jah";"Toitlustamine";""
"KTO023195";"OÜ Koplinurga Talu";"14614639";"09.06.2020";"Tähtajatu";"Jah";"Toitlustamine";""
"KTO023191";"Ahjutegu OÜ";"14983928";"08.06.2020";"Tähtajatu";"Jah";"Toitlustamine";""
"KTO023192";"SanVei OÜ";"14973545";"08.06.2020";"Tähtajatu";"Jah";"Toitlustamine";""
"KTO023190";"G-Sushi OÜ";"14670496";"07.06.2020";"Tähtajatu";"Jah";"Toitlustamine";""
"KTO023189";"SEVAN OÜ";"14979772";"05.06.2020";"Tähtajatu";"Jah";"Toitlustamine";""
"KTO023188";"Sidrunhein OÜ";"14475741";"05.06.2020";"Tähtajatu";"Jah";"Toitlustamine";""
"KTO023187";"OÜ ALDERISLAND";"11375565";"04.06.2020";"Tähtajatu";"Jah";"Toitlustamine";""
"KTO023186";"Neeme Marina OÜ";"14772048";"04.06.2020";"Tähtajatu";"Jah";"Toitlustamine";""
"KTO023184";"Ratturi Puit OÜ";"11978128";"03.06.2020";"Tähtajatu";"Jah";"Toitlustamine";""
"KTO023183";"Oreton OÜ";"14704526";"03.06.2020";"Tähtajatu";"Jah";"Toitlustamine";""
"KTO023182";"Mermin OÜ";"14979275";"02.06.2020";"Tähtajatu";"Jah";"Toitlustamine";""
"KTO023180";"International Connect OÜ";"12148083";"02.06.2020";"Tähtajatu";"Jah";"Toitlustamine";""
"KTO023177";"Riveko OÜ";"14571309";"01.06.2020";"Tähtajatu";"Jah";"Toitlustamine";""
"KTO023176";"Anu Ampsud OÜ";"14980444";"29.05.2020";"Tähtajatu";"Jah";"Toitlustamine";""
"KTO023175";"RKS Teenused OÜ";"14180603";"29.05.2020";"Tähtajatu";"Jah";"Toitlustamine";""
"KTO023169";"Homekitchen OÜ";"14973019";"27.05.2020";"Tähtajatu";"Jah";"Toitlustamine";""
"KTO023171";"All Tast OÜ";"14973166";"27.05.2020";"Tähtajatu";"Jah";"Toitlustamine";""
"KTO023170";"Sisters Cake House OÜ";"14273747";"27.05.2020";"Tähtajatu";"Jah";"Toitlustamine";""
"KTO023172";"Kihnu Külalistemaja OÜ";"14714571";"27.05.2020";"Tähtajatu";"Jah";"Toitlustamine";""
"KTO023173";"KORTERI HALDUSE OÜ";"11066195";"27.05.2020";"Tähtajatu";"Jah";"Toitlustamine";""
"KTO023167";"NAVIERO OÜ";"14554073";"26.05.2020";"Tähtajatu";"Jah";"Toitlustamine";""
"KTO023166";"Grill Resto OÜ";"14340202";"26.05.2020";"Tähtajatu";"Jah";"Toitlustamine";""
"KTO023163";"Sootamme OÜ";"14138989";"25.05.2020";"Tähtajatu";"Jah";"Toitlustamine";""
"KTO023159";"Modern Foods OÜ";"14974444";"25.05.2020";"Tähtajatu";"Jah";"Toitlustamine";""
"KTO023164";"Pidula Wakepark OÜ";"14975099";"25.05.2020";"Tähtajatu";"Jah";"Toitlustamine";""
"KTO023161";"OÜ Trimax Baltic";"12540256";"24.05.2020";"Tähtajatu";"Jah";"Toitlustamine";""
"KTO023162";"VAMS OÜ";"14973137";"24.05.2020";"Tähtajatu";"Jah";"Toitlustamine";""
"KTO023160";"osaühing LIHAMEES";"10181267";"22.05.2020";"Tähtajatu";"Jah";"Toitlustamine";""
"KTO023158";"Kkarisma OÜ";"14274942";"21.05.2020";"Tähtajatu";"Jah";"Toitlustamine";""
"KTO023157";"Baarikuur OÜ";"14971144";"21.05.2020";"Tähtajatu";"Jah";"Toitlustamine";""
"KTO023155";"Angela Söögid OÜ";"14967763";"19.05.2020";"Tähtajatu";"Jah";"Toitlustamine";""
"KTO023154";"Wakepark OÜ";"14873683";"19.05.2020";"Tähtajatu";"Jah";"Toitlustamine";""
"KTO023151";"Cooking Good OÜ";"12899342";"18.05.2020";"Tähtajatu";"Jah";"Toitlustamine";""
"KTO023149";"OÜ Merekohvik";"14938402";"16.05.2020";"Tähtajatu";"Jah";"Toitlustamine";""
"KTO023148";"mittetulundusühing Elevarse";"80281486";"16.05.2020";"Tähtajatu";"Jah";"Toitlustamine";""
"KTO023147";"Snemorks OÜ";"14884592";"15.05.2020";"Tähtajatu";"Jah";"Toitlustamine";""
"KTO023145";"LIIGUSTE TOITLUSTUS OÜ";"14933190";"15.05.2020";"Tähtajatu";"Jah";"Toitlustamine";""
"KTO023146";"Leiburger OÜ";"14908697";"15.05.2020";"Tähtajatu";"Jah";"Toitlustamine";""
"KTO023142";"ESTHAI FOOD OÜ";"14889224";"14.05.2020";"Tähtajatu";"Jah";"Toitlustamine";""
"KTO023144";"Püül ja Tõrs OÜ";"14937621";"14.05.2020";"Tähtajatu";"Jah";"Toitlustamine";""
"KTO023140";"PP Point OÜ";"14960726";"13.05.2020";"Tähtajatu";"Jah";"Toitlustamine";""
"KTO023141";"T19 OÜ";"14911449";"13.05.2020";"Tähtajatu";"Jah";"Toitlustamine";""
"KTO023138";"Rannalounge OÜ";"14711348";"12.05.2020";"Tähtajatu";"Jah";"Toitlustamine";""
"KTO023136";"OÜ PUUNA INVEST";"10978250";"09.05.2020";"Tähtajatu";"Jah";"Toitlustamine";""
"KTO023135";"Viru Burger Tartu OÜ";"14896678";"08.05.2020";"Tähtajatu";"Jah";"Toitlustamine";""
"KTO023133";"KUKUMBER OÜ";"14391040";"08.05.2020";"Tähtajatu";"Jah";"Toitlustamine";""
"KTO023132";"Ankrud OÜ";"14629279";"07.05.2020";"Tähtajatu";"Jah";"Toitlustamine";""
"KTO023130";"Cherlhun Kohjaisur OÜ";"14872413";"04.05.2020";"Tähtajatu";"Jah";"Toitlustamine";""
"KTO023131";"Serpentine OÜ";"14953086";"04.05.2020";"Tähtajatu";"Jah";"Toitlustamine";""
"KTO023129";"OÜ Valge Suss";"14942421";"03.05.2020";"Tähtajatu";"Jah";"Toitlustamine";""
"KTO023123";"Pool Neli OÜ";"12815764";"01.05.2020";"Tähtajatu";"Jah";"Toitlustamine";""
"KTO023006";"Viis Viimast OÜ";"14012484";"01.05.2020";"Tähtajatu";"Jah";"Toitlustamine";""
"KTO023128";"LBM OÜ";"14010657";"28.04.2020";"Tähtajatu";"Jah";"Toitlustamine";""
"KTO023125";"Ingelin Event OÜ";"11990069";"23.04.2020";"Tähtajatu";"Jah";"Toitlustamine";""
"KTO023124";"Osaühing Lavigo";"10707611";"21.04.2020";"Tähtajatu";"Jah";"Toitlustamine";""
"KTO023122";"OÜ Tallink Fast Food";"14775213";"20.04.2020";"Tähtajatu";"Jah";"Toitlustamine";""
"KTO023121";"Toiduguru OÜ";"14103560";"15.04.2020";"Tähtajatu";"Jah";"Toitlustamine";""
"KTO023120";"Al's Cafe Express OÜ";"14942355";"14.04.2020";"Tähtajatu";"Jah";"Toitlustamine";""
"KTO023119";"N Flower OÜ";"14939442";"08.04.2020";"Tähtajatu";"Jah";"Toitlustamine";""
"KTO023118";"Tõnnivakk OÜ";"12337986";"05.04.2020";"Tähtajatu";"Jah";"Toitlustamine";""
"KTO023117";"Athor Investeeringud OÜ";"11711388";"05.04.2020";"Tähtajatu";"Jah";"Toitlustamine";""
"KTO023116";"Osteria Moderna OÜ";"14463494";"25.03.2020";"Tähtajatu";"Jah";"Toitlustamine";""
"KTO023115";"OÜ Kopli Pagarid";"14200518";"25.03.2020";"Tähtajatu";"Jah";"Toitlustamine";""
"KTO023114";"Trogar OÜ";"12334054";"24.03.2020";"Tähtajatu";"Jah";"Toitlustamine";""
"KTO023113";"Huks Trading OÜ";"12871438";"23.03.2020";"Tähtajatu";"Jah";"Toitlustamine";""
"KTO023112";"Original Decor OÜ";"14188533";"21.03.2020";"Tähtajatu";"Jah";"Toitlustamine";""
"KTO023111";"F.Burger OÜ";"14939927";"20.03.2020";"Tähtajatu";"Jah";"Toitlustamine";""
"KTO023109";"Osaühing Foxy";"10883398";"18.03.2020";"Tähtajatu";"Jah";"Toitlustamine";""
"KTO023106";"Thyme Out OÜ";"14759444";"14.03.2020";"Tähtajatu";"Jah";"Toitlustamine";""
"KTO023105";"OÜ Mereääre Puhkemajad";"14669215";"12.03.2020";"Tähtajatu";"Jah";"Toitlustamine";""
"KTO023104";"Coffissimus OÜ";"12584756";"09.03.2020";"Tähtajatu";"Jah";"Toitlustamine";""
"KTO023103";"MTÜ Tudengiklubi";"80554942";"08.03.2020";"Tähtajatu";"Jah";"Toitlustamine";""
"KTO023102";"Koju OÜ";"14879993";"06.03.2020";"Tähtajatu";"Jah";"Toitlustamine";""
"KTO023101";"Pertini OÜ";"14376387";"05.03.2020";"Tähtajatu";"Jah";"Toitlustamine";""
"KTO023099";"Taller OÜ";"14134715";"04.03.2020";"Tähtajatu";"Jah";"Toitlustamine";""
"KTO023100";"Boumalao Mondon OÜ";"14801884";"04.03.2020";"Tähtajatu";"Jah";"Toitlustamine";""
"KTO023098";"Tarhan OÜ";"14613670";"03.03.2020";"Tähtajatu";"Jah";"Toitlustamine";""
"KTO023096";"Silfood OÜ";"14907583";"02.03.2020";"Tähtajatu";"Jah";"Toitlustamine";""
"KTO023040";"Inflatus OÜ";"12576194";"01.03.2020";"Tähtajatu";"Jah";"Toitlustamine";""
"KTO023062";"KAJAKAS PIZZA OÜ";"14783201";"01.03.2020";"Tähtajatu";"Jah";"Toitlustamine";""
"KTO023094";"ACME Creations OÜ";"14197302";"01.03.2020";"Tähtajatu";"Jah";"Toitlustamine";""
"KTO023095";"Think Green OÜ";"14905271";"01.03.2020";"Tähtajatu";"Jah";"Toitlustamine";""
"KTO023092";"Art & Club COCO OÜ";"14922111";"28.02.2020";"Tähtajatu";"Jah";"Toitlustamine";""
"KTO023093";"Sõgesõsara OÜ";"12553170";"28.02.2020";"Tähtajatu";"Jah";"Toitlustamine";""
"KTO023091";"Grenaldin Group OÜ";"14856689";"27.02.2020";"Tähtajatu";"Jah";"Toitlustamine";""
"KTO023090";"OÜ kinza resto";"14913276";"26.02.2020";"Tähtajatu";"Jah";"Toitlustamine";""
"KTO023087";"Toiduklubi OÜ";"14852089";"20.02.2020";"Tähtajatu";"Jah";"Toitlustamine";""
"KTO023086";"Irise kohvik OÜ";"14500321";"20.02.2020";"Tähtajatu";"Jah";"Toitlustamine";""
"KTO023084";"I TRAINE SERVICE OÜ";"12983338";"16.02.2020";"Tähtajatu";"Jah";"Toitlustamine";""
"KTO023083";"Aegviidu Jaamahoone OÜ";"14910314";"13.02.2020";"Tähtajatu";"Jah";"Toitlustamine";""
"KTO023082";"OÜ Ihamaru Kõrts";"14678065";"10.02.2020";"Tähtajatu";"Jah";"Toitlustamine";""
"KTO023070";"Deilig OÜ";"14898298";"08.02.2020";"Tähtajatu";"Jah";"Toitlustamine";""
"KTO023077";"BAGELAND OÜ";"14511980";"07.02.2020";"Tähtajatu";"Jah";"Toitlustamine";""
"KTO023078";"Toit & Vein OÜ";"14732043";"07.02.2020";"Tähtajatu";"Jah";"Toitlustamine";""
"KTO023075";"OÜ Fidera Baltic";"12123989";"05.02.2020";"Tähtajatu";"Jah";"Toitlustamine";""
"KTO023072";"KONTEKTOR FOOD OÜ";"14873039";"02.02.2020";"Tähtajatu";"Jah";"Toitlustamine";""
"KTO023071";"Gourmet Coffee Kadriorg OÜ";"14886734";"31.01.2020";"Tähtajatu";"Jah";"Toitlustamine";""
"KTO023069";"Jasmin Catering OÜ";"14769313";"30.01.2020";"Tähtajatu";"Jah";"Toitlustamine";""
"KTO023068";"Hektor Design Hostels Tallinn OÜ";"14445585";"30.01.2020";"Tähtajatu";"Jah";"Toitlustamine";""
"KTO023066";"Alynas Estonia OÜ";"14862969";"29.01.2020";"Tähtajatu";"Jah";"Toitlustamine";""
"KTO023065";"Saare Golf OÜ";"12461806";"28.01.2020";"Tähtajatu";"Jah";"Toitlustamine";""
"KTO023063";"Hulda OÜ";"14725391";"27.01.2020";"Tähtajatu";"Jah";"Toitlustamine";""
"KTO023061";"HR OÜ";"12367192";"24.01.2020";"Tähtajatu";"Jah";"Toitlustamine";""
"KTO023060";"KuldneKahvel OÜ";"14893013";"23.01.2020";"Tähtajatu";"Jah";"Toitlustamine";""
"KTO023058";"Cruise Port OÜ";"12461841";"22.01.2020";"Tähtajatu";"Jah";"Toitlustamine";""
"KTO023056";"Osaühing Tarkmees";"11954369";"20.01.2020";"Tähtajatu";"Jah";"Toitlustamine";""
"KTO023055";"Katel OÜ";"14889900";"20.01.2020";"Tähtajatu";"Jah";"Toitlustamine";""
"KTO023054";"XStaff OÜ";"14436540";"15.01.2020";"Tähtajatu";"Jah";"Toitlustamine";""
"KTO023051";"GourmetKings OÜ";"12908934";"14.01.2020";"Tähtajatu";"Jah";"Toitlustamine";""
"KTO023050";"Epic Coffee Shop OÜ";"14750163";"14.01.2020";"Tähtajatu";"Jah";"Toitlustamine";""
"KTO023052";"ByPro OÜ";"14837434";"14.01.2020";"Tähtajatu";"Jah";"Toitlustamine";""
"KTO023049";"Leis OÜ";"14705224";"13.01.2020";"Tähtajatu";"Jah";"Toitlustamine";""
"KTO023048";"Osaühing Larsen FP";"10221587";"10.01.2020";"Tähtajatu";"Jah";"Toitlustamine";""
"KTO023046";"Erastoplei Estniks OÜ";"12925795";"09.01.2020";"Tähtajatu";"Jah";"Toitlustamine";""
"KTO023045";"Ar-Kraft OÜ";"14873795";"08.01.2020";"Tähtajatu";"Jah";"Toitlustamine";""
"KTO023034";"Best4U Baarid OÜ";"14868541";"01.01.2020";"Tähtajatu";"Jah";"Toitlustamine";""
"KTO023042";"SÜLEIMAN OÜ";"14757089";"30.12.2019";"Tähtajatu";"Jah";"Toitlustamine";""
"KTO023043";"VictoryLux OÜ";"14105560";"30.12.2019";"Tähtajatu";"Jah";"Toitlustamine";""
"KTO023041";"Regalean OÜ";"14600595";"30.12.2019";"Tähtajatu";"Jah";"Toitlustamine";""
"KTO023038";"OÜ Kiri Keset Küla";"11955334";"23.12.2019";"Tähtajatu";"Jah";"Toitlustamine";""
"KTO023037";"Petite Cafe OÜ";"14796037";"19.12.2019";"Tähtajatu";"Jah";"Toitlustamine";""
"KTO023035";"OÜ MEM KOHVIKUD";"14841186";"17.12.2019";"Tähtajatu";"Jah";"Toitlustamine";""
"KTO023033";"Merlana Group OÜ";"14815355";"14.12.2019";"Tähtajatu";"Jah";"Toitlustamine";""
"KTO023032";"Actall OÜ";"14701611";"13.12.2019";"Tähtajatu";"Jah";"Toitlustamine";""
"KTO023031";"OÜ AO Investeering";"12373597";"12.12.2019";"Tähtajatu";"Jah";"Toitlustamine";""
"KTO023028";"Mari e Monti OÜ";"14856420";"11.12.2019";"Tähtajatu";"Jah";"Toitlustamine";""
"KTO023030";"J&I Resto OÜ";"14812055";"11.12.2019";"Tähtajatu";"Jah";"Toitlustamine";""
"KTO023027";"OÜ LAPRIOR";"11114924";"10.12.2019";"Tähtajatu";"Jah";"Toitlustamine";""
"KTO023023";"eps project OÜ";"14142206";"06.12.2019";"Tähtajatu";"Jah";"Toitlustamine";""
"KTO023020";"Vahvlid OÜ";"14553501";"04.12.2019";"Tähtajatu";"Jah";"Toitlustamine";""
"KTO023019";"OÜ HÄÄD ROAD";"12138436";"03.12.2019";"Tähtajatu";"Jah";"Toitlustamine";""
"KTO023017";"BisonHouse OÜ";"14333716";"02.12.2019";"Tähtajatu";"Jah";"Toitlustamine";""
"KTO022970";"Vegankringel OÜ";"14782466";"01.12.2019";"Tähtajatu";"Jah";"Toitlustamine";""
"KTO023015";"Andrei ?ibko";"14857046";"01.12.2019";"Tähtajatu";"Jah";"Toitlustamine";""
"KTO023014";"Kanepi Hampsu OÜ";"14797097";"29.11.2019";"Tähtajatu";"Jah";"Toitlustamine";""
"KTO023013";"Miimari OÜ";"14841944";"28.11.2019";"Tähtajatu";"Jah";"Toitlustamine";""
"KTO023011";"Rmagination Club OÜ";"14197348";"28.11.2019";"Tähtajatu";"Jah";"Toitlustamine";""
"KTO023009";"ProGlance OÜ";"14208224";"27.11.2019";"Tähtajatu";"Jah";"Toitlustamine";""
"KTO023010";"Siin OÜ";"14846108";"27.11.2019";"Tähtajatu";"Jah";"Toitlustamine";""
"KTO023005";"Volli Kohvik OÜ";"14816774";"27.11.2019";"Tähtajatu";"Jah";"Toitlustamine";""
"KTO023004";"Margherita Pizzeria OÜ";"10987757";"26.11.2019";"Tähtajatu";"Jah";"Toitlustamine";""
"KTO023002";"Männik OÜ";"14770894";"23.11.2019";"Tähtajatu";"Jah";"Toitlustamine";""
"KTO023001";"1JetiFoods OÜ";"14813675";"22.11.2019";"Tähtajatu";"Jah";"Toitlustamine";""
"KTO023000";"W Resto OÜ";"14822993";"21.11.2019";"Tähtajatu";"Jah";"Toitlustamine";""
"KTO022999";"Mingi Blablabla OÜ";"14142117";"21.11.2019";"Tähtajatu";"Jah";"Toitlustamine";""
"KTO022998";"Mest Kohvikud OÜ";"14841690";"20.11.2019";"Tähtajatu";"Jah";"Toitlustamine";""
"KTO022996";"Hoton OÜ";"14847898";"18.11.2019";"Tähtajatu";"Jah";"Toitlustamine";""
"KTO022997";"Grill King OÜ";"14668457";"18.11.2019";"Tähtajatu";"Jah";"Toitlustamine";""
"KTO022994";"Sound OÜ";"12354128";"13.11.2019";"Tähtajatu";"Jah";"Toitlustamine";""
"KTO022992";"Osaühing AlterTech EU";"11411410";"11.11.2019";"Tähtajatu";"Jah";"Toitlustamine";""
"KTO022989";"OÜ Suruõhk";"14797775";"07.11.2019";"Tähtajatu";"Jah";"Toitlustamine";""
"KTO022990";"Tallinn Gastrobar OÜ";"14162634";"07.11.2019";"Tähtajatu";"Jah";"Toitlustamine";""
"KTO022985";"Kokteilibaar OÜ";"14814605";"04.11.2019";"Tähtajatu";"Jah";"Toitlustamine";""
"KTO022986";"OÜ Moraehitus";"14752360";"04.11.2019";"Tähtajatu";"Jah";"Toitlustamine";""
"KTO022978";"OÜ Sinu Käik";"14525746";"01.11.2019";"Tähtajatu";"Jah";"Toitlustamine";""
"KTO022984";"Concert Team OÜ";"14832968";"31.10.2019";"Tähtajatu";"Jah";"Toitlustamine";""
"KTO022983";"Step2work OÜ";"12093805";"31.10.2019";"Tähtajatu";"Jah";"Toitlustamine";""
"KTO022982";"GSresto Teenused OÜ";"14414018";"30.10.2019";"Tähtajatu";"Jah";"Toitlustamine";""
"KTO022977";"OÜ CharmFood";"12738171";"30.10.2019";"Tähtajatu";"Jah";"Toitlustamine";""
"KTO022976";"Deltaplanet OÜ";"14508802";"30.10.2019";"Tähtajatu";"Jah";"Toitlustamine";""
"KTO022980";"Sauna Pubi OÜ";"14264102";"30.10.2019";"Tähtajatu";"Jah";"Toitlustamine";""
"KTO022979";"Okkatee OÜ";"12630930";"30.10.2019";"Tähtajatu";"Jah";"Toitlustamine";""
"KTO022975";"OÜ POUK";"14416786";"23.10.2019";"Tähtajatu";"Jah";"Toitlustamine";""
"KTO022974";"APL Fresh Food OÜ";"14706369";"23.10.2019";"Tähtajatu";"Jah";"Toitlustamine";""
"KTO022973";"Foodstars OÜ";"14683853";"22.10.2019";"Tähtajatu";"Jah";"Toitlustamine";""
"KTO022971";"OÜ PREMIER HOTELS";"12963593";"21.10.2019";"Tähtajatu";"Jah";"Toitlustamine";""
"KTO022972";"Nimeotsing OÜ";"14709268";"21.10.2019";"Tähtajatu";"Jah";"Toitlustamine";""
"KTO022968";"finhov OÜ";"14098379";"17.10.2019";"Tähtajatu";"Jah";"Toitlustamine";""
"KTO022965";"KTH Capital OÜ";"14455323";"15.10.2019";"Tähtajatu";"Jah";"Toitlustamine";""
"KTO022966";"OÜ Danton";"12726937";"15.10.2019";"Tähtajatu";"Jah";"Toitlustamine";""
"KTO022967";"Hets Toidutuba OÜ";"14323273";"15.10.2019";"Tähtajatu";"Jah";"Toitlustamine";""
"KTO022964";"Helitehas OÜ";"14807195";"14.10.2019";"Tähtajatu";"Jah";"Toitlustamine";""
"KTO022962";"kodugurmee.ee OÜ";"14643440";"11.10.2019";"Tähtajatu";"Jah";"Toitlustamine";""
"KTO022961";"Vatla kõrts OÜ";"14812629";"10.10.2019";"Tähtajatu";"Jah";"Toitlustamine";""
"KTO022959";"LAURABAR OÜ";"14820310";"07.10.2019";"Tähtajatu";"Jah";"Toitlustamine";""
"KTO022945";"Proto OÜ";"14158153";"04.10.2019";"Tähtajatu";"Jah";"Toitlustamine";""
"KTO022957";"Goodwell OÜ";"14776804";"03.10.2019";"Tähtajatu";"Jah";"Toitlustamine";""
"KTO022956";"RESTORAN FRIEND?S OÜ";"14809461";"01.10.2019";"Tähtajatu";"Jah";"Toitlustamine";""
"KTO022955";"Upsetter OÜ";"14697915";"01.10.2019";"Tähtajatu";"Jah";"Toitlustamine";""
"KTO022954";"Byggercom OÜ";"14010433";"30.09.2019";"Tähtajatu";"Jah";"Toitlustamine";""
"KTO022952";"Kõrts OÜ";"14025370";"28.09.2019";"Tähtajatu";"Jah";"Toitlustamine";""
"KTO022950";"Lucky Loore OÜ";"14658269";"27.09.2019";"Tähtajatu";"Jah";"Toitlustamine";""
"KTO022949";"Osaühing Loka Group";"12155073";"26.09.2019";"Tähtajatu";"Jah";"Toitlustamine";""
"KTO022946";"Absolutely Baltic OÜ";"12986006";"26.09.2019";"Tähtajatu";"Jah";"Toitlustamine";""
"KTO022947";"The Kurze OÜ";"14795842";"26.09.2019";"Tähtajatu";"Jah";"Toitlustamine";""
"KTO022944";"OÜ Vaba Koht";"14809685";"24.09.2019";"Tähtajatu";"Jah";"Toitlustamine";""
"KTO022942";"Munuke OÜ";"14753022";"23.09.2019";"Tähtajatu";"Jah";"Toitlustamine";""
"KTO022943";"Wolkolak OÜ";"11547724";"20.09.2019";"Tähtajatu";"Jah";"Toitlustamine";""
"KTO022941";"Kigungu Bugonga OÜ";"14766579";"17.09.2019";"Tähtajatu";"Jah";"Toitlustamine";""
"KTO022937";"Made in Vachina OÜ";"14681080";"13.09.2019";"Tähtajatu";"Jah";"Toitlustamine";""
"KTO022936";"MTÜ Loomeruum";"80397069";"12.09.2019";"Tähtajatu";"Jah";"Toitlustamine";""
"KTO022935";"Aliide Lilled OÜ";"14014543";"11.09.2019";"Tähtajatu";"Jah";"Toitlustamine";""
"KTO022934";"QUIK CHEF OÜ";"14777100";"08.09.2019";"Tähtajatu";"Jah";"Toitlustamine";""
"KTO022932";"Kentmanni Hotell OÜ";"14046916";"05.09.2019";"Tähtajatu";"Jah";"Toitlustamine";""
"KTO022929";"Aasia Restoran OÜ";"14793961";"03.09.2019";"Tähtajatu";"Jah";"Toitlustamine";""
"KTO022927";"AO Food OÜ";"14737342";"30.08.2019";"Tähtajatu";"Jah";"Toitlustamine";""
"KTO022926";"AKresto24 OÜ";"14748417";"28.08.2019";"Tähtajatu";"Jah";"Toitlustamine";""
"KTO022923";"Trad.Taste Catering & Events OÜ";"14502337";"27.08.2019";"Tähtajatu";"Jah";"Toitlustamine";""
"KTO022922";"Kiosk OÜ";"14740551";"26.08.2019";"Tähtajatu";"Jah";"Toitlustamine";""
"KTO022921";"Katty Köök Kodutoit OÜ";"14646349";"24.08.2019";"Tähtajatu";"Jah";"Toitlustamine";""
"KTO022920";"Kiia Grill OÜ";"14700149";"23.08.2019";"Tähtajatu";"Jah";"Toitlustamine";""
"KTO022919";"Lenxhort OÜ";"14729414";"22.08.2019";"Tähtajatu";"Jah";"Toitlustamine";""
"KTO022918";"Kalamaja Plaza OÜ";"14765108";"21.08.2019";"Tähtajatu";"Jah";"Toitlustamine";""
"KTO022916";"Kapteni Kelder OÜ";"14639409";"19.08.2019";"Tähtajatu";"Jah";"Toitlustamine";""
"KTO022915";"JK Catering OÜ";"14722033";"16.08.2019";"Tähtajatu";"Jah";"Toitlustamine";""
"KTO022914";"Simtan Kaubandus OÜ";"12208326";"16.08.2019";"Tähtajatu";"Jah";"Toitlustamine";""
"KTO022913";"AasiaKöök OÜ";"14742567";"16.08.2019";"Tähtajatu";"Jah";"Toitlustamine";""
"KTO022906";"Omare OÜ";"14740077";"15.08.2019";"Tähtajatu";"Jah";"Toitlustamine";""
"KTO022911";"Vaimulava OÜ";"14704727";"15.08.2019";"Tähtajatu";"Jah";"Toitlustamine";""
"KTO022912";"Lunca Borcutului OÜ";"14724581";"15.08.2019";"Tähtajatu";"Jah";"Toitlustamine";""
"KTO022910";"Purtse Pruulikoda OÜ";"12856870";"14.08.2019";"Tähtajatu";"Jah";"Toitlustamine";""
"KTO022909";"Getherstone Invest OÜ";"14466239";"13.08.2019";"Tähtajatu";"Jah";"Toitlustamine";""
"KTO022908";"Laretoz OÜ";"14312571";"13.08.2019";"Tähtajatu";"Jah";"Toitlustamine";""
"KTO022904";"Veski Külalistemaja OÜ";"14747754";"06.08.2019";"Tähtajatu";"Jah";"Toitlustamine";""
"KTO022905";"Vaba Siiam OÜ";"14769840";"06.08.2019";"Tähtajatu";"Jah";"Toitlustamine";""
"KTO022903";"Jaama Kohvik OÜ";"14576583";"05.08.2019";"Tähtajatu";"Jah";"Toitlustamine";""
"KTO022902";"F&B Advisory OÜ";"14718037";"05.08.2019";"Tähtajatu";"Jah";"Toitlustamine";""
"KTO022901";"Vergara OÜ";"14223519";"04.08.2019";"Tähtajatu";"Jah";"Toitlustamine";""
"KTO022900";"Ühendus Weissenstein";"80195584";"02.08.2019";"Tähtajatu";"Jah";"Toitlustamine";""
"KTO022899";"Foodie Family OÜ";"14573797";"02.08.2019";"Tähtajatu";"Jah";"Toitlustamine";""
"KTO022898";"RUTAX OÜ";"12169827";"01.08.2019";"Tähtajatu";"Jah";"Toitlustamine";""
"KTO022896";"OÜ hombretm";"14739513";"01.08.2019";"Tähtajatu";"Jah";"Toitlustamine";""
"KTO022897";"Nordic SeaWood OÜ";"14573550";"01.08.2019";"Tähtajatu";"Jah";"Toitlustamine";""
"KTO022894";"Bilkins-Flowers OÜ";"14572800";"29.07.2019";"Tähtajatu";"Jah";"Toitlustamine";""
"KTO022893";"HC Gastronomy OÜ";"14718863";"26.07.2019";"Tähtajatu";"Jah";"Toitlustamine";""
"KTO022891";"Ain Mango";"10499325";"25.07.2019";"Tähtajatu";"Jah";"Toitlustamine";""
"KTO022890";"Kokteil Grupp OÜ";"11472133";"25.07.2019";"Tähtajatu";"Jah";"Toitlustamine";""
"KTO022888";"LisSable Grupp OÜ";"14763279";"24.07.2019";"Tähtajatu";"Jah";"Toitlustamine";""
"KTO022889";"Gastroll OÜ";"10927011";"24.07.2019";"Tähtajatu";"Jah";"Toitlustamine";""
"KTO022884";"Tasty Food OÜ";"14730707";"18.07.2019";"Tähtajatu";"Jah";"Toitlustamine";""
"KTO022883";"recfoods OÜ";"14534932";"17.07.2019";"Tähtajatu";"Jah";"Toitlustamine";""
"KTO022882";"OÜ Hõbekeskus";"14048140";"17.07.2019";"Tähtajatu";"Jah";"Toitlustamine";""
"KTO022863";"OÜ Bona Verbum";"11185600";"17.07.2019";"Tähtajatu";"Jah";"Toitlustamine";""
"KTO022880";"Pastoraat OÜ";"14521926";"16.07.2019";"Tähtajatu";"Jah";"Toitlustamine";""
"KTO022881";"MM Catering OÜ";"14299994";"16.07.2019";"Tähtajatu";"Jah";"Toitlustamine";""
"KTO022879";"Sihtasutus Holstre-Polli Vabaajakeskus";"90013555";"15.07.2019";"Tähtajatu";"Jah";"Toitlustamine";""
"KTO022876";"Keretäis OÜ";"14651089";"15.07.2019";"Tähtajatu";"Jah";"Toitlustamine";""
"KTO022860";"Mega hea OÜ";"14703596";"14.07.2019";"Tähtajatu";"Jah";"Toitlustamine";""
"KTO022873";"OÜ N&V";"16297634";"12.07.2019";"Tähtajatu";"Jah";"Toitlustamine";""
"KTO022872";"Limpador OÜ";"14298486";"11.07.2019";"Tähtajatu";"Jah";"Toitlustamine";""
"KTO022869";"Trileen OÜ";"14719120";"10.07.2019";"Tähtajatu";"Jah";"Toitlustamine";""
"KTO022871";"Laps ja Pere OÜ";"14097322";"10.07.2019";"Tähtajatu";"Jah";"Toitlustamine";""
"KTO022868";"Osaühing MARELLABELL";"10928708";"09.07.2019";"Tähtajatu";"Jah";"Toitlustamine";""
"KTO022867";"Kurikas OÜ";"14700853";"09.07.2019";"Tähtajatu";"Jah";"Toitlustamine";""
"KTO022865";"Filmer OÜ";"11232854";"08.07.2019";"Tähtajatu";"Jah";"Toitlustamine";""
"KTO022866";"Osaühing SPINNAKER";"10859278";"08.07.2019";"Tähtajatu";"Jah";"Toitlustamine";""
"KTO022862";"Totsu Taluköök OÜ";"14544726";"04.07.2019";"Tähtajatu";"Jah";"Toitlustamine";""
"KTO022859";"Puhas Maitse OÜ";"14651787";"02.07.2019";"Tähtajatu";"Jah";"Toitlustamine";""
"KTO022727";"Driftikeskus OÜ";"14575431";"01.07.2019";"Tähtajatu";"Jah";"Toitlustamine";""
"KTO022856";"OÜ Maiasmaa";"14289352";"28.06.2019";"Tähtajatu";"Jah";"Toitlustamine";""
"KTO022854";"Tennisest OÜ";"12020999";"27.06.2019";"Tähtajatu";"Jah";"Toitlustamine";""
"KTO022852";"BM&W OÜ";"14742159";"26.06.2019";"Tähtajatu";"Jah";"Toitlustamine";""
"KTO022847";"Jarevald OÜ";"11562617";"21.06.2019";"Tähtajatu";"Jah";"Toitlustamine";""
"KTO022844";"Rannabangalo OÜ";"14738494";"19.06.2019";"Tähtajatu";"Jah";"Toitlustamine";""
"KTO022845";"Ende OÜ";"14189640";"19.06.2019";"Tähtajatu";"Jah";"Toitlustamine";""
"KTO022840";"APL Restoranid Ülemiste OÜ";"14453283";"18.06.2019";"Tähtajatu";"Jah";"Toitlustamine";""
"KTO022843";"Düün Beach Club OÜ";"14175648";"18.06.2019";"Tähtajatu";"Jah";"Toitlustamine";""
"KTO022839";"Korean kitchen OÜ";"14678846";"17.06.2019";"Tähtajatu";"Jah";"Toitlustamine";""
"KTO022838";"Tonkotsu OÜ";"14674794";"17.06.2019";"Tähtajatu";"Jah";"Toitlustamine";""
"KTO022835";"OÜ R.K INVEST";"14720382";"16.06.2019";"Tähtajatu";"Jah";"Toitlustamine";""
"KTO022834";"OÜ Üks Köök";"14467948";"14.06.2019";"Tähtajatu";"Jah";"Toitlustamine";""
"KTO022832";"Grillimassin OÜ";"14716297";"13.06.2019";"Tähtajatu";"Jah";"Toitlustamine";""
"KTO022829";"FoodieHouse OÜ";"14737000";"13.06.2019";"Tähtajatu";"Jah";"Toitlustamine";""
"KTO022828";"MRZOOG FOOD OÜ";"14735633";"12.06.2019";"Tähtajatu";"Jah";"Toitlustamine";""
"KTO022826";"Übernord OÜ";"14285319";"10.06.2019";"Tähtajatu";"Jah";"Toitlustamine";""
"KTO022825";"OÜ FROSTDESIGN";"14713583";"10.06.2019";"Tähtajatu";"Jah";"Toitlustamine";""
"KTO022824";"No Work OÜ";"12910871";"10.06.2019";"Tähtajatu";"Jah";"Toitlustamine";""
"KTO022823";"Piano Ülemiste OÜ";"14448454";"10.06.2019";"Tähtajatu";"Jah";"Toitlustamine";""
"KTO022822";"Kaneelipuu OÜ";"14189171";"09.06.2019";"Tähtajatu";"Jah";"Toitlustamine";""
"KTO022819";"Liman Restoran OÜ";"14720726";"07.06.2019";"Tähtajatu";"Jah";"Toitlustamine";""
"KTO022820";"Grilltastic OÜ";"14681009";"07.06.2019";"Tähtajatu";"Jah";"Toitlustamine";""
"KTO022821";"Rohe Kohvik OÜ";"14721335";"07.06.2019";"Tähtajatu";"Jah";"Toitlustamine";""
"KTO022818";"Osaühing OKTAR MT";"11185132";"07.06.2019";"Tähtajatu";"Jah";"Toitlustamine";""
"KTO022812";"Eurecom osaühing";"14690250";"05.06.2019";"Tähtajatu";"Jah";"Toitlustamine";""
"KTO022810";"OÜ Lottemaa teemapark";"12455303";"04.06.2019";"Tähtajatu";"Jah";"Toitlustamine";""
"KTO022811";"Savilaane Ehitus OÜ";"12829146";"04.06.2019";"Tähtajatu";"Jah";"Toitlustamine";""
"KTO022808";"Asia Drinks D&R OÜ";"14294896";"04.06.2019";"Tähtajatu";"Jah";"Toitlustamine";""
"KTO022806";"Interrobang OÜ";"11948274";"02.06.2019";"Tähtajatu";"Jah";"Toitlustamine";""
"KTO022802";"Mittetulundusühing Riidepuu";"80348504";"31.05.2019";"Tähtajatu";"Jah";"Toitlustamine";""
"KTO022735";"Wägon OÜ";"14699475";"30.05.2019";"Tähtajatu";"Jah";"Toitlustamine";""
"KTO022797";"OÜ Saaremaa Viikingid";"14204686";"29.05.2019";"Tähtajatu";"Jah";"Toitlustamine";""
"KTO022793";"Sabores OÜ";"14680180";"28.05.2019";"Tähtajatu";"Jah";"Toitlustamine";""
"KTO022795";"Denkha OÜ";"14348284";"28.05.2019";"Tähtajatu";"Jah";"Toitlustamine";""
"KTO022796";"Botik ja aed OÜ";"14717492";"28.05.2019";"Tähtajatu";"Jah";"Toitlustamine";""
"KTO022792";"Gardener Aiakaubad OÜ";"14666352";"28.05.2019";"Tähtajatu";"Jah";"Toitlustamine";""
"KTO022742";"Nöks OÜ";"14633861";"28.05.2019";"Tähtajatu";"Jah";"Toitlustamine";""
"KTO022794";"OÜ Magus Ahvatlus";"12774095";"28.05.2019";"Tähtajatu";"Jah";"Toitlustamine";""
"KTO022790";"DönerFood OÜ";"14643210";"27.05.2019";"Tähtajatu";"Jah";"Toitlustamine";""
"KTO022788";"New Orleans Ribs OÜ";"10220837";"24.05.2019";"Tähtajatu";"Jah";"Toitlustamine";""
"KTO022786";"Kapa Events MTÜ";"80555367";"24.05.2019";"Tähtajatu";"Jah";"Toitlustamine";""
"KTO022784";"AHT22 Residence OÜ";"14621131";"24.05.2019";"Tähtajatu";"Jah";"Toitlustamine";""
"KTO022785";"AHT22 TWO OÜ";"14621148";"24.05.2019";"Tähtajatu";"Jah";"Toitlustamine";""
"KTO022782";"VMK Ehitus OÜ";"12247906";"23.05.2019";"Tähtajatu";"Jah";"Toitlustamine";""
"KTO022781";"Malgari OÜ";"14628676";"23.05.2019";"Tähtajatu";"Jah";"Toitlustamine";""
"KTO022783";"MTÜ Salvador";"80290963";"23.05.2019";"Tähtajatu";"Jah";"Toitlustamine";""
"KTO022780";"Never too late OÜ";"12797452";"22.05.2019";"Tähtajatu";"Jah";"Toitlustamine";""
"KTO022779";"Sezan OÜ";"14720962";"22.05.2019";"Tähtajatu";"Jah";"Toitlustamine";""
"KTO022778";"FG Food OÜ";"14688632";"22.05.2019";"Tähtajatu";"Jah";"Toitlustamine";""
"KTO022777";"OÜ Garden Cafe";"14690273";"22.05.2019";"Tähtajatu";"Jah";"Toitlustamine";""
"KTO022774";"Teaduskohvik OÜ";"14679656";"20.05.2019";"Tähtajatu";"Jah";"Toitlustamine";""
"KTO022771";"Hiina Pada OÜ";"14673441";"20.05.2019";"Tähtajatu";"Jah";"Toitlustamine";""
"KTO022772";"Hiina Pott OÜ";"14488146";"20.05.2019";"Tähtajatu";"Jah";"Toitlustamine";""
"KTO022773";"OÜ Tikupoiss";"14655466";"20.05.2019";"Tähtajatu";"Jah";"Toitlustamine";""
"KTO022750";"DELIMER OÜ";"14712661";"20.05.2019";"Tähtajatu";"Jah";"Toitlustamine";""
"KTO022768";"Toormoor OÜ";"14655727";"17.05.2019";"Tähtajatu";"Jah";"Toitlustamine";""
"KTO022765";"KR Foods OÜ";"14717434";"16.05.2019";"Tähtajatu";"Jah";"Toitlustamine";""
"KTO022766";"Foodie Restoran OÜ";"14597444";"16.05.2019";"Tähtajatu";"Jah";"Toitlustamine";""
"KTO022767";"Kalle Piile";"10969179";"16.05.2019";"Tähtajatu";"Jah";"Toitlustamine";""
"KTO022763";"MS AGENCY OÜ";"12142298";"15.05.2019";"Tähtajatu";"Jah";"Toitlustamine";""
"KTO022764";"KOOGIPOOD OÜ";"14051395";"15.05.2019";"Tähtajatu";"Jah";"Toitlustamine";""
"KTO022762";"Tänavatoidu punkt OÜ";"14647811";"14.05.2019";"Tähtajatu";"Jah";"Toitlustamine";""
"KTO022761";"R-Resto OÜ";"14642073";"14.05.2019";"Tähtajatu";"Jah";"Toitlustamine";""
"KTO022760";"Shaurma Tallinn OÜ";"10260601";"14.05.2019";"Tähtajatu";"Jah";"Toitlustamine";""
"KTO022758";"OÜ REGGAE";"12505064";"13.05.2019";"Tähtajatu";"Jah";"Toitlustamine";""
"KTO022757";"osaühing TRINIIDA";"10862553";"12.05.2019";"Tähtajatu";"Jah";"Toitlustamine";""
"KTO022731";"HAPSAL BLOOM OÜ";"14476203";"08.05.2019";"Tähtajatu";"Jah";"Toitlustamine";""
"KTO022748";"RESTOPRO OÜ";"14670046";"07.05.2019";"Tähtajatu";"Jah";"Toitlustamine";""
"KTO022739";"Plant Food OÜ";"14566432";"06.05.2019";"Tähtajatu";"Jah";"Toitlustamine";""
"KTO022747";"Kohvi Maja OÜ";"14645781";"06.05.2019";"Tähtajatu";"Jah";"Toitlustamine";""
"KTO022744";"LUMAESTONIA OÜ";"14698607";"03.05.2019";"Tähtajatu";"Jah";"Toitlustamine";""
"KTO022666";"Tsirguke OÜ";"14502478";"01.05.2019";"Tähtajatu";"Jah";"Toitlustamine";""
"KTO022736";"Juhkentali Hotel OÜ";"14114233";"30.04.2019";"Tähtajatu";"Jah";"Toitlustamine";""
"KTO022737";"LAURIN EESTI OÜ";"14695980";"30.04.2019";"Tähtajatu";"Jah";"Toitlustamine";""
"KTO022734";"Sadama Resto OÜ";"14712000";"29.04.2019";"Tähtajatu";"Jah";"Toitlustamine";""
"KTO022733";"Ceska B OÜ";"14701628";"25.04.2019";"Tähtajatu";"Jah";"Toitlustamine";""
"KTO022725";"Seffu Food OÜ";"14322405";"23.04.2019";"Tähtajatu";"Jah";"Toitlustamine";""
"KTO022729";"OÜ MANGELBERT";"10536612";"23.04.2019";"Tähtajatu";"Jah";"Toitlustamine";""
"KTO022726";"CastVeini OÜ";"14605416";"23.04.2019";"Tähtajatu";"Jah";"Toitlustamine";""
"KTO022722";"OÜ Keväde Resto";"14522860";"22.04.2019";"Tähtajatu";"Jah";"Toitlustamine";""
"KTO022721";"BENCOTTO OÜ";"14356545";"20.04.2019";"Tähtajatu";"Jah";"Toitlustamine";""
"KTO022718";"Vanamõisa Toitlustus OÜ";"12598008";"18.04.2019";"Tähtajatu";"Jah";"Toitlustamine";""
"KTO022716";"OÜ Ilus Vara";"14566648";"17.04.2019";"Tähtajatu";"Jah";"Toitlustamine";""
"KTO022715";"Maitsev Suutäis OÜ";"14697080";"17.04.2019";"Tähtajatu";"Jah";"Toitlustamine";""
"KTO022712";"JVK Holdings OÜ";"14611434";"16.04.2019";"Tähtajatu";"Jah";"Toitlustamine";""
"KTO022709";"Junimperium Baar OÜ";"14600583";"15.04.2019";"Tähtajatu";"Jah";"Toitlustamine";""
"KTO022710";"Finn McCools OÜ";"14658526";"15.04.2019";"Tähtajatu";"Jah";"Toitlustamine";""
"KTO022704";"RCG Eesti OÜ";"12624250";"08.04.2019";"Tähtajatu";"Jah";"Toitlustamine";""
"KTO022703";"OÜ P.O Invest Capital";"12384603";"08.04.2019";"Tähtajatu";"Jah";"Toitlustamine";""
"KTO022700";"Kirves OÜ";"14677781";"04.04.2019";"Tähtajatu";"Jah";"Toitlustamine";""
"KTO022702";"Astrovette OÜ";"12295609";"04.04.2019";"Tähtajatu";"Jah";"Toitlustamine";""
"KTO022699";"FLAMM OÜ";"14122008";"03.04.2019";"Tähtajatu";"Jah";"Toitlustamine";""
"KTO022695";"ZiKiVara OÜ";"14522475";"02.04.2019";"Tähtajatu";"Jah";"Toitlustamine";""
"KTO022698";"Vassiresto OÜ";"14677321";"02.04.2019";"Tähtajatu";"Jah";"Toitlustamine";""
"KTO022697";"TaevaniMaani Agency OÜ";"14398727";"02.04.2019";"Tähtajatu";"Jah";"Toitlustamine";""
"KTO022694";"Tribe Theory OÜ";"14633878";"31.03.2019";"Tähtajatu";"Jah";"Toitlustamine";""
"KTO022692";"Ogwashi Ukwunzu OÜ";"12922584";"28.03.2019";"Tähtajatu";"Jah";"Toitlustamine";""
"KTO022689";"Ultimate Entertainment OÜ";"14687911";"26.03.2019";"Tähtajatu";"Jah";"Toitlustamine";""
"KTO022688";"Kohviaeg OÜ";"14682249";"25.03.2019";"Tähtajatu";"Jah";"Toitlustamine";""
"KTO022687";"NOKK Resto OÜ";"14391895";"22.03.2019";"Tähtajatu";"Jah";"Toitlustamine";""
"KTO022682";"Jahu Group OÜ";"14636322";"20.03.2019";"Tähtajatu";"Jah";"Toitlustamine";""
"KTO022685";"OÜ Sport Catering";"14684098";"20.03.2019";"Tähtajatu";"Jah";"Toitlustamine";""
"KTO022686";"Divertiment OÜ";"12724996";"20.03.2019";"Tähtajatu";"Jah";"Toitlustamine";""
"KTO022683";"OÜ Relantiin";"14374230";"20.03.2019";"Tähtajatu";"Jah";"Toitlustamine";""
"KTO022680";"High Trading OÜ";"14339699";"15.03.2019";"Tähtajatu";"Jah";"Toitlustamine";""
"KTO022679";"RAHVA RAAMAT Aktsiaselts";"10421903";"14.03.2019";"Tähtajatu";"Jah";"Toitlustamine";""
"KTO022673";"Bramasole OÜ";"14537206";"12.03.2019";"Tähtajatu";"Jah";"Toitlustamine";""
"KTO022674";"Fööniks Projektid OÜ";"14664376";"12.03.2019";"Tähtajatu";"Jah";"Toitlustamine";""
"KTO022675";"India0Km OÜ";"14546056";"12.03.2019";"Tähtajatu";"Jah";"Toitlustamine";""
"KTO022672";"Osaühing Oligarh";"10196866";"11.03.2019";"Tähtajatu";"Jah";"Toitlustamine";""
"KTO022671";"Suure-Jaani Tervisekoda";"77000772";"11.03.2019";"Tähtajatu";"Jah";"Toitlustamine";""
"KTO022668";"Nõmme Kõrts ja Peoruum OÜ";"14674937";"05.03.2019";"Tähtajatu";"Jah";"Toitlustamine";""
"KTO022669";"Muusa Kohvik OÜ";"14597065";"05.03.2019";"Tähtajatu";"Jah";"Toitlustamine";""
"KTO022665";"Kuningate Valik OÜ";"14673406";"04.03.2019";"Tähtajatu";"Jah";"Toitlustamine";""
"KTO022658";"Kampus OÜ";"14529566";"01.03.2019";"Tähtajatu";"Jah";"Toitlustamine";""
"KTO022661";"Fervent Catering OÜ";"14657074";"28.02.2019";"Tähtajatu";"Jah";"Toitlustamine";""
"KTO022659";"Osaühing Ohukotsu Ehitus";"11248163";"26.02.2019";"Tähtajatu";"Jah";"Toitlustamine";""
"KTO022657";"Osaühing Emilios";"10751823";"23.02.2019";"Tähtajatu";"Jah";"Toitlustamine";""
"KTO022655";"OÜ Lõpuboss";"14640134";"22.02.2019";"Tähtajatu";"Jah";"Toitlustamine";""
"KTO022654";"OÜ Huntmees Film";"12215154";"21.02.2019";"Tähtajatu";"Jah";"Toitlustamine";""
"KTO022652";"SushiMushi OÜ";"14627346";"20.02.2019";"Tähtajatu";"Jah";"Toitlustamine";""
"KTO022653";"Hea Öö OÜ";"14652290";"20.02.2019";"Tähtajatu";"Jah";"Toitlustamine";""
"KTO022648";"KORVIT OÜ";"14640387";"19.02.2019";"Tähtajatu";"Jah";"Toitlustamine";""
"KTO022650";"OÜ Kasaron";"14497547";"19.02.2019";"Tähtajatu";"Jah";"Toitlustamine";""
"KTO022646";"Arkna Mahe OÜ";"12554152";"18.02.2019";"Tähtajatu";"Jah";"Toitlustamine";""
"KTO022645";"Lillakala OÜ";"14655874";"17.02.2019";"Tähtajatu";"Jah";"Toitlustamine";""
"KTO022643";"Kius Resto OÜ";"14661981";"15.02.2019";"Tähtajatu";"Jah";"Toitlustamine";""
"KTO022644";"APL Restoranid Tartu OÜ";"14381885";"15.02.2019";"Tähtajatu";"Jah";"Toitlustamine";""
"KTO022642";"Stamp OÜ";"11884226";"14.02.2019";"Tähtajatu";"Jah";"Toitlustamine";""
"KTO022640";"Civitas Ehitus OÜ";"14641435";"12.02.2019";"Tähtajatu";"Jah";"Toitlustamine";""
"KTO022638";"Taibaan On Wheels OÜ";"14503940";"11.02.2019";"Tähtajatu";"Jah";"Toitlustamine";""
"KTO022639";"Toit Invest OÜ";"14630041";"11.02.2019";"Tähtajatu";"Jah";"Toitlustamine";""
"KTO022637";"MahtraAuto OÜ";"12672118";"08.02.2019";"Tähtajatu";"Jah";"Toitlustamine";""
"KTO022635";"Bandjo Player OÜ";"14639303";"06.02.2019";"Tähtajatu";"Jah";"Toitlustamine";""
"KTO022634";"Viktor House OÜ";"14520111";"05.02.2019";"Tähtajatu";"Jah";"Toitlustamine";""
"KTO022631";"Mareia OÜ";"14607042";"04.02.2019";"Tähtajatu";"Jah";"Toitlustamine";""
"KTO022632";"BNKR OÜ";"14626973";"04.02.2019";"Tähtajatu";"Jah";"Toitlustamine";""
"KTO022633";"OÜ Hortego";"14647828";"04.02.2019";"Tähtajatu";"Jah";"Toitlustamine";""
"KTO022629";"OÜ Old Victoria";"11522523";"29.01.2019";"Tähtajatu";"Jah";"Toitlustamine";""
"KTO022628";"UNICLUB OÜ";"14475735";"25.01.2019";"Tähtajatu";"Jah";"Toitlustamine";""
"KTO022626";"Rullike OÜ";"12668938";"25.01.2019";"Tähtajatu";"Jah";"Toitlustamine";""
"KTO022625";"LAVASTUSKODA OÜ";"11270317";"24.01.2019";"Tähtajatu";"Jah";"Toitlustamine";""
"KTO022624";"Diamniadio Kabaye OÜ";"12718949";"23.01.2019";"Tähtajatu";"Jah";"Toitlustamine";""
"KTO022623";"OÜ PAPADATOS";"11063707";"21.01.2019";"Tähtajatu";"Jah";"Toitlustamine";""
"KTO022621";"TINTLAB OÜ";"14128695";"18.01.2019";"Tähtajatu";"Jah";"Toitlustamine";""
"KTO022622";"Moe Krog OÜ";"11792914";"18.01.2019";"Tähtajatu";"Jah";"Toitlustamine";""
"KTO022619";"Brunahli Bamsebo OÜ";"14421188";"17.01.2019";"Tähtajatu";"Jah";"Toitlustamine";""
"KTO022620";"Springexport OÜ";"14555747";"17.01.2019";"Tähtajatu";"Jah";"Toitlustamine";""
"KTO022617";"Pham Trurong OÜ";"14506619";"16.01.2019";"Tähtajatu";"Jah";"Toitlustamine";""
"KTO022616";"Osaühing Bankend Group";"10333688";"15.01.2019";"Tähtajatu";"Jah";"Toitlustamine";""
"KTO022614";"Ojakask OÜ";"14470778";"13.01.2019";"Tähtajatu";"Jah";"Toitlustamine";""
"KTO022612";"Vegan Restoran OÜ";"14628328";"11.01.2019";"Tähtajatu";"Jah";"Toitlustamine";""
"KTO022609";"Lindakivi Resto OÜ";"14576206";"09.01.2019";"Tähtajatu";"Jah";"Toitlustamine";""
"KTO022608";"UNICLEAN OÜ";"12717163";"09.01.2019";"Tähtajatu";"Jah";"Toitlustamine";""
"KTO022606";"R&R TECH OÜ";"12451274";"07.01.2019";"Tähtajatu";"Jah";"Toitlustamine";""
"KTO022605";"Sooprojekt OÜ";"12007332";"27.12.2018";"Tähtajatu";"Jah";"Toitlustamine";""
"KTO022604";"Roheline Avokaado OÜ";"12580327";"27.12.2018";"Tähtajatu";"Jah";"Toitlustamine";""
"KTO022603";"Kiiu Pubi OÜ";"14614585";"25.12.2018";"Tähtajatu";"Jah";"Toitlustamine";""
"KTO022601";"TWDC OÜ";"12705881";"19.12.2018";"Tähtajatu";"Jah";"Toitlustamine";""
"KTO022597";"GAN BEI Estonia OÜ";"14579498";"18.12.2018";"Tähtajatu";"Jah";"Toitlustamine";""
"KTO022598";"Catering24 OÜ";"14360713";"18.12.2018";"Tähtajatu";"Jah";"Toitlustamine";""
"KTO022592";"SVIV OÜ";"14592346";"13.12.2018";"Tähtajatu";"Jah";"Toitlustamine";""
"KTO022593";"OÜ Precious, Delicious & Sincere";"12611275";"13.12.2018";"Tähtajatu";"Jah";"Toitlustamine";""
"KTO022589";"Gaiani OÜ";"14607591";"12.12.2018";"Tähtajatu";"Jah";"Toitlustamine";""
"KTO022587";"Sadama Baarid OÜ";"14555173";"09.12.2018";"Tähtajatu";"Jah";"Toitlustamine";""
"KTO022585";"Respublica Resto OÜ";"14612988";"07.12.2018";"Tähtajatu";"Jah";"Toitlustamine";""
"KTO022584";"MaxWhite OÜ";"12961147";"07.12.2018";"Tähtajatu";"Jah";"Toitlustamine";""
"KTO022586";"Wagon Wings OÜ";"14483373";"07.12.2018";"Tähtajatu";"Jah";"Toitlustamine";""
"KTO022583";"PlusService OÜ";"12740570";"06.12.2018";"Tähtajatu";"Jah";"Toitlustamine";""
"KTO022582";"SAPPHIRE LUXURY OÜ";"14620677";"06.12.2018";"Tähtajatu";"Jah";"Toitlustamine";""
"KTO022581";"Vesipiip Tallinn OÜ";"14327124";"06.12.2018";"Tähtajatu";"Jah";"Toitlustamine";""
"KTO022580";"Norsberg Estonia OÜ";"14609147";"04.12.2018";"Tähtajatu";"Jah";"Toitlustamine";""
"KTO022578";"Konanlelik Deblensero OÜ";"14581992";"02.12.2018";"Tähtajatu";"Jah";"Toitlustamine";""
"KTO022551";"Brix Arendus OÜ";"12465833";"01.12.2018";"Tähtajatu";"Jah";"Toitlustamine";""
"KTO022575";"OLD TOWN HOSTEL ALUR OÜ";"14008790";"27.11.2018";"Tähtajatu";"Jah";"Toitlustamine";""
"KTO022574";"SFC OÜ";"14569695";"26.11.2018";"Tähtajatu";"Jah";"Toitlustamine";""
"KTO022571";"Aura Viis OÜ";"11212484";"26.11.2018";"Tähtajatu";"Jah";"Toitlustamine";""
"KTO022573";"Tarsia OÜ";"14443511";"26.11.2018";"Tähtajatu";"Jah";"Toitlustamine";""
"KTO022570";"Kapsarull OÜ";"14568448";"26.11.2018";"Tähtajatu";"Jah";"Toitlustamine";""
"KTO022568";"Bakery N1 OÜ";"12465187";"23.11.2018";"Tähtajatu";"Jah";"Toitlustamine";""
"KTO022567";"Quarter OÜ";"14554446";"23.11.2018";"Tähtajatu";"Jah";"Toitlustamine";""
"KTO022565";"VLND Burger OÜ";"14362936";"21.11.2018";"Tähtajatu";"Jah";"Toitlustamine";""
"KTO022566";"TOHI DISTILLERY OÜ";"10809168";"21.11.2018";"Tähtajatu";"Jah";"Toitlustamine";""
"KTO022564";"Payongo Omubugoigo OÜ";"14338524";"18.11.2018";"Tähtajatu";"Jah";"Toitlustamine";""
"KTO022561";"Kobojango Semolale OÜ";"12814311";"16.11.2018";"Tähtajatu";"Jah";"Toitlustamine";""
"KTO022560";"WellCafe OÜ";"14307222";"15.11.2018";"Tähtajatu";"Jah";"Toitlustamine";""
"KTO022559";"PRO RESTO OÜ";"14538944";"15.11.2018";"Tähtajatu";"Jah";"Toitlustamine";""
"KTO022557";"Foodwise OÜ";"14233959";"14.11.2018";"Tähtajatu";"Jah";"Toitlustamine";""
"KTO022556";"EROS OÜ";"14089357";"12.11.2018";"Tähtajatu";"Jah";"Toitlustamine";""
"KTO022555";"Aurobint OÜ";"14125923";"08.11.2018";"Tähtajatu";"Jah";"Toitlustamine";""
"KTO022553";"Dziugas Eesti OÜ";"14324189";"06.11.2018";"Tähtajatu";"Jah";"Toitlustamine";""
"KTO022552";"Münkenhof OÜ";"14261371";"05.11.2018";"Tähtajatu";"Jah";"Toitlustamine";""
"KTO022550";"OÜ NEIBOR";"14485099";"03.11.2018";"Tähtajatu";"Jah";"Toitlustamine";""
"KTO022548";"ANSIV GRUPP Osaühing";"14052153";"01.11.2018";"Tähtajatu";"Jah";"Toitlustamine";""
"KTO022549";"OÜ Veerenni Café & Bistro";"12885665";"01.11.2018";"Tähtajatu";"Jah";"Toitlustamine";""
"KTO022547";"AMINATES OÜ";"12076646";"01.11.2018";"Tähtajatu";"Jah";"Toitlustamine";""
"KTO022527";"Alfa Mind OÜ";"11622383";"01.11.2018";"Tähtajatu";"Jah";"Toitlustamine";""
"KTO022503";"OÜ TOOMEMAA";"10851696";"01.11.2018";"Tähtajatu";"Jah";"Toitlustamine";""
"KTO022545";"Tõnissoni Söögituba OÜ";"14593788";"27.10.2018";"Tähtajatu";"Jah";"Toitlustamine";""
"KTO022542";"GoTrade OÜ";"11177888";"25.10.2018";"Tähtajatu";"Jah";"Toitlustamine";""
"KTO022544";"OÜ Purjekuur";"14275961";"25.10.2018";"Tähtajatu";"Jah";"Toitlustamine";""
"KTO022540";"Kambie OÜ";"14476462";"24.10.2018";"Tähtajatu";"Jah";"Toitlustamine";""
"KTO022539";"Linnarebane OÜ";"14568827";"24.10.2018";"Tähtajatu";"Jah";"Toitlustamine";""
"KTO022537";"angel OÜ";"14591163";"23.10.2018";"Tähtajatu";"Jah";"Toitlustamine";""
"KTO022538";"Optimus & Partners OÜ";"14312157";"23.10.2018";"Tähtajatu";"Jah";"Toitlustamine";""
"KTO022536";"Revaltrans OÜ";"14022620";"23.10.2018";"Tähtajatu";"Jah";"Toitlustamine";""
"KTO022535";"OÜ Vaga Mama";"12567507";"22.10.2018";"Tähtajatu";"Jah";"Toitlustamine";""
"KTO022534";"ManiPedi OÜ";"14536715";"22.10.2018";"Tähtajatu";"Jah";"Toitlustamine";""
"KTO022532";"Baltic Blue Kinnisvara OÜ";"12814044";"21.10.2018";"Tähtajatu";"Jah";"Toitlustamine";""
"KTO022533";"Topellier Bakery OÜ";"12804330";"21.10.2018";"Tähtajatu";"Jah";"Toitlustamine";""
"KTO022530";"Crepi OÜ";"12857415";"19.10.2018";"Tähtajatu";"Jah";"Toitlustamine";""
"KTO022528";"Olivia Resto OÜ";"14540421";"17.10.2018";"Tähtajatu";"Jah";"Toitlustamine";""
"KTO022526";"Taevapark OÜ";"14137798";"16.10.2018";"Tähtajatu";"Jah";"Toitlustamine";""
"KTO022525";"Rita Petrova";"14225375";"14.10.2018";"Tähtajatu";"Jah";"Toitlustamine";""
"KTO022524";"Port Desina OÜ";"14575218";"14.10.2018";"Tähtajatu";"Jah";"Toitlustamine";""
"KTO022522";"Ammer Systems OÜ";"14078046";"12.10.2018";"Tähtajatu";"Jah";"Toitlustamine";""
"KTO022520";"OÜ PRIMITIIV";"14537784";"11.10.2018";"Tähtajatu";"Jah";"Toitlustamine";""
"KTO022521";"OÜ Euromeister";"11210367";"11.10.2018";"Tähtajatu";"Jah";"Toitlustamine";""
"KTO022517";"Catering Kene OÜ";"14513005";"10.10.2018";"Tähtajatu";"Jah";"Toitlustamine";""
"KTO022518";"K&K Catering OÜ";"14009329";"10.10.2018";"Tähtajatu";"Jah";"Toitlustamine";""
"KTO022519";"Mustamäe Spa OÜ";"14490634";"10.10.2018";"Tähtajatu";"Jah";"Toitlustamine";""
"KTO022516";"Mittetulundusühing Old Tower";"80414419";"10.10.2018";"Tähtajatu";"Jah";"Toitlustamine";""
"KTO022512";"Siilisahver OÜ";"14348451";"09.10.2018";"Tähtajatu";"Jah";"Toitlustamine";""
"KTO022510";"Reheköök OÜ";"14577140";"08.10.2018";"Tähtajatu";"Jah";"Toitlustamine";""
"KTO022511";"OÜ HARDABAAR";"11150688";"08.10.2018";"Tähtajatu";"Jah";"Toitlustamine";""
"KTO022509";"Linnamaaler OÜ";"14022896";"06.10.2018";"Tähtajatu";"Jah";"Toitlustamine";""
"KTO022508";"OÜ EKSELON";"10888896";"03.10.2018";"Tähtajatu";"Jah";"Toitlustamine";""
"KTO022506";"Loksa Canteen OÜ";"14096311";"02.10.2018";"Tähtajatu";"Jah";"Toitlustamine";""
"KTO022502";"AT Food OÜ";"14470436";"25.09.2018";"Tähtajatu";"Jah";"Toitlustamine";""
"KTO022501";"FirstAid Invest OÜ";"14183441";"21.09.2018";"Tähtajatu";"Jah";"Toitlustamine";""
"KTO022500";"Cutinelli Spartimento OÜ";"11339753";"17.09.2018";"Tähtajatu";"Jah";"Toitlustamine";""
"KTO022495";"Amps Arena OÜ";"14542822";"17.09.2018";"Tähtajatu";"Jah";"Toitlustamine";""
"KTO022497";"V-R Villa OÜ";"14563675";"13.09.2018";"Tähtajatu";"Jah";"Toitlustamine";""
"KTO022496";"Foodgasm OÜ";"14545855";"12.09.2018";"Tähtajatu";"Jah";"Toitlustamine";""
"KTO022490";"Estonian Visitor Centre OÜ";"14548138";"07.09.2018";"Tähtajatu";"Jah";"Toitlustamine";""
"KTO022489";"OÜ Kalwi Guesthouse";"14546926";"07.09.2018";"Tähtajatu";"Jah";"Toitlustamine";""
"KTO022491";"Osaühing HILMERI";"10127397";"07.09.2018";"Tähtajatu";"Jah";"Toitlustamine";""
"KTO022488";"Veg Machine OÜ";"14080706";"05.09.2018";"Tähtajatu";"Jah";"Toitlustamine";""
"KTO022487";"Sensesfood OÜ";"12853666";"05.09.2018";"Tähtajatu";"Jah";"Toitlustamine";""
"KTO022486";"DanielGourmet OÜ";"14495169";"04.09.2018";"Tähtajatu";"Jah";"Toitlustamine";""
"KTO022485";"Aerobalt Logistics OÜ";"12965561";"03.09.2018";"Tähtajatu";"Jah";"Toitlustamine";""
"KTO022484";"PizzaMinisteerium OÜ";"14548763";"03.09.2018";"Tähtajatu";"Jah";"Toitlustamine";""
"KTO022468";"HANSMAN GRUPP OÜ";"14530546";"01.09.2018";"Tähtajatu";"Jah";"Toitlustamine";""
"KTO022482";"Stopper.ee OÜ";"12097499";"30.08.2018";"Tähtajatu";"Jah";"Toitlustamine";""
"KTO022481";"Inseera OÜ";"14367313";"29.08.2018";"Tähtajatu";"Jah";"Toitlustamine";""
"KTO022480";"Kohvik2000 OÜ";"14544519";"29.08.2018";"Tähtajatu";"Jah";"Toitlustamine";""
"KTO022478";"Caffe Carissimi OÜ";"14120535";"24.08.2018";"Tähtajatu";"Jah";"Toitlustamine";""
"KTO022476";"OÜ Break Cafe";"14542213";"24.08.2018";"Tähtajatu";"Jah";"Toitlustamine";""
"KTO022475";"Barbarbar OÜ";"14492389";"23.08.2018";"Tähtajatu";"Jah";"Toitlustamine";""
"KTO022474";"Emilok OÜ";"14481902";"17.08.2018";"Tähtajatu";"Jah";"Toitlustamine";""
"KTO022473";"Ristemäe talu";"11786140";"16.08.2018";"Tähtajatu";"Jah";"Toitlustamine";""
"KTO022472";"Samliku Pekker OÜ";"12792696";"15.08.2018";"Tähtajatu";"Jah";"Toitlustamine";""
"KTO022461";"Osaühing Illimar";"10161922";"08.08.2018";"Tähtajatu";"Jah";"Toitlustamine";""
"KTO022459";"Proxima Grupp OÜ";"12124842";"08.08.2018";"Tähtajatu";"Jah";"Toitlustamine";""
"KTO022457";"Branding Kitchen OÜ";"11529100";"07.08.2018";"Tähtajatu";"Jah";"Toitlustamine";""
"KTO022400";"Kodukohvik Johanna OÜ";"14515914";"06.08.2018";"Tähtajatu";"Jah";"Toitlustamine";""
"KTO022455";"Karmon Grupp OÜ";"14537488";"05.08.2018";"Tähtajatu";"Jah";"Toitlustamine";""
"KTO022452";"Premiumfish OÜ";"12575651";"02.08.2018";"Tähtajatu";"Jah";"Toitlustamine";""
"KTO022450";"k-köök OÜ";"14522682";"01.08.2018";"Tähtajatu";"Jah";"Toitlustamine";""
"KTO022449";"OÜ TULEVIK AUTO";"11173643";"01.08.2018";"Tähtajatu";"Jah";"Toitlustamine";""
"KTO022446";"Triam Baltic OÜ";"14511299";"30.07.2018";"Tähtajatu";"Jah";"Toitlustamine";""
"KTO022444";"OÜ Two Black Orchids";"12810448";"29.07.2018";"Tähtajatu";"Jah";"Toitlustamine";""
"KTO022445";"Taignarull OÜ";"14403115";"29.07.2018";"Tähtajatu";"Jah";"Toitlustamine";""
"KTO022438";"Kistler-Ritso Eesti Sihtasutus";"90000951";"25.07.2018";"Tähtajatu";"Jah";"Toitlustamine";""
"KTO022384";"Hiiu Pizza OÜ";"14423023";"25.07.2018";"Tähtajatu";"Jah";"Toitlustamine";""
"KTO022434";"Blondi Bakery OÜ";"14408472";"23.07.2018";"Tähtajatu";"Jah";"Toitlustamine";""
"KTO022435";"Elevate Entertainment OÜ";"14297110";"23.07.2018";"Tähtajatu";"Jah";"Toitlustamine";""
"KTO022431";"Prangli Valgemaja OÜ";"14527171";"20.07.2018";"Tähtajatu";"Jah";"Toitlustamine";""
"KTO022429";"Goppeng Rambutan OÜ";"14205025";"19.07.2018";"Tähtajatu";"Jah";"Toitlustamine";""
"KTO022430";"Kuivajõe Tankla OÜ";"14268255";"19.07.2018";"Tähtajatu";"Jah";"Toitlustamine";""
"KTO022426";"Kliff Butiik OÜ";"12380261";"17.07.2018";"Tähtajatu";"Jah";"Toitlustamine";""
"KTO022428";"Saaduniidi Talu OÜ";"11711454";"17.07.2018";"Tähtajatu";"Jah";"Toitlustamine";""
"KTO022427";"Becram OÜ";"14502076";"17.07.2018";"Tähtajatu";"Jah";"Toitlustamine";""
"KTO022424";"Redisfood OÜ";"14227813";"16.07.2018";"Tähtajatu";"Jah";"Toitlustamine";""
"KTO022417";"Delizioso OÜ";"14482652";"12.07.2018";"Tähtajatu";"Jah";"Toitlustamine";""
"KTO022416";"Linnaburger OÜ";"14522854";"12.07.2018";"Tähtajatu";"Jah";"Toitlustamine";""
"KTO022418";"Elstriine OÜ";"14515877";"12.07.2018";"Tähtajatu";"Jah";"Toitlustamine";""
"KTO022414";"Osaühing Firm Ehitus";"11424039";"11.07.2018";"Tähtajatu";"Jah";"Toitlustamine";""
"KTO022415";"Meie Küla Eided OÜ";"11437295";"11.07.2018";"Tähtajatu";"Jah";"Toitlustamine";""
"KTO022412";"Classicimpex OÜ";"12088603";"10.07.2018";"Tähtajatu";"Jah";"Toitlustamine";""
"KTO022411";"Tallinna Veespordi Klubi";"80234545";"10.07.2018";"Tähtajatu";"Jah";"Toitlustamine";""
"KTO022408";"180 OÜ";"14397679";"09.07.2018";"Tähtajatu";"Jah";"Toitlustamine";""
"KTO022409";"Raskeveok OÜ";"14149792";"09.07.2018";"Tähtajatu";"Jah";"Toitlustamine";""
"KTO022403";"Parim Seltskond OÜ";"14466660";"05.07.2018";"Tähtajatu";"Jah";"Toitlustamine";""
"KTO022404";"Kirele OÜ";"14005780";"05.07.2018";"Tähtajatu";"Jah";"Toitlustamine";""
"KTO022398";"BellaForza OÜ";"12946277";"02.07.2018";"Tähtajatu";"Jah";"Toitlustamine";""
"KTO022396";"Noya Restoran OÜ";"14485159";"02.07.2018";"Tähtajatu";"Jah";"Toitlustamine";""
"KTO022397";"Mittetulundusühing Võhma Seltsimaja";"80082503";"02.07.2018";"Tähtajatu";"Jah";"Toitlustamine";""
"KTO022394";"HAIMRE-GROUP OSAÜHING";"10651454";"29.06.2018";"Tähtajatu";"Jah";"Toitlustamine";""
"KTO022392";"AS Eesti Leivatööstus";"10020297";"28.06.2018";"Tähtajatu";"Jah";"Toitlustamine";""
"KTO022393";"V&V Baltics OÜ";"14485648";"28.06.2018";"Tähtajatu";"Jah";"Toitlustamine";""
"KTO022391";"ChaChaPuri OÜ";"14495577";"28.06.2018";"Tähtajatu";"Jah";"Toitlustamine";""
"KTO022390";"Kuningamäe Kontsert OÜ";"14012171";"27.06.2018";"Tähtajatu";"Jah";"Toitlustamine";""
"KTO022387";"DanKobi OÜ";"14385311";"26.06.2018";"Tähtajatu";"Jah";"Toitlustamine";""
"KTO022388";"Carmer OÜ";"14301053";"26.06.2018";"Tähtajatu";"Jah";"Toitlustamine";""
"KTO022389";"OÜ Wise Bros";"14228706";"26.06.2018";"Tähtajatu";"Jah";"Toitlustamine";""
"KTO022386";"Ahjuvaht OÜ";"14313725";"25.06.2018";"Tähtajatu";"Jah";"Toitlustamine";""
"KTO022385";"Janpal Grupp OÜ";"12483972";"24.06.2018";"Tähtajatu";"Jah";"Toitlustamine";""
"KTO022382";"FoodSons OÜ";"14385067";"22.06.2018";"Tähtajatu";"Jah";"Toitlustamine";""
"KTO022380";"Osaühing ESTEETIKA JA TANTSUKOOL";"10245984";"21.06.2018";"Tähtajatu";"Jah";"Toitlustamine";""
"KTO022378";"Roosi & Roosa käsitöö OÜ";"14005231";"20.06.2018";"Tähtajatu";"Jah";"Toitlustamine";""
"KTO022377";"Vetesints OÜ";"14492952";"20.06.2018";"Tähtajatu";"Jah";"Toitlustamine";""
"KTO022376";"OÜ Etsi talutooted";"14205361";"19.06.2018";"Tähtajatu";"Jah";"Toitlustamine";""
"KTO022374";"Kreksu OÜ";"14161250";"19.06.2018";"Tähtajatu";"Jah";"Toitlustamine";""
"KTO022373";"ÜKSKÕIK BAAR OÜ";"14412924";"19.06.2018";"Tähtajatu";"Jah";"Toitlustamine";""
"KTO022375";"Martial Holding OÜ";"14389740";"19.06.2018";"Tähtajatu";"Jah";"Toitlustamine";""
"KTO022372";"Hipster Catering OÜ";"14501131";"18.06.2018";"Tähtajatu";"Jah";"Toitlustamine";""
"KTO022368";"Hugo's Project Management OÜ";"14474196";"15.06.2018";"Tähtajatu";"Jah";"Toitlustamine";""
"KTO022367";"SNCO OÜ";"14376157";"15.06.2018";"Tähtajatu";"Jah";"Toitlustamine";""
"KTO022366";"Baltikumi Baarid OÜ";"14481724";"14.06.2018";"Tähtajatu";"Jah";"Toitlustamine";""
"KTO022365";"OÜ Ülo";"14355089";"14.06.2018";"Tähtajatu";"Jah";"Toitlustamine";""
"KTO022362";"OÜ Prangli Majutus";"12529154";"12.06.2018";"Tähtajatu";"Jah";"Toitlustamine";""
"KTO022363";"MarLe OÜ";"14491585";"12.06.2018";"Tähtajatu";"Jah";"Toitlustamine";""
"KTO022361";"Kinnika OÜ";"14484036";"12.06.2018";"Tähtajatu";"Jah";"Toitlustamine";""
"KTO022358";"Lihtsad Asjad OÜ";"12607569";"11.06.2018";"Tähtajatu";"Jah";"Toitlustamine";""
"KTO022355";"Aleksei Orlov";"11798509";"11.06.2018";"Tähtajatu";"Jah";"Toitlustamine";""
"KTO022357";"Umbroht OÜ";"12930922";"11.06.2018";"Tähtajatu";"Jah";"Toitlustamine";""
"KTO022354";"Exoinvest OÜ";"14495778";"10.06.2018";"Tähtajatu";"Jah";"Toitlustamine";""
"KTO022353";"RAF CHIPS TRADING COMPANY OÜ";"14313903";"08.06.2018";"Tähtajatu";"Jah";"Toitlustamine";""
"KTO022352";"Koogikratt OÜ";"14185960";"08.06.2018";"Tähtajatu";"Jah";"Toitlustamine";""
"KTO022348";"Vanatamm OÜ";"14464157";"07.06.2018";"Tähtajatu";"Jah";"Toitlustamine";""
"KTO022345";"PROTUUNING OÜ";"14491680";"06.06.2018";"Tähtajatu";"Jah";"Toitlustamine";""
"KTO022341";"ProSolutions OÜ";"11526892";"05.06.2018";"Tähtajatu";"Jah";"Toitlustamine";""
"KTO022342";"Eidapere Piirkonna Külade Selts";"80549220";"05.06.2018";"Tähtajatu";"Jah";"Toitlustamine";""
"KTO022340";"Viki Kontor OÜ";"14492550";"04.06.2018";"Tähtajatu";"Jah";"Toitlustamine";""
"KTO022338";"RK Catering OÜ";"14499670";"01.06.2018";"Tähtajatu";"Jah";"Toitlustamine";""
"KTO022248";"Millioncino OÜ";"14448112";"01.06.2018";"Tähtajatu";"Jah";"Toitlustamine";""
"KTO022333";"Sanny OÜ";"12836362";"31.05.2018";"Tähtajatu";"Jah";"Toitlustamine";""
"KTO022332";"Maailma Toit OÜ";"11373744";"31.05.2018";"Tähtajatu";"Jah";"Toitlustamine";""
"KTO022334";"Oidika OÜ";"12413011";"31.05.2018";"Tähtajatu";"Jah";"Toitlustamine";""
"KTO022331";"sihtasutus Kihnu Kultuuriruum";"90004639";"30.05.2018";"Tähtajatu";"Jah";"Toitlustamine";""
"KTO022329";"Paljasjalg Kaubandus OÜ";"11452722";"30.05.2018";"Tähtajatu";"Jah";"Toitlustamine";""
"KTO022330";"Zunheboto Tseminyo OÜ";"14042054";"30.05.2018";"Tähtajatu";"Jah";"Toitlustamine";""
"KTO022327";"Osaühing TRANS-A";"10407470";"30.05.2018";"Tähtajatu";"Jah";"Toitlustamine";""
"KTO022325";"OÜ Suhkur";"14422420";"30.05.2018";"Tähtajatu";"Jah";"Toitlustamine";""
"KTO022324";"osaühing KROHVPOLÜ";"10232622";"29.05.2018";"Tähtajatu";"Jah";"Toitlustamine";""
"KTO022318";"Tartu Seikluspark OÜ";"12172143";"28.05.2018";"Tähtajatu";"Jah";"Toitlustamine";""
"KTO022321";"Alvitana OÜ";"14438836";"28.05.2018";"Tähtajatu";"Jah";"Toitlustamine";""
"KTO022319";"Osaühing Ranna-Villa";"11322586";"28.05.2018";"Tähtajatu";"Jah";"Toitlustamine";""
"KTO022317";"Pruulius OÜ";"14444410";"28.05.2018";"Tähtajatu";"Jah";"Toitlustamine";""
"KTO022311";"Hiiunorbel OÜ";"14493578";"24.05.2018";"Tähtajatu";"Jah";"Toitlustamine";""
"KTO022313";"MX Crafts OÜ";"14056932";"24.05.2018";"Tähtajatu";"Jah";"Toitlustamine";""
"KTO022309";"VADRED OÜ";"12693899";"23.05.2018";"Tähtajatu";"Jah";"Toitlustamine";""
"KTO022306";"Tähe Pubi OÜ";"14490901";"22.05.2018";"Tähtajatu";"Jah";"Toitlustamine";""
"KTO022303";"Restoran Armudu OÜ";"12640897";"22.05.2018";"Tähtajatu";"Jah";"Toitlustamine";""
"KTO022307";"Yansuki OÜ";"14377731";"22.05.2018";"Tähtajatu";"Jah";"Toitlustamine";""
"KTO022305";"OÜ APL Restoranid";"14176369";"22.05.2018";"Tähtajatu";"Jah";"Toitlustamine";""
"KTO022298";"Stedingu Kohvik OÜ";"14489370";"21.05.2018";"Tähtajatu";"Jah";"Toitlustamine";""
"KTO022302";"otto segeberg OÜ";"14488809";"21.05.2018";"Tähtajatu";"Jah";"Toitlustamine";""
"KTO022300";"InnovSSK OÜ";"14132372";"21.05.2018";"Tähtajatu";"Jah";"Toitlustamine";""
"KTO022297";"OÜ Redeem";"11365495";"20.05.2018";"Tähtajatu";"Jah";"Toitlustamine";""
"KTO022294";"PanCake OÜ";"14186403";"18.05.2018";"Tähtajatu";"Jah";"Toitlustamine";""
"KTO022287";"Arabian Nights OÜ";"14391369";"17.05.2018";"Tähtajatu";"Jah";"Toitlustamine";""
"KTO022288";"osaühing Golfer";"10021233";"17.05.2018";"Tähtajatu";"Jah";"Toitlustamine";""
"KTO022290";"Coniare Saffiro OÜ";"12752308";"17.05.2018";"Tähtajatu";"Jah";"Toitlustamine";""
"KTO022286";"Hungpung Mapum OÜ";"14490025";"16.05.2018";"Tähtajatu";"Jah";"Toitlustamine";""
"KTO022281";"Osaühing Matkamees";"10967312";"15.05.2018";"Tähtajatu";"Jah";"Toitlustamine";""
"KTO022284";"Kringlimaja OÜ";"14027244";"15.05.2018";"Tähtajatu";"Jah";"Toitlustamine";""
"KTO022285";"Mulks OÜ";"14406094";"15.05.2018";"Tähtajatu";"Jah";"Toitlustamine";""
"KTO022277";"Pidula Forell OÜ";"14398070";"11.05.2018";"Tähtajatu";"Jah";"Toitlustamine";""
"KTO022276";"OÜ Laidoneri KV";"12955595";"09.05.2018";"Tähtajatu";"Jah";"Toitlustamine";""
"KTO022275";"Little Japan OÜ";"12593850";"09.05.2018";"Tähtajatu";"Jah";"Toitlustamine";""
"KTO022273";"osaühing Nugise Kaubandus";"10053865";"08.05.2018";"Tähtajatu";"Jah";"Toitlustamine";""
"KTO022272";"Xazar Service OÜ";"12668594";"07.05.2018";"Tähtajatu";"Jah";"Toitlustamine";""
"KTO022218";"Sadama Catering OÜ";"14451982";"07.05.2018";"Tähtajatu";"Jah";"Toitlustamine";""
"KTO022271";"Mocco OÜ";"14070300";"06.05.2018";"Tähtajatu";"Jah";"Toitlustamine";""
"KTO022270";"Bravogate OÜ";"14419180";"06.05.2018";"Tähtajatu";"Jah";"Toitlustamine";""
"KTO022268";"Postikana OÜ";"14457200";"03.05.2018";"Tähtajatu";"Jah";"Toitlustamine";""
"KTO022267";"Ifoods OÜ";"12815061";"02.05.2018";"Tähtajatu";"Jah";"Toitlustamine";""
"KTO022265";"Hanase OÜ";"12664478";"02.05.2018";"Tähtajatu";"Jah";"Toitlustamine";""
"KTO022266";"FORLAK OÜ";"14471602";"02.05.2018";"Tähtajatu";"Jah";"Toitlustamine";""
"KTO022241";"Flats OÜ";"12223277";"01.05.2018";"Tähtajatu";"Jah";"Toitlustamine";""
"KTO022258";"VIKTORY OÜ";"14369105";"01.05.2018";"Tähtajatu";"Jah";"Toitlustamine";""
"KTO022263";"OSAÜHING HIGH-TEX";"11314776";"30.04.2018";"Tähtajatu";"Jah";"Toitlustamine";""
"KTO022262";"OÜ Musmur";"14018529";"30.04.2018";"Tähtajatu";"Jah";"Toitlustamine";""
"KTO022260";"Phangan Foods OÜ";"14463382";"29.04.2018";"Tähtajatu";"Jah";"Toitlustamine";""
"KTO022256";"Digistone OÜ";"12178648";"26.04.2018";"Tähtajatu";"Jah";"Toitlustamine";""
"KTO022257";"Mest OÜ";"14221503";"26.04.2018";"Tähtajatu";"Jah";"Toitlustamine";""
"KTO022237";"MO TOITLUSTUS OÜ";"14459593";"25.04.2018";"Tähtajatu";"Jah";"Toitlustamine";""
"KTO022253";"Vistekel OÜ";"12199604";"25.04.2018";"Tähtajatu";"Jah";"Toitlustamine";""
"KTO022252";"Tänavakohvik OÜ";"14291047";"24.04.2018";"Tähtajatu";"Jah";"Toitlustamine";""
"KTO022251";"Naturaalprojekt OÜ";"12830540";"23.04.2018";"Tähtajatu";"Jah";"Toitlustamine";""
"KTO022247";"AMISTADABALTIC OÜ";"14162574";"20.04.2018";"Tähtajatu";"Jah";"Toitlustamine";""
"KTO022242";"TRUEMAN OÜ";"14184370";"19.04.2018";"Tähtajatu";"Jah";"Toitlustamine";""
"KTO022238";"Gardest OÜ";"14246756";"16.04.2018";"Tähtajatu";"Jah";"Toitlustamine";""
"KTO022239";"OÜ LATIR";"10926496";"16.04.2018";"Tähtajatu";"Jah";"Toitlustamine";""
"KTO022236";"Otepää Kultuurikeskused";"77000683";"12.04.2018";"Tähtajatu";"Jah";"Toitlustamine";""
"KTO022232";"Trendfood Balticum OÜ";"14453878";"10.04.2018";"Tähtajatu";"Jah";"Toitlustamine";""
"KTO022233";"BREZZA WOK OÜ";"14344625";"10.04.2018";"Tähtajatu";"Jah";"Toitlustamine";""
"KTO022196";"Imona OÜ";"14422992";"10.04.2018";"Tähtajatu";"Jah";"Toitlustamine";""
"KTO022234";"Badaam OÜ";"14182677";"10.04.2018";"Tähtajatu";"Jah";"Toitlustamine";""
"KTO022231";"Kesklinna Kohvikud OÜ";"14418401";"09.04.2018";"Tähtajatu";"Jah";"Toitlustamine";""
"KTO022230";"Lab OÜ";"12111874";"09.04.2018";"Tähtajatu";"Jah";"Toitlustamine";""
"KTO022228";"porkbelly OÜ";"14173655";"06.04.2018";"Tähtajatu";"Jah";"Toitlustamine";""
"KTO022226";"Sadamakohvik OÜ";"14406616";"06.04.2018";"Tähtajatu";"Jah";"Toitlustamine";""
"KTO022227";"Casa Moose OÜ";"14322256";"06.04.2018";"Tähtajatu";"Jah";"Toitlustamine";""
"KTO022225";"Secret Room OÜ";"14030720";"05.04.2018";"Tähtajatu";"Jah";"Toitlustamine";""
"KTO022223";"Lauteri köök OÜ";"14442902";"05.04.2018";"Tähtajatu";"Jah";"Toitlustamine";""
"KTO022224";"Cremant OÜ";"14314110";"05.04.2018";"Tähtajatu";"Jah";"Toitlustamine";""
"KTO022222";"OÜ Maitsemõis";"14338748";"04.04.2018";"Tähtajatu";"Jah";"Toitlustamine";""
"KTO022217";"Toit Autost OÜ";"14455626";"03.04.2018";"Tähtajatu";"Jah";"Toitlustamine";""
"KTO022220";"OÜ Supeluse Restoran";"14435747";"03.04.2018";"Tähtajatu";"Jah";"Toitlustamine";""
"KTO022221";"Piraat OÜ";"14416253";"03.04.2018";"Tähtajatu";"Jah";"Toitlustamine";""
"KTO022214";"Jawilan Kutabumi OÜ";"14251289";"29.03.2018";"Tähtajatu";"Jah";"Toitlustamine";""
"KTO022215";"VP OÜ";"14253087";"29.03.2018";"Tähtajatu";"Jah";"Toitlustamine";""
"KTO022213";"OM Stuudio";"80328246";"27.03.2018";"Tähtajatu";"Jah";"Toitlustamine";""
"KTO022209";"OÜ Mere puiestee 6e";"14288982";"26.03.2018";"Tähtajatu";"Jah";"Toitlustamine";""
"KTO022208";"Jinli Da OÜ";"12327574";"22.03.2018";"Tähtajatu";"Jah";"Toitlustamine";""
"KTO022206";"SalonPlus Baltic OÜ";"11519490";"22.03.2018";"Tähtajatu";"Jah";"Toitlustamine";""
"KTO022186";"R-Makes OÜ";"14287979";"19.03.2018";"Tähtajatu";"Jah";"Toitlustamine";""
"KTO022201";"Montez OÜ";"12126769";"19.03.2018";"Tähtajatu";"Jah";"Toitlustamine";""
"KTO022204";"EHE Hostel OÜ";"14213745";"15.03.2018";"Tähtajatu";"Jah";"Toitlustamine";""
"KTO022199";"OÜ Training Technology";"11982265";"12.03.2018";"Tähtajatu";"Jah";"Toitlustamine";""
"KTO022200";"Aquamarinepirita OÜ";"14090350";"12.03.2018";"Tähtajatu";"Jah";"Toitlustamine";""
"KTO022198";"OÜ JaapaniMaitsed";"14013223";"08.03.2018";"Tähtajatu";"Jah";"Toitlustamine";""
"KTO022197";"Wonderfood OÜ";"14327503";"07.03.2018";"Tähtajatu";"Jah";"Toitlustamine";""
"KTO022195";"Tallinn Old Town Hotels OÜ";"14433621";"01.03.2018";"Tähtajatu";"Jah";"Toitlustamine";""
"KTO022191";"Osaühing Aminium Net";"11052388";"01.03.2018";"Tähtajatu";"Jah";"Toitlustamine";""
"KTO022194";"Sabi Rotermann OÜ";"14385268";"01.03.2018";"Tähtajatu";"Jah";"Toitlustamine";""
"KTO022193";"Tänav OÜ";"14384837";"28.02.2018";"Tähtajatu";"Jah";"Toitlustamine";""
"KTO022192";"Hispatime OÜ";"14374738";"27.02.2018";"Tähtajatu";"Jah";"Toitlustamine";""
"KTO022190";"Kuuste Grupp OÜ";"14361204";"25.02.2018";"Tähtajatu";"Jah";"Toitlustamine";""
"KTO022188";"Gallery Gourmet OÜ";"12530660";"22.02.2018";"Tähtajatu";"Jah";"Toitlustamine";""
"KTO022185";"Pärnamäe talu OÜ";"14043131";"20.02.2018";"Tähtajatu";"Jah";"Toitlustamine";""
"KTO022183";"Sihtasutus Saaremaa Muuseum";"90013957";"19.02.2018";"Tähtajatu";"Jah";"Toitlustamine";""
"KTO022184";"Sinou Tieng OÜ";"14373650";"19.02.2018";"Tähtajatu";"Jah";"Toitlustamine";""
"KTO022182";"Cloud Vape Bar OÜ";"14282195";"19.02.2018";"Tähtajatu";"Jah";"Toitlustamine";""
"KTO022181";"Topliners Agency OÜ";"14353083";"16.02.2018";"Tähtajatu";"Jah";"Toitlustamine";""
"KTO022179";"JULIART OÜ";"12107973";"13.02.2018";"Tähtajatu";"Jah";"Toitlustamine";""
"KTO022180";"BESTHANSA OÜ";"14125248";"13.02.2018";"Tähtajatu";"Jah";"Toitlustamine";""
"KTO022178";"Q Argentina Grill OÜ";"14377636";"12.02.2018";"Tähtajatu";"Jah";"Toitlustamine";""
"KTO022176";"Anrecon OÜ";"14292644";"11.02.2018";"Tähtajatu";"Jah";"Toitlustamine";""
"KTO022177";"Kohvik Julius OÜ";"14362385";"11.02.2018";"Tähtajatu";"Jah";"Toitlustamine";""
"KTO022175";"Akvilion OÜ";"14422294";"09.02.2018";"Tähtajatu";"Jah";"Toitlustamine";""
"KTO022174";"Riiman One OÜ";"14417229";"08.02.2018";"Tähtajatu";"Jah";"Toitlustamine";""
"KTO022171";"Chupadepra OÜ";"12884464";"08.02.2018";"Tähtajatu";"Jah";"Toitlustamine";""
"KTO022173";"Gastrocube OÜ";"14387391";"08.02.2018";"Tähtajatu";"Jah";"Toitlustamine";""
"KTO022170";"Kabakoto Diangou OÜ";"14150453";"07.02.2018";"Tähtajatu";"Jah";"Toitlustamine";""
"KTO022169";"Krivision disain OÜ";"14387669";"04.02.2018";"Tähtajatu";"Jah";"Toitlustamine";""
"KTO022166";"Kaunis Events OÜ";"14419151";"02.02.2018";"Tähtajatu";"Jah";"Toitlustamine";""
"KTO022167";"NORA INVEST OÜ";"14203824";"02.02.2018";"Tähtajatu";"Jah";"Toitlustamine";""
"KTO022163";"MMaetKamoriz OÜ";"14398590";"01.02.2018";"Tähtajatu";"Jah";"Toitlustamine";""
"KTO022164";"Aikis OÜ";"14400298";"01.02.2018";"Tähtajatu";"Jah";"Toitlustamine";""
"KTO022162";"OSAÜHING Bassing";"10988308";"31.01.2018";"Tähtajatu";"Jah";"Toitlustamine";""
"KTO022159";"Võlli-Kingu talu";"10105220";"30.01.2018";"Tähtajatu";"Jah";"Toitlustamine";""
"KTO022157";"Must Ploom OÜ";"12929942";"29.01.2018";"Tähtajatu";"Jah";"Toitlustamine";""
"KTO022158";"ABC RESTO OÜ";"14404221";"29.01.2018";"Tähtajatu";"Jah";"Toitlustamine";""
"KTO022156";"Weekend Club OÜ";"12896823";"26.01.2018";"Tähtajatu";"Jah";"Toitlustamine";""
"KTO022155";"RÜÜTLI KORP OÜ";"12488024";"26.01.2018";"Tähtajatu";"Jah";"Toitlustamine";""
"KTO022151";"Meie Pizza OÜ";"12454491";"19.01.2018";"Tähtajatu";"Jah";"Toitlustamine";""
"KTO022150";"Must Kollane OÜ";"14385877";"19.01.2018";"Tähtajatu";"Jah";"Toitlustamine";""
"KTO022148";"OÜ RWOTOMIYA";"11311200";"18.01.2018";"Tähtajatu";"Jah";"Toitlustamine";""
"KTO022146";"OÜ KRAINE";"14408199";"16.01.2018";"Tähtajatu";"Jah";"Toitlustamine";""
"KTO022145";"Dreamhome Design OÜ";"12686161";"15.01.2018";"Tähtajatu";"Jah";"Toitlustamine";""
"KTO022143";"Osaühing OVO KREDIIT";"11426667";"10.01.2018";"Tähtajatu";"Jah";"Toitlustamine";""
"KTO022141";"P.P Building OÜ";"14013957";"09.01.2018";"Tähtajatu";"Jah";"Toitlustamine";""
"KTO022139";"Tormituuled OÜ";"14339145";"08.01.2018";"Tähtajatu";"Jah";"Toitlustamine";""
"KTO022137";"Sessel OÜ";"14389817";"07.01.2018";"Tähtajatu";"Jah";"Toitlustamine";""
"KTO022138";"Sakste Maja OÜ";"14368086";"07.01.2018";"Tähtajatu";"Jah";"Toitlustamine";""
"KTO022135";"CHAPLIN OÜ";"14322049";"03.01.2018";"Tähtajatu";"Jah";"Toitlustamine";""
"KTO022134";"Armatons OÜ";"14178150";"27.12.2017";"Tähtajatu";"Jah";"Toitlustamine";""
"KTO022133";"Oguy Njemanze OÜ";"14390364";"22.12.2017";"Tähtajatu";"Jah";"Toitlustamine";""
"KTO022131";"OÜ Balti I.S.";"12785288";"20.12.2017";"Tähtajatu";"Jah";"Toitlustamine";""
"KTO022129";"Ste-Mar OÜ";"14392854";"18.12.2017";"Tähtajatu";"Jah";"Toitlustamine";""
"KTO022126";"OÜ Mawany Kwedyborma";"14334064";"15.12.2017";"Tähtajatu";"Jah";"Toitlustamine";""
"KTO022123";"HODOBEAUTY OÜ";"14372449";"14.12.2017";"Tähtajatu";"Jah";"Toitlustamine";""
"KTO022125";"Motorhome OÜ";"12897082";"14.12.2017";"Tähtajatu";"Jah";"Toitlustamine";""
"KTO022124";"OÜ Meretare Restoran";"12881632";"14.12.2017";"Tähtajatu";"Jah";"Toitlustamine";""
"KTO022120";"Hill Hill Holding OÜ";"14239167";"13.12.2017";"Tähtajatu";"Jah";"Toitlustamine";""
"KTO022119";"Pavlova OÜ";"14323882";"12.12.2017";"Tähtajatu";"Jah";"Toitlustamine";""
"KTO022117";"Eastholm OÜ";"14113601";"08.12.2017";"Tähtajatu";"Jah";"Toitlustamine";""
"KTO022116";"Pärnu Diakooniakeskus Mittetulundusühing";"80303855";"07.12.2017";"Tähtajatu";"Jah";"Toitlustamine";""
"KTO022114";"Maecenas OÜ";"14114753";"06.12.2017";"Tähtajatu";"Jah";"Toitlustamine";""
"KTO022109";"Pelytte Catering OÜ";"14344696";"06.12.2017";"Tähtajatu";"Jah";"Toitlustamine";""
"KTO022115";"ImperialAilavi OÜ";"14262548";"06.12.2017";"Tähtajatu";"Jah";"Toitlustamine";""
"KTO022106";"MTÜ Alle-Saija Teatritalu";"80368107";"02.12.2017";"Tähtajatu";"Jah";"Toitlustamine";""
"KTO022104";"OÜ Altairmoi";"14142620";"01.12.2017";"Tähtajatu";"Jah";"Toitlustamine";""
"KTO022103";"Tutvumisreisid OÜ";"14370657";"30.11.2017";"Tähtajatu";"Jah";"Toitlustamine";""
"KTO022101";"Varjuteater OÜ";"14372685";"29.11.2017";"Tähtajatu";"Jah";"Toitlustamine";""
"KTO022098";"Viklink OÜ";"11588976";"28.11.2017";"Tähtajatu";"Jah";"Toitlustamine";""
"KTO022095";"ROYAL WOOD OÜ";"14087987";"27.11.2017";"Tähtajatu";"Jah";"Toitlustamine";""
"KTO022097";"GooDrink OÜ";"12777857";"27.11.2017";"Tähtajatu";"Jah";"Toitlustamine";""
"KTO022096";"OÜ PÄRNAMÄED";"11701609";"27.11.2017";"Tähtajatu";"Jah";"Toitlustamine";""
"KTO022093";"osaühing RUFF A.R.";"10530526";"22.11.2017";"Tähtajatu";"Jah";"Toitlustamine";""
"KTO022092";"Püünemeistrid OÜ";"12421333";"21.11.2017";"Tähtajatu";"Jah";"Toitlustamine";""
"KTO022091";"Volerio OÜ";"14366101";"21.11.2017";"Tähtajatu";"Jah";"Toitlustamine";""
"KTO022087";"Botaanik OÜ";"12889734";"20.11.2017";"Tähtajatu";"Jah";"Toitlustamine";""
"KTO022088";"fusion sushi OÜ";"14368092";"20.11.2017";"Tähtajatu";"Jah";"Toitlustamine";""
"KTO022090";"Osaühing Romss";"11072209";"20.11.2017";"Tähtajatu";"Jah";"Toitlustamine";""
"KTO022085";"Kolfour OÜ";"14309592";"17.11.2017";"Tähtajatu";"Jah";"Toitlustamine";""
"KTO022084";"Osaühing Fatlink";"11586486";"16.11.2017";"Tähtajatu";"Jah";"Toitlustamine";""
"KTO022079";"Apollo Kino OÜ";"12383294";"14.11.2017";"Tähtajatu";"Jah";"Toitlustamine";""
"KTO022082";"CARNELIAN OÜ";"11714731";"14.11.2017";"Tähtajatu";"Jah";"Toitlustamine";""
"KTO022080";"Lovita OÜ";"14326320";"14.11.2017";"Tähtajatu";"Jah";"Toitlustamine";""
"KTO022078";"Khamsa OÜ";"14362706";"14.11.2017";"Tähtajatu";"Jah";"Toitlustamine";""
"KTO022081";"VÕIDUSÕIDU OÜ";"10908628";"14.11.2017";"Tähtajatu";"Jah";"Toitlustamine";""
"KTO022075";"IBI RESTO OÜ";"14366472";"10.11.2017";"Tähtajatu";"Jah";"Toitlustamine";""
"KTO022074";"Amber Light OÜ";"14126526";"09.11.2017";"Tähtajatu";"Jah";"Toitlustamine";""
"KTO022073";"Pilliroog OÜ";"14363870";"09.11.2017";"Tähtajatu";"Jah";"Toitlustamine";""
"KTO022072";"Peetri Bufee OÜ";"14047198";"08.11.2017";"Tähtajatu";"Jah";"Toitlustamine";""
"KTO022071";"Nordic Beach OÜ";"12649579";"07.11.2017";"Tähtajatu";"Jah";"Toitlustamine";""
"KTO022070";"Varahaldus OÜ";"12056804";"06.11.2017";"Tähtajatu";"Jah";"Toitlustamine";""
"KTO022067";"FFS Liquids OÜ";"14176174";"02.11.2017";"Tähtajatu";"Jah";"Toitlustamine";""
"KTO022036";"Vau Restoranid OÜ";"14319490";"01.11.2017";"Tähtajatu";"Jah";"Toitlustamine";""
"KTO022064";"MINLORA OÜ";"14342425";"31.10.2017";"Tähtajatu";"Jah";"Toitlustamine";""
"KTO022065";"Hea Koht OÜ";"14225116";"31.10.2017";"Tähtajatu";"Jah";"Toitlustamine";""
"KTO022063";"Osaühing PUHTUS JA HOOLITSUS";"11131679";"30.10.2017";"Tähtajatu";"Jah";"Toitlustamine";""
"KTO022062";"Osaühing Ethel Merman";"10911168";"27.10.2017";"Tähtajatu";"Jah";"Toitlustamine";""
"KTO022060";"RC Operaator OÜ";"14332639";"26.10.2017";"Tähtajatu";"Jah";"Toitlustamine";""
"KTO022061";"SRP Halduse OÜ";"14183553";"26.10.2017";"Tähtajatu";"Jah";"Toitlustamine";""
"KTO022058";"OÜ Suusakool";"12557133";"24.10.2017";"Tähtajatu";"Jah";"Toitlustamine";""
"KTO022056";"osaühing Gapert Grupp";"10432083";"19.10.2017";"Tähtajatu";"Jah";"Toitlustamine";""
"KTO022054";"Sõbra Pesa OÜ";"14337525";"18.10.2017";"Tähtajatu";"Jah";"Toitlustamine";""
"KTO022053";"OSAÜHING KET-BOX";"10306496";"16.10.2017";"Tähtajatu";"Jah";"Toitlustamine";""
"KTO022052";"Denver Ribs OÜ";"11302313";"15.10.2017";"Tähtajatu";"Jah";"Toitlustamine";""
"KTO022049";"Hizla Kamrangirchar OÜ";"14212355";"11.10.2017";"Tähtajatu";"Jah";"Toitlustamine";""
"KTO022047";"Y.O.L.O Gastropub OÜ";"14336809";"09.10.2017";"Tähtajatu";"Jah";"Toitlustamine";""
"KTO022048";"Sandbar OÜ";"14019374";"09.10.2017";"Tähtajatu";"Jah";"Toitlustamine";""
"KTO022009";"Snoob Resto OÜ";"14047399";"09.10.2017";"Tähtajatu";"Jah";"Toitlustamine";""
"KTO022046";"Sushirestoranid OÜ";"14341905";"08.10.2017";"Tähtajatu";"Jah";"Toitlustamine";""
"KTO022044";"Hiina Tervisekeskus OÜ";"12238267";"07.10.2017";"Tähtajatu";"Jah";"Toitlustamine";""
"KTO022040";"OÜ Luksus-Toit";"14331427";"03.10.2017";"Tähtajatu";"Jah";"Toitlustamine";""
"KTO022039";"osaühing Hotell Pärnu";"10335003";"03.10.2017";"Tähtajatu";"Jah";"Toitlustamine";""
"KTO022038";"Auctorum OÜ";"10402573";"02.10.2017";"Tähtajatu";"Jah";"Toitlustamine";""
"KTO022037";"Pirosmani Osaühing";"11918853";"02.10.2017";"Tähtajatu";"Jah";"Toitlustamine";""
"KTO022035";"EIWIC OÜ";"12678291";"28.09.2017";"Tähtajatu";"Jah";"Toitlustamine";""
"KTO022032";"Noorus OÜ";"12486835";"26.09.2017";"Tähtajatu";"Jah";"Toitlustamine";""
"KTO022034";"Pitsapidu OÜ";"14255073";"26.09.2017";"Tähtajatu";"Jah";"Toitlustamine";""
"KTO022033";"OÜ Sweet Paradise";"14119704";"26.09.2017";"Tähtajatu";"Jah";"Toitlustamine";""
"KTO022027";"Wingstopp Drive OÜ";"14325800";"20.09.2017";"Tähtajatu";"Jah";"Toitlustamine";""
"KTO022025";"Buffo Ehitus OÜ";"12596707";"19.09.2017";"Tähtajatu";"Jah";"Toitlustamine";""
"KTO022024";"Keszthely Alzopahok OÜ";"12978277";"19.09.2017";"Tähtajatu";"Jah";"Toitlustamine";""
"KTO022021";"Rapla Bussipark OÜ";"11096842";"15.09.2017";"Tähtajatu";"Jah";"Toitlustamine";""
"KTO022020";"Pere Turg OÜ";"12665207";"15.09.2017";"Tähtajatu";"Jah";"Toitlustamine";""
"KTO022019";"OÜ Sundry";"12070980";"14.09.2017";"Tähtajatu";"Jah";"Toitlustamine";""
"KTO022014";"OÜ Sillari";"12933889";"13.09.2017";"Tähtajatu";"Jah";"Toitlustamine";""
"KTO022012";"Ocras OÜ";"12518446";"09.09.2017";"Tähtajatu";"Jah";"Toitlustamine";""
"KTO022011";"Messhall OÜ";"14202055";"09.09.2017";"Tähtajatu";"Jah";"Toitlustamine";""
"KTO022006";"Imelihtne OÜ";"14255138";"05.09.2017";"Tähtajatu";"Jah";"Toitlustamine";""
"KTO022005";"ÖkoKaubad OÜ";"14169174";"05.09.2017";"Tähtajatu";"Jah";"Toitlustamine";""
"KTO022004";"RISTORANTE CASTELLO OÜ";"14271814";"05.09.2017";"Tähtajatu";"Jah";"Toitlustamine";""
"KTO022003";"Creative Intervention OÜ";"12622416";"04.09.2017";"Tähtajatu";"Jah";"Toitlustamine";""
"KTO022001";"OÜ ABOUGHALY";"14128620";"02.09.2017";"Tähtajatu";"Jah";"Toitlustamine";""
"KTO022000";"MM AG OÜ";"11512275";"28.08.2017";"Tähtajatu";"Jah";"Toitlustamine";""
"KTO021999";"Ten Pin OÜ";"14300444";"28.08.2017";"Tähtajatu";"Jah";"Toitlustamine";""
"KTO021995";"D'Boiss Club Bespoke OÜ";"11487608";"25.08.2017";"Tähtajatu";"Jah";"Toitlustamine";""
"KTO021994";"Graytone OÜ";"14247661";"25.08.2017";"Tähtajatu";"Jah";"Toitlustamine";""
"KTO021991";"Barbatus Osaühing";"11530770";"23.08.2017";"Tähtajatu";"Jah";"Toitlustamine";""
"KTO021985";"Stylish Events OÜ";"14119288";"22.08.2017";"Tähtajatu";"Jah";"Toitlustamine";""
"KTO021988";"Laisholm Catering OÜ";"14121718";"22.08.2017";"Tähtajatu";"Jah";"Toitlustamine";""
"KTO021987";"Osaühing Sunna";"11136375";"22.08.2017";"Tähtajatu";"Jah";"Toitlustamine";""
"KTO021984";"Sphinx OÜ";"14263654";"21.08.2017";"Tähtajatu";"Jah";"Toitlustamine";""
"KTO021980";"Tiina Pannkook OÜ";"14016996";"18.08.2017";"Tähtajatu";"Jah";"Toitlustamine";""
"KTO021982";"Osaühing Nata Paradiis";"10484134";"18.08.2017";"Tähtajatu";"Jah";"Toitlustamine";""
"KTO021977";"Mittetulundusühing Eesti Identiteedi ja Kultuuri Koda";"80354462";"15.08.2017";"Tähtajatu";"Jah";"Toitlustamine";""
"KTO021975";"ANSU AIAND OÜ";"14272431";"14.08.2017";"Tähtajatu";"Jah";"Toitlustamine";""
"KTO021972";"Centennial Hospitality OÜ";"14169487";"12.08.2017";"Tähtajatu";"Jah";"Toitlustamine";""
"KTO021968";"Hindreku Turismitalu OÜ";"14248028";"10.08.2017";"Tähtajatu";"Jah";"Toitlustamine";""
"KTO021958";"PPJ Restoranid OÜ";"14220484";"08.08.2017";"Tähtajatu";"Jah";"Toitlustamine";""
"KTO021959";"OÜ Catering Team";"14283438";"08.08.2017";"Tähtajatu";"Jah";"Toitlustamine";""
"KTO021960";"MTÜ Roheliselt Värske Elu";"80388277";"08.08.2017";"Tähtajatu";"Jah";"Toitlustamine";""
"KTO021956";"FreeLevel OÜ";"11765622";"07.08.2017";"Tähtajatu";"Jah";"Toitlustamine";""
"KTO021957";"E-smoke OÜ";"12159697";"07.08.2017";"Tähtajatu";"Jah";"Toitlustamine";""
"KTO021953";"Bali71 OÜ";"14231387";"03.08.2017";"Tähtajatu";"Jah";"Toitlustamine";""
"KTO021951";"Bangladeshi restaurant TÜ";"14290875";"01.08.2017";"Tähtajatu";"Jah";"Toitlustamine";""
"KTO021950";"MOTOKLUBI WILDHOGS MC";"80165710";"01.08.2017";"Tähtajatu";"Jah";"Toitlustamine";""
"KTO021948";"OÜ Toidutuba";"12757323";"31.07.2017";"Tähtajatu";"Jah";"Toitlustamine";""
"KTO021947";"Nordic Beer House OÜ";"12154406";"28.07.2017";"Tähtajatu";"Jah";"Toitlustamine";""
"KTO021944";"OÜ Proua Lorde";"14291142";"26.07.2017";"Tähtajatu";"Jah";"Toitlustamine";""
"KTO021943";"3DFoodlab OÜ";"14090716";"25.07.2017";"Tähtajatu";"Jah";"Toitlustamine";""
"KTO021938";"JK Haldus OÜ";"14240883";"21.07.2017";"Tähtajatu";"Jah";"Toitlustamine";""
"KTO021934";"Lahemaa Restoranid OÜ";"14247000";"12.07.2017";"Tähtajatu";"Jah";"Toitlustamine";""
"KTO021931";"Salmistu Sadam OÜ";"14292532";"11.07.2017";"Tähtajatu";"Jah";"Toitlustamine";""
"KTO021933";"L&K OÜ";"14288588";"11.07.2017";"Tähtajatu";"Jah";"Toitlustamine";""
"KTO021930";"OÜ Kohvikum Cafe";"12701133";"08.07.2017";"Tähtajatu";"Jah";"Toitlustamine";""
"KTO021925";"Aire Hallap";"12006568";"06.07.2017";"Tähtajatu";"Jah";"Toitlustamine";""
"KTO021924";"Moosipall OÜ";"14174318";"06.07.2017";"Tähtajatu";"Jah";"Toitlustamine";""
"KTO021926";"Bristol & Partnerid OÜ";"11206880";"06.07.2017";"Tähtajatu";"Jah";"Toitlustamine";""
"KTO021918";"Jaan Rooso";"10900584";"05.07.2017";"Tähtajatu";"Jah";"Toitlustamine";""
"KTO021920";"Ateljee Cafe OÜ";"12672354";"05.07.2017";"Tähtajatu";"Jah";"Toitlustamine";""
"KTO021919";"POLAREST GRUPP OÜ";"10525324";"05.07.2017";"Tähtajatu";"Jah";"Toitlustamine";""
"KTO021915";"Aavikunurga OÜ";"11259037";"04.07.2017";"Tähtajatu";"Jah";"Toitlustamine";""
"KTO021917";"SINILILLE OÜ";"12099179";"04.07.2017";"Tähtajatu";"Jah";"Toitlustamine";""
"KTO021912";"Kolevant OÜ";"11697889";"02.07.2017";"Tähtajatu";"Jah";"Toitlustamine";""
"KTO021910";"Good Mood Food OÜ";"12472905";"30.06.2017";"Tähtajatu";"Jah";"Toitlustamine";""
"KTO021908";"Mugish OÜ";"12888953";"29.06.2017";"Tähtajatu";"Jah";"Toitlustamine";""
"KTO021906";"Willa OÜ";"14234523";"28.06.2017";"Tähtajatu";"Jah";"Toitlustamine";""
"KTO021907";"NITORIS OÜ";"11210700";"28.06.2017";"Tähtajatu";"Jah";"Toitlustamine";""
"KTO021903";"AM Hotel OÜ";"14231861";"27.06.2017";"Tähtajatu";"Jah";"Toitlustamine";""
"KTO021904";"Hanseatic Loodusturism OÜ";"12102645";"27.06.2017";"Tähtajatu";"Jah";"Toitlustamine";""
"KTO021902";"Pizzer OÜ";"14239130";"26.06.2017";"Tähtajatu";"Jah";"Toitlustamine";""
"KTO021901";"Kidise-Jaani Talu OÜ";"12224561";"25.06.2017";"Tähtajatu";"Jah";"Toitlustamine";""
"KTO021898";"Taevaskoja Paradiis OÜ";"12848505";"21.06.2017";"Tähtajatu";"Jah";"Toitlustamine";""
"KTO021899";"StudioIllusion OÜ";"14176234";"21.06.2017";"Tähtajatu";"Jah";"Toitlustamine";""
"KTO021895";"TAARKA TARÕ OÜ";"11634831";"21.06.2017";"Tähtajatu";"Jah";"Toitlustamine";""
"KTO021897";"Kärakapanda OÜ";"14279543";"21.06.2017";"Tähtajatu";"Jah";"Toitlustamine";""
"KTO021896";"OÜ Punane Maja";"14040569";"21.06.2017";"Tähtajatu";"Jah";"Toitlustamine";""
"KTO021889";"Piipl OÜ";"12839794";"20.06.2017";"Tähtajatu";"Jah";"Toitlustamine";""
"KTO021891";"Larissa Prokopõshina";"14235445";"20.06.2017";"Tähtajatu";"Jah";"Toitlustamine";""
"KTO021888";"ayreys OÜ";"14204752";"20.06.2017";"Tähtajatu";"Jah";"Toitlustamine";""
"KTO021886";"Näljane OÜ";"14266316";"19.06.2017";"Tähtajatu";"Jah";"Toitlustamine";""
"KTO021885";"Liang OÜ";"14277627";"17.06.2017";"Tähtajatu";"Jah";"Toitlustamine";""
"KTO021883";"ABInva Eesti OÜ";"12636200";"15.06.2017";"Tähtajatu";"Jah";"Toitlustamine";""
"KTO021879";"I Land Sound MTÜ";"80416743";"14.06.2017";"Tähtajatu";"Jah";"Toitlustamine";""
"KTO021881";"Innamorata OÜ";"14187410";"14.06.2017";"Tähtajatu";"Jah";"Toitlustamine";""
"KTO021878";"MALHEM SERVICE OÜ";"14259463";"13.06.2017";"Tähtajatu";"Jah";"Toitlustamine";""
"KTO021876";"Toidulaegas OÜ";"12889504";"13.06.2017";"Tähtajatu";"Jah";"Toitlustamine";""
"KTO021860";"OÜ Rossilord";"11951402";"12.06.2017";"Tähtajatu";"Jah";"Toitlustamine";""
"KTO021872";"Bognas OÜ";"12399131";"12.06.2017";"Tähtajatu";"Jah";"Toitlustamine";""
"KTO021874";"BKS technology OÜ";"11718284";"12.06.2017";"Tähtajatu";"Jah";"Toitlustamine";""
"KTO021866";"OÜ ASPIC";"10912593";"12.06.2017";"Tähtajatu";"Jah";"Toitlustamine";""
"KTO021864";"FVN Grupp OÜ";"12665360";"12.06.2017";"Tähtajatu";"Jah";"Toitlustamine";""
"KTO021869";"Rankai OÜ";"12832935";"12.06.2017";"Tähtajatu";"Jah";"Toitlustamine";""
"KTO021871";"OÜ Minu Maius";"12581396";"12.06.2017";"Tähtajatu";"Jah";"Toitlustamine";""
"KTO021870";"TULUNDUSÜHISTU EVISAT";"10268301";"12.06.2017";"Tähtajatu";"Jah";"Toitlustamine";""
"KTO021863";"Siilisaba OÜ";"12139009";"12.06.2017";"Tähtajatu";"Jah";"Toitlustamine";""
"KTO021865";"Osaühing Store";"10082816";"12.06.2017";"Tähtajatu";"Jah";"Toitlustamine";""
"KTO021859";"AIR Food OÜ";"14214839";"11.06.2017";"Tähtajatu";"Jah";"Toitlustamine";""
"KTO021858";"OSAÜHING KONFLORA";"10693027";"10.06.2017";"Tähtajatu";"Jah";"Toitlustamine";""
"KTO021844";"Kevvai OÜ";"14127170";"09.06.2017";"Tähtajatu";"Jah";"Toitlustamine";""
"KTO021847";"OÜ Anweb";"12648213";"09.06.2017";"Tähtajatu";"Jah";"Toitlustamine";""
"KTO021843";"Kapteni kohvik OÜ";"12931672";"09.06.2017";"Tähtajatu";"Jah";"Toitlustamine";""
"KTO021851";"Aleksandron OÜ";"12961986";"09.06.2017";"Tähtajatu";"Jah";"Toitlustamine";""
"KTO021855";"Aitikk Invest OÜ";"14083828";"09.06.2017";"Tähtajatu";"Jah";"Toitlustamine";""
"KTO021850";"Prassi toitlustus OÜ";"12759747";"09.06.2017";"Tähtajatu";"Jah";"Toitlustamine";""
"KTO021798";"Semiway OÜ";"14073043";"09.06.2017";"Tähtajatu";"Jah";"Toitlustamine";""
"KTO021852";"Osaühing GAARLIG";"10048960";"09.06.2017";"Tähtajatu";"Jah";"Toitlustamine";""
"KTO021839";"Põko OÜ";"12058750";"08.06.2017";"Tähtajatu";"Jah";"Toitlustamine";""
"KTO021841";"Toit ja Tuju OÜ";"12976120";"08.06.2017";"Tähtajatu";"Jah";"Toitlustamine";""
"KTO021832";"Rita kodukohvik OÜ";"14273078";"06.06.2017";"Tähtajatu";"Jah";"Toitlustamine";""
"KTO021825";"Birgu Invest OÜ";"14145802";"06.06.2017";"Tähtajatu";"Jah";"Toitlustamine";""
"KTO021831";"Cabristo OÜ";"14233794";"06.06.2017";"Tähtajatu";"Jah";"Toitlustamine";""
"KTO021833";"Mittetulundusühing Pohlad";"80261660";"06.06.2017";"Tähtajatu";"Jah";"Toitlustamine";""
"KTO021828";"world famous OÜ";"14224654";"06.06.2017";"Tähtajatu";"Jah";"Toitlustamine";""
"KTO021826";"Reelika Köök & Kook OÜ";"14060448";"06.06.2017";"Tähtajatu";"Jah";"Toitlustamine";""
"KTO021824";"Mariia Lihaäri OÜ";"14271949";"05.06.2017";"Tähtajatu";"Jah";"Toitlustamine";""
"KTO021821";"Tata Trans OÜ";"12126344";"05.06.2017";"Tähtajatu";"Jah";"Toitlustamine";""
"KTO021820";"Osaühing Tagavälja Talutare";"14001285";"05.06.2017";"Tähtajatu";"Jah";"Toitlustamine";""
"KTO021822";"Osaühing RAMM ja RUUM";"12445954";"05.06.2017";"Tähtajatu";"Jah";"Toitlustamine";""
"KTO021819";"TOOLSE ARENDUS OÜ";"12310935";"02.06.2017";"Tähtajatu";"Jah";"Toitlustamine";""
"KTO021815";"Sakkeus OÜ";"14176843";"01.06.2017";"Tähtajatu";"Jah";"Toitlustamine";""
"KTO021816";"OÜ Uimeahv";"12848770";"01.06.2017";"Tähtajatu";"Jah";"Toitlustamine";""
"KTO021812";"Franz Catering OÜ";"14242209";"31.05.2017";"Tähtajatu";"Jah";"Toitlustamine";""
"KTO021813";"OÜ Kohvijaam";"14146517";"31.05.2017";"Tähtajatu";"Jah";"Toitlustamine";""
"KTO021806";"Western Fashion OÜ";"10577734";"29.05.2017";"Tähtajatu";"Jah";"Toitlustamine";""
"KTO021807";"Finlandia Seafood OÜ";"14213403";"29.05.2017";"Tähtajatu";"Jah";"Toitlustamine";""
"KTO021809";"Kokk & Kelner OÜ";"14229099";"29.05.2017";"Tähtajatu";"Jah";"Toitlustamine";""
"KTO021808";"Pollo OÜ";"14239680";"29.05.2017";"Tähtajatu";"Jah";"Toitlustamine";""
"KTO021804";"OÜ Oliver";"14266842";"29.05.2017";"Tähtajatu";"Jah";"Toitlustamine";""
"KTO021803";"MTÜ Loomelava";"80382990";"26.05.2017";"Tähtajatu";"Jah";"Toitlustamine";""
"KTO021772";"MiniBar OÜ";"14065782";"26.05.2017";"Tähtajatu";"Jah";"Toitlustamine";""
"KTO021802";"Caramel Bakery OÜ";"12908199";"26.05.2017";"Tähtajatu";"Jah";"Toitlustamine";""
"KTO021799";"OÜ PJ Projektid";"10615783";"26.05.2017";"Tähtajatu";"Jah";"Toitlustamine";""
"KTO021796";"Moe Mõis MTÜ";"80394094";"25.05.2017";"Tähtajatu";"Jah";"Toitlustamine";""
"KTO021797";"Ruhnu Ruut OÜ";"14150855";"25.05.2017";"Tähtajatu";"Jah";"Toitlustamine";""
"KTO021794";"TEMOR GRUPP OÜ";"11475887";"24.05.2017";"Tähtajatu";"Jah";"Toitlustamine";""
"KTO021793";"Stagerank OÜ";"12758305";"23.05.2017";"Tähtajatu";"Jah";"Toitlustamine";""
"KTO021791";"Pool Võitu OÜ";"12830913";"22.05.2017";"Tähtajatu";"Jah";"Toitlustamine";""
"KTO021792";"Green Lighthouse OÜ";"14238610";"22.05.2017";"Tähtajatu";"Jah";"Toitlustamine";""
"KTO021702";"True Solutions OÜ";"11558082";"22.05.2017";"Tähtajatu";"Jah";"Toitlustamine";""
"KTO021790";"Mexicana OÜ";"14244177";"22.05.2017";"Tähtajatu";"Jah";"Toitlustamine";""
"KTO021789";"Tammesilla Tervisetalu OÜ";"12845665";"20.05.2017";"Tähtajatu";"Jah";"Toitlustamine";""
"KTO021728";"Surfcafe OÜ";"14098407";"19.05.2017";"Tähtajatu";"Jah";"Toitlustamine";""
"KTO021748";"Tuvi Katusel OÜ";"14236427";"18.05.2017";"Tähtajatu";"Jah";"Toitlustamine";""
"KTO021785";"Haapsalu Raamat OÜ";"12484316";"18.05.2017";"Tähtajatu";"Jah";"Toitlustamine";""
"KTO021779";"Buthawa Palaweni OÜ";"14209554";"17.05.2017";"Tähtajatu";"Jah";"Toitlustamine";""
"KTO021778";"Pesa Toitlustus OÜ";"14168915";"17.05.2017";"Tähtajatu";"Jah";"Toitlustamine";""
"KTO021782";"Buenas Kassari Restoranid OÜ";"14225518";"17.05.2017";"Tähtajatu";"Jah";"Toitlustamine";""
"KTO021783";"Osaühing Kriscontrol";"11873004";"17.05.2017";"Tähtajatu";"Jah";"Toitlustamine";""
"KTO021780";"OÜ Humalakoda";"14154511";"17.05.2017";"Tähtajatu";"Jah";"Toitlustamine";""
"KTO021776";"Temorubersi MTÜ";"80417636";"17.05.2017";"Tähtajatu";"Jah";"Toitlustamine";""
"KTO021774";"Hookah Lounge OÜ";"14257820";"16.05.2017";"Tähtajatu";"Jah";"Toitlustamine";""
"KTO021775";"Grandezza OÜ";"12923448";"16.05.2017";"Tähtajatu";"Jah";"Toitlustamine";""
"KTO021761";"OÜ Metskukk";"12126781";"15.05.2017";"Tähtajatu";"Jah";"Toitlustamine";""
"KTO021771";"MiraSanitas OÜ";"12856456";"15.05.2017";"Tähtajatu";"Jah";"Toitlustamine";""
"KTO021765";"Northmen Cafe OÜ";"14145274";"15.05.2017";"Tähtajatu";"Jah";"Toitlustamine";""
"KTO021764";"Vobla OÜ";"11478584";"15.05.2017";"Tähtajatu";"Jah";"Toitlustamine";""
"KTO021759";"OÜ Mush Service";"11259116";"12.05.2017";"Tähtajatu";"Jah";"Toitlustamine";""
"KTO021760";"MAIKA GOOD SOUND OÜ";"14254371";"12.05.2017";"Tähtajatu";"Jah";"Toitlustamine";""
"KTO021757";"MÖT OÜ";"14202109";"11.05.2017";"Tähtajatu";"Jah";"Toitlustamine";""
"KTO021755";"Vaksali OÜ";"12661847";"10.05.2017";"Tähtajatu";"Jah";"Toitlustamine";""
"KTO021754";"Mantel ja Korsten OÜ";"12983806";"09.05.2017";"Tähtajatu";"Jah";"Toitlustamine";""
"KTO021750";"OÜ Luppe";"12147352";"08.05.2017";"Tähtajatu";"Jah";"Toitlustamine";""
"KTO021751";"Hõbe Taldrik OÜ";"14197354";"08.05.2017";"Tähtajatu";"Jah";"Toitlustamine";""
"KTO021749";"Haapsalu Old Town Apartments OÜ";"14119354";"06.05.2017";"Tähtajatu";"Jah";"Toitlustamine";""
"KTO021746";"A.U.S PARTNERS OÜ";"14244071";"05.05.2017";"Tähtajatu";"Jah";"Toitlustamine";""
"KTO021745";"Meie Kodu TÜ";"12121200";"05.05.2017";"Tähtajatu";"Jah";"Toitlustamine";""
"KTO021744";"Eifeli Köök OÜ";"14231128";"04.05.2017";"Tähtajatu";"Jah";"Toitlustamine";""
"KTO021739";"Osaühing Steinfors pluss";"12585135";"04.05.2017";"Tähtajatu";"Jah";"Toitlustamine";""
"KTO021738";"Vinto OÜ";"14253035";"04.05.2017";"Tähtajatu";"Jah";"Toitlustamine";""
"KTO021743";"LEGENDS FOODS OÜ";"14105599";"04.05.2017";"Tähtajatu";"Jah";"Toitlustamine";""
"KTO021742";"HEA ISU OÜ";"12290581";"04.05.2017";"Tähtajatu";"Jah";"Toitlustamine";""
"KTO021737";"FitFocus OÜ";"14215589";"03.05.2017";"Tähtajatu";"Jah";"Toitlustamine";""
"KTO021736";"LRS Design OÜ";"12502043";"02.05.2017";"Tähtajatu";"Jah";"Toitlustamine";""
"KTO021716";"Wolf Hotel OÜ";"14226191";"01.05.2017";"Tähtajatu";"Jah";"Toitlustamine";""
"KTO021131";"Tänavatoit OÜ";"12987141";"01.05.2017";"Tähtajatu";"Jah";"Toitlustamine";""
"KTO021734";"Kaffi Investments OÜ";"12782232";"28.04.2017";"Tähtajatu";"Jah";"Toitlustamine";""
"KTO021732";"Vihula valla noorteklubi";"80391724";"27.04.2017";"Tähtajatu";"Jah";"Toitlustamine";""
"KTO021730";"Leviso Group OÜ";"12548683";"26.04.2017";"Tähtajatu";"Jah";"Toitlustamine";""
"KTO021729";"Baasjaam OÜ";"14022548";"24.04.2017";"Tähtajatu";"Jah";"Toitlustamine";""
"KTO021727";"Eluruumid OÜ";"12106235";"22.04.2017";"Tähtajatu";"Jah";"Toitlustamine";""
"KTO021725";"SUN360 Osaühing";"14240989";"21.04.2017";"Tähtajatu";"Jah";"Toitlustamine";""
"KTO021726";"PURUTEE OÜ";"12440632";"21.04.2017";"Tähtajatu";"Jah";"Toitlustamine";""
"KTO021723";"Smuutid OÜ";"14233392";"20.04.2017";"Tähtajatu";"Jah";"Toitlustamine";""
"KTO021721";"Valga Sinel OÜ";"14242066";"19.04.2017";"Tähtajatu";"Jah";"Toitlustamine";""
"KTO021719";"Lendav Taldrik OÜ";"11922122";"19.04.2017";"Tähtajatu";"Jah";"Toitlustamine";""
"KTO021720";"MEAT AND CHEESE OÜ";"14095984";"19.04.2017";"Tähtajatu";"Jah";"Toitlustamine";""
"KTO021718";"Tarjuss OÜ";"14239420";"19.04.2017";"Tähtajatu";"Jah";"Toitlustamine";""
"KTO021717";"Lossi Catering OÜ";"14236315";"18.04.2017";"Tähtajatu";"Jah";"Toitlustamine";""
"KTO021712";"Leivakas OÜ";"14139747";"17.04.2017";"Tähtajatu";"Jah";"Toitlustamine";""
"KTO021713";"HousePartner OÜ";"14131929";"17.04.2017";"Tähtajatu";"Jah";"Toitlustamine";""
"KTO021714";"OÜ Sänku Saan";"14237591";"17.04.2017";"Tähtajatu";"Jah";"Toitlustamine";""
"KTO021715";"osaühing RIVERMARK";"11248815";"17.04.2017";"Tähtajatu";"Jah";"Toitlustamine";""
"KTO021711";"Konksmoorid OÜ";"12475335";"13.04.2017";"Tähtajatu";"Jah";"Toitlustamine";""
"KTO021710";"Deluxe Partners OÜ";"14195326";"13.04.2017";"Tähtajatu";"Jah";"Toitlustamine";""
"KTO021706";"TP Trade OÜ";"14153204";"12.04.2017";"Tähtajatu";"Jah";"Toitlustamine";""
"KTO021708";"OÜ Sebastes";"11992884";"12.04.2017";"Tähtajatu";"Jah";"Toitlustamine";""
"KTO021703";"FOODFRIEND OÜ";"14236686";"11.04.2017";"Tähtajatu";"Jah";"Toitlustamine";""
"KTO021679";"Emamesilane OÜ";"14176748";"08.04.2017";"Tähtajatu";"Jah";"Toitlustamine";""
"KTO021701";"OÜ Baan Thai";"12997470";"08.04.2017";"Tähtajatu";"Jah";"Toitlustamine";""
"KTO021697";"ProSmart OÜ";"11964863";"05.04.2017";"Tähtajatu";"Jah";"Toitlustamine";""
"KTO021696";"OÜ Toomi Tänu";"14010723";"04.04.2017";"Tähtajatu";"Jah";"Toitlustamine";""
"KTO021695";"Omniko Etana OÜ";"14124131";"04.04.2017";"Tähtajatu";"Jah";"Toitlustamine";""
"KTO021693";"Seljatee OÜ";"12789493";"31.03.2017";"Tähtajatu";"Jah";"Toitlustamine";""
"KTO021608";"Food in food OÜ";"12960455";"31.03.2017";"Tähtajatu";"Jah";"Toitlustamine";""
"KTO021692";"OÜ Restoran Ülikooli kohvik";"12993986";"31.03.2017";"Tähtajatu";"Jah";"Toitlustamine";""
"KTO021687";"Janeselke OÜ";"14000570";"30.03.2017";"Tähtajatu";"Jah";"Toitlustamine";""
"KTO021688";"Valtan Invest OÜ";"11457493";"30.03.2017";"Tähtajatu";"Jah";"Toitlustamine";""
"KTO021689";"Nurga Taldrik OÜ";"14159106";"30.03.2017";"Tähtajatu";"Jah";"Toitlustamine";""
"KTO021682";"SEJ INVEST OÜ";"14097581";"29.03.2017";"Tähtajatu";"Jah";"Toitlustamine";""
"KTO021674";"Pelgumaja OÜ";"12884872";"23.03.2017";"Tähtajatu";"Jah";"Toitlustamine";""
"KTO021673";"Wine Time OÜ";"14224341";"22.03.2017";"Tähtajatu";"Jah";"Toitlustamine";""
"KTO021672";"Zlimline Grupp OÜ";"14217068";"22.03.2017";"Tähtajatu";"Jah";"Toitlustamine";""
"KTO021670";"Nalband Wan OÜ";"12716353";"22.03.2017";"Tähtajatu";"Jah";"Toitlustamine";""
"KTO021667";"Osaühing Sentafarm";"11075082";"21.03.2017";"Tähtajatu";"Jah";"Toitlustamine";""
"KTO021665";"Leemekulbi liigutajad OÜ";"14099152";"20.03.2017";"Tähtajatu";"Jah";"Toitlustamine";""
"KTO021663";"Pizza wow OÜ";"14218754";"16.03.2017";"Tähtajatu";"Jah";"Toitlustamine";""
"KTO021661";"Indi Holdings OÜ";"14221519";"15.03.2017";"Tähtajatu";"Jah";"Toitlustamine";""
"KTO021662";"Averis Holding OÜ";"14049820";"15.03.2017";"Tähtajatu";"Jah";"Toitlustamine";""
"KTO021658";"M&A Team OÜ";"12646492";"13.03.2017";"Tähtajatu";"Jah";"Toitlustamine";""
"KTO021659";"osaühing Eeltamm";"10468922";"13.03.2017";"Tähtajatu";"Jah";"Toitlustamine";""
"KTO021656";"OÜ Gemüüse";"14216347";"09.03.2017";"Tähtajatu";"Jah";"Toitlustamine";""
"KTO021653";"Kaffel Catering OÜ";"14096877";"09.03.2017";"09.03.2027";"Jah";"Toitlustamine";""
"KTO021654";"Treegeri OÜ";"14106156";"09.03.2017";"Tähtajatu";"Jah";"Toitlustamine";""
"KTO021652";"Grotta OÜ";"11890971";"08.03.2017";"Tähtajatu";"Jah";"Toitlustamine";""
"KTO021650";"Livelife OÜ";"12744148";"04.03.2017";"Tähtajatu";"Jah";"Toitlustamine";""
"KTO021649";"TANKLA OÜ";"11538228";"02.03.2017";"Tähtajatu";"Jah";"Toitlustamine";""
"KTO021648";"OÜ Miralda";"11478590";"01.03.2017";"Tähtajatu";"Jah";"Toitlustamine";""
"KTO021647";"Tsingtauer Zeisig OÜ";"12938042";"01.03.2017";"Tähtajatu";"Jah";"Toitlustamine";""
"KTO021484";"OÜ Lehtla";"14127885";"01.03.2017";"Tähtajatu";"Jah";"Toitlustamine";""
"KTO021645";"Saarepärn OÜ";"11031624";"26.02.2017";"Tähtajatu";"Jah";"Toitlustamine";""
"KTO021643";"Anhor OÜ";"12521715";"22.02.2017";"Tähtajatu";"Jah";"Toitlustamine";""
"KTO021641";"22resto OÜ";"14177417";"21.02.2017";"Tähtajatu";"Jah";"Toitlustamine";""
"KTO021640";"DavidResto OÜ";"14193712";"21.02.2017";"Tähtajatu";"Jah";"Toitlustamine";""
"KTO021639";"Mugapynyana Tzetsebjwe OÜ";"14188317";"20.02.2017";"Tähtajatu";"Jah";"Toitlustamine";""
"KTO021638";"Burger Pit OÜ";"14203586";"19.02.2017";"Tähtajatu";"Jah";"Toitlustamine";""
"KTO021637";"osaühing Falaris";"10609067";"18.02.2017";"Tähtajatu";"Jah";"Toitlustamine";""
"KTO021635";"Pruulikoer OÜ";"14160061";"17.02.2017";"Tähtajatu";"Jah";"Toitlustamine";""
"KTO021631";"Levain Pagar OÜ";"12831120";"16.02.2017";"Tähtajatu";"Jah";"Toitlustamine";""
"KTO021633";"Paradise OÜ";"14194516";"16.02.2017";"Tähtajatu";"Jah";"Toitlustamine";""
"KTO021629";"OÜ Feniston";"10427604";"13.02.2017";"Tähtajatu";"Jah";"Toitlustamine";""
"KTO021626";"Rummu Järv OÜ";"11445142";"08.02.2017";"Tähtajatu";"Jah";"Toitlustamine";""
"KTO021625";"Toomemäe OÜ";"12726038";"07.02.2017";"Tähtajatu";"Jah";"Toitlustamine";""
"KTO021623";"PMR Catering OÜ";"11982845";"07.02.2017";"Tähtajatu";"Jah";"Toitlustamine";""
"KTO021622";"Bouche Grupp OÜ";"14190056";"06.02.2017";"Tähtajatu";"Jah";"Toitlustamine";""
"KTO021620";"Sinuminu OÜ";"12902245";"05.02.2017";"Tähtajatu";"Jah";"Toitlustamine";""
"KTO021621";"Peoliin OÜ";"12891151";"05.02.2017";"Tähtajatu";"Jah";"Toitlustamine";""
"KTO021617";"Calle Estonia OÜ";"10964822";"01.02.2017";"Tähtajatu";"Jah";"Toitlustamine";""
"KTO021613";"Alumik Rest OÜ";"14193468";"01.02.2017";"Tähtajatu";"Jah";"Toitlustamine";""
"KTO021618";"EVIMBI Toitlustus OÜ";"14189165";"01.02.2017";"Tähtajatu";"Jah";"Toitlustamine";""
"KTO021614";"Mavik Restod OÜ";"14193764";"31.01.2017";"Tähtajatu";"Jah";"Toitlustamine";""
"KTO021612";"Kalaturg OÜ";"12877042";"31.01.2017";"Tähtajatu";"Jah";"Toitlustamine";""
"KTO021615";"City Yard Inn OÜ";"14191297";"31.01.2017";"Tähtajatu";"Jah";"Toitlustamine";""
"KTO021611";"Kollane Sibul OÜ";"14167867";"30.01.2017";"Tähtajatu";"Jah";"Toitlustamine";""
"KTO021606";"OÜ Firmaekspert";"10889302";"25.01.2017";"Tähtajatu";"Jah";"Toitlustamine";""
"KTO021605";"Kitchenroom OÜ";"14191707";"25.01.2017";"Tähtajatu";"Jah";"Toitlustamine";""
"KTO021602";"LIDO Mustamäe OÜ";"12732435";"24.01.2017";"Tähtajatu";"Jah";"Toitlustamine";""
"KTO021604";"osaühing Steffi TMT";"10140096";"24.01.2017";"Tähtajatu";"Jah";"Toitlustamine";""
"KTO021603";"Socond Mikepercs OÜ";"12974606";"24.01.2017";"Tähtajatu";"Jah";"Toitlustamine";""
"KTO021601";"Mokokchu Tsutapella OÜ";"12903345";"23.01.2017";"Tähtajatu";"Jah";"Toitlustamine";""
"KTO021599";"Restoran Narva Pärl OÜ";"14136625";"23.01.2017";"Tähtajatu";"Jah";"Toitlustamine";""
"KTO021598";"Osaühing Piiri Kalasaar";"12558492";"21.01.2017";"Tähtajatu";"Jah";"Toitlustamine";""
"KTO021595";"INDIA TOIT OÜ";"14092106";"19.01.2017";"Tähtajatu";"Jah";"Toitlustamine";""
"KTO021594";"Tänavagurmee OÜ";"14120067";"16.01.2017";"Tähtajatu";"Jah";"Toitlustamine";""
"KTO021593";"Shaurma Tallinn OÜ";"14158176";"14.01.2017";"Tähtajatu";"Jah";"Toitlustamine";""
"KTO021589";"OÜ Sparta";"12464041";"11.01.2017";"Tähtajatu";"Jah";"Toitlustamine";""
"KTO021586";"LUUMELK OÜ";"14101733";"06.01.2017";"Tähtajatu";"Jah";"Toitlustamine";""
"KTO021583";"Laugu Külalistemaja OÜ";"14156272";"05.01.2017";"Tähtajatu";"Jah";"Toitlustamine";""
"KTO021582";"Portsman OÜ";"14124332";"03.01.2017";"Tähtajatu";"Jah";"Toitlustamine";""
"KTO021580";"Seumiseu OÜ";"12667933";"03.01.2017";"Tähtajatu";"Jah";"Toitlustamine";""
"KTO021581";"OÜ Zunet";"12823155";"03.01.2017";"Tähtajatu";"Jah";"Toitlustamine";""
"KTO021578";"Taqueria OÜ";"14163645";"30.12.2016";"Tähtajatu";"Jah";"Toitlustamine";""
"KTO021577";"OÜ Chinar Group";"14163800";"27.12.2016";"Tähtajatu";"Jah";"Toitlustamine";""
"KTO021574";"RABASAKH OÜ";"14155491";"22.12.2016";"Tähtajatu";"Jah";"Toitlustamine";""
"KTO021573";"Meie Toitlustus OÜ";"14172940";"21.12.2016";"Tähtajatu";"Jah";"Toitlustamine";""
"KTO021572";"OÜ Plus Catering";"14139902";"21.12.2016";"Tähtajatu";"Jah";"Toitlustamine";""
"KTO021569";"Pagarikojad OÜ";"11938169";"15.12.2016";"Tähtajatu";"Jah";"Toitlustamine";""
"KTO021565";"Pervak OÜ";"12447605";"12.12.2016";"Tähtajatu";"Jah";"Toitlustamine";""
"KTO021564";"Greenfoods OÜ";"12759339";"12.12.2016";"Tähtajatu";"Jah";"Toitlustamine";""
"KTO021563";"Adrenal OÜ";"11433989";"11.12.2016";"Tähtajatu";"Jah";"Toitlustamine";""
"KTO021561";"Tamberias Punitu OÜ";"14100550";"08.12.2016";"Tähtajatu";"Jah";"Toitlustamine";""
"KTO021558";"Premier Restaurants Eesti OÜ";"10190065";"07.12.2016";"Tähtajatu";"Jah";"Toitlustamine";""
"KTO021554";"OÜ Ambassa Munshigany";"14047028";"05.12.2016";"Tähtajatu";"Jah";"Toitlustamine";""
"KTO021553";"Top Catering OÜ";"14074278";"04.12.2016";"Tähtajatu";"Jah";"Toitlustamine";""
"KTO021552";"Garlic&Ivanoff OÜ";"12380344";"03.12.2016";"Tähtajatu";"Jah";"Toitlustamine";""
"KTO021549";"Elvake OÜ";"14119041";"02.12.2016";"Tähtajatu";"Jah";"Toitlustamine";""
"KTO021548";"Liivalaia Kohvik OÜ";"14129269";"01.12.2016";"Tähtajatu";"Jah";"Toitlustamine";""
"KTO021546";"Mittetulundusühing Soesauna Talu";"80261654";"30.11.2016";"Tähtajatu";"Jah";"Toitlustamine";""
"KTO021543";"Osaühing Witafan";"11087530";"28.11.2016";"Tähtajatu";"Jah";"Toitlustamine";""
"KTO021540";"Meat OÜ";"12986399";"24.11.2016";"Tähtajatu";"Jah";"Toitlustamine";""
"KTO021541";"OÜ Püha Vitus";"14104281";"24.11.2016";"Tähtajatu";"Jah";"Toitlustamine";""
"KTO021539";"R2 SPA OÜ";"12961526";"24.11.2016";"Tähtajatu";"Jah";"Toitlustamine";""
"KTO021537";"OÜ Gurmeeklubi";"11579894";"23.11.2016";"Tähtajatu";"Jah";"Toitlustamine";""
"KTO021536";"Fruits Paradise OÜ";"12648462";"23.11.2016";"Tähtajatu";"Jah";"Toitlustamine";""
"KTO021533";"Sailing Estonia OÜ";"12059576";"21.11.2016";"Tähtajatu";"Jah";"Toitlustamine";""
"KTO021530";"Osaühing Päikseline catering";"14079175";"16.11.2016";"Tähtajatu";"Jah";"Toitlustamine";""
"KTO021528";"Kernu mõis OÜ";"14049240";"15.11.2016";"Tähtajatu";"Jah";"Toitlustamine";""
"KTO021494";"Sveta Baar OÜ";"14085939";"14.11.2016";"Tähtajatu";"Jah";"Toitlustamine";""
"KTO021525";"Toompuiestee OÜ";"12745981";"14.11.2016";"Tähtajatu";"Jah";"Toitlustamine";""
"KTO021526";"Tammepõllu OÜ";"14049518";"14.11.2016";"Tähtajatu";"Jah";"Toitlustamine";""
"KTO021503";"GLEE TEENUSED OÜ";"14138104";"14.11.2016";"Tähtajatu";"Jah";"Toitlustamine";""
"KTO021520";"SH Meelelahutus OÜ";"12603985";"09.11.2016";"Tähtajatu";"Jah";"Toitlustamine";""
"KTO021518";"Kohvimehed OÜ";"14125610";"07.11.2016";"Tähtajatu";"Jah";"Toitlustamine";""
"KTO021515";"Nordhouse Building centre OÜ";"14025765";"02.11.2016";"Tähtajatu";"Jah";"Toitlustamine";""
"KTO021510";"HYTT OÜ";"14109048";"31.10.2016";"Tähtajatu";"Jah";"Toitlustamine";""
"KTO021508";"Toidusõda OÜ";"14138127";"27.10.2016";"Tähtajatu";"Jah";"Toitlustamine";""
"KTO021506";"Toidulevi OÜ";"14036935";"26.10.2016";"Tähtajatu";"Jah";"Toitlustamine";""
"KTO021496";"SUSHI ART OÜ";"12893670";"20.10.2016";"Tähtajatu";"Jah";"Toitlustamine";""
"KTO021495";"Sohumi OÜ";"12895893";"20.10.2016";"Tähtajatu";"Jah";"Toitlustamine";""
"KTO021490";"OÜ Maius Grill";"14130120";"14.10.2016";"Tähtajatu";"Jah";"Toitlustamine";""
"KTO021489";"MESIMOKA OÜ";"14125641";"13.10.2016";"Tähtajatu";"Jah";"Toitlustamine";""
"KTO021488";"Asian Food OÜ";"12721472";"11.10.2016";"Tähtajatu";"Jah";"Toitlustamine";""
"KTO021486";"Vialuna OÜ";"14129447";"10.10.2016";"Tähtajatu";"Jah";"Toitlustamine";""
"KTO021482";"Ezo OÜ";"11469869";"10.10.2016";"Tähtajatu";"Jah";"Toitlustamine";""
"KTO021476";"Zucchini OÜ";"14043929";"09.10.2016";"Tähtajatu";"Jah";"Toitlustamine";""
"KTO021483";"Ruutu Äss OÜ";"14127419";"06.10.2016";"Tähtajatu";"Jah";"Toitlustamine";""
"KTO021481";"BBQ Entertainment OÜ";"12179337";"04.10.2016";"Tähtajatu";"Jah";"Toitlustamine";""
"KTO021480";"Pull Restoranid OÜ";"12944692";"04.10.2016";"Tähtajatu";"Jah";"Toitlustamine";""
"KTO021479";"Maarohi OÜ";"11421779";"03.10.2016";"Tähtajatu";"Jah";"Toitlustamine";""
"KTO021059";"IXF OÜ";"11947145";"01.10.2016";"Tähtajatu";"Jah";"Toitlustamine";""
"KTO021475";"OÜ Nailstar";"11659067";"29.09.2016";"Tähtajatu";"Jah";"Toitlustamine";""
"KTO021474";"OÜ Chocostick";"14024300";"29.09.2016";"Tähtajatu";"Jah";"Toitlustamine";""
"KTO021470";"RamRam OÜ";"14096363";"26.09.2016";"Tähtajatu";"Jah";"Toitlustamine";""
"KTO021466";"OÜ Delhi Gate";"12504777";"20.09.2016";"Tähtajatu";"Jah";"Toitlustamine";""
"KTO021465";"FS ESTONIA OÜ";"14102796";"18.09.2016";"Tähtajatu";"Jah";"Toitlustamine";""
"KTO021460";"Amalia OÜ";"14099315";"16.09.2016";"Tähtajatu";"Jah";"Toitlustamine";""
"KTO021464";"St. Patrick?s NM OÜ";"14114256";"16.09.2016";"Tähtajatu";"Jah";"Toitlustamine";""
"KTO021463";"St. Patrick?s RM OÜ";"14113653";"16.09.2016";"Tähtajatu";"Jah";"Toitlustamine";""
"KTO021462";"St. Patrick?s PI OÜ";"14114552";"16.09.2016";"Tähtajatu";"Jah";"Toitlustamine";""
"KTO021459";"Daily Grind OÜ";"12936250";"13.09.2016";"Tähtajatu";"Jah";"Toitlustamine";""
"KTO021453";"OÜ Nobenaps";"12855439";"06.09.2016";"Tähtajatu";"Jah";"Toitlustamine";""
"KTO021451";"OLEGRAND BALTIC OÜ";"12476021";"06.09.2016";"Tähtajatu";"Jah";"Toitlustamine";""
"KTO021452";"Davules OÜ";"14066801";"06.09.2016";"Tähtajatu";"Jah";"Toitlustamine";""
"KTO021447";"Pizzaprofid OÜ";"14037685";"05.09.2016";"Tähtajatu";"Jah";"Toitlustamine";""
"KTO021426";"Põhjasörk OÜ";"14081953";"05.09.2016";"Tähtajatu";"Jah";"Toitlustamine";""
"KTO021450";"Aktsiaselts Tuleleek";"10035318";"05.09.2016";"Tähtajatu";"Jah";"Toitlustamine";""
"KTO021448";"OÜ Tondi Pizza";"14070702";"05.09.2016";"Tähtajatu";"Jah";"Toitlustamine";""
"KTO021449";"Kalamaja Pizza OÜ";"14047838";"05.09.2016";"Tähtajatu";"Jah";"Toitlustamine";""
"KTO021445";"OÜ Meline";"12389635";"01.09.2016";"Tähtajatu";"Jah";"Toitlustamine";""
"KTO021443";"Jiuru Jhongdou OÜ";"14068763";"31.08.2016";"Tähtajatu";"Jah";"Toitlustamine";""
"KTO021441";"OÜ Nutitoit";"14065807";"31.08.2016";"Tähtajatu";"Jah";"Toitlustamine";""
"KTO021442";"Juggernaut OÜ";"12901398";"31.08.2016";"Tähtajatu";"Jah";"Toitlustamine";""
"KTO021439";"OÜ Scheeli Restoran";"14095487";"30.08.2016";"Tähtajatu";"Jah";"Toitlustamine";""
"KTO021436";"Animar Grupp OÜ";"12901837";"29.08.2016";"Tähtajatu";"Jah";"Toitlustamine";""
"KTO021431";"OÜ MERITUULI";"10482023";"26.08.2016";"Tähtajatu";"Jah";"Toitlustamine";""
"KTO021429";"Plaza Viimsi OÜ";"14060342";"24.08.2016";"Tähtajatu";"Jah";"Toitlustamine";""
"KTO021424";"Ö Invest OÜ";"12498560";"22.08.2016";"Tähtajatu";"Jah";"Toitlustamine";""
"KTO021425";"Gibson OÜ";"14061726";"22.08.2016";"Tähtajatu";"Jah";"Toitlustamine";""
"KTO021422";"Exomos Resto OÜ";"14073273";"18.08.2016";"Tähtajatu";"Jah";"Toitlustamine";""
"KTO021419";"Teeninduskvaliteet OÜ";"12846529";"17.08.2016";"Tähtajatu";"Jah";"Toitlustamine";""
"KTO021420";"Louna paike OÜ";"12790639";"17.08.2016";"Tähtajatu";"Jah";"Toitlustamine";""
"KTO021418";"Rataskaevu 16 OÜ";"12859414";"17.08.2016";"Tähtajatu";"Jah";"Toitlustamine";""
"KTO021415";"OÜ Hommiku Kohvik";"14010775";"16.08.2016";"Tähtajatu";"Jah";"Toitlustamine";""
"KTO021416";"Osaühing TruckExpress";"12532989";"16.08.2016";"Tähtajatu";"Jah";"Toitlustamine";""
"KTO021338";"Pidu&Söök OÜ";"12990344";"15.08.2016";"Tähtajatu";"Jah";"Toitlustamine";""
"KTO021412";"Nordic Cafes OÜ";"14095777";"12.08.2016";"Tähtajatu";"Jah";"Toitlustamine";""
"KTO021409";"Viktit OÜ";"14071357";"10.08.2016";"Tähtajatu";"Jah";"Toitlustamine";""
"KTO021407";"My City Hotel OÜ";"11984040";"10.08.2016";"Tähtajatu";"Jah";"Toitlustamine";""
"KTO021406";"MAMS MANAGEMENT OÜ";"14010284";"09.08.2016";"Tähtajatu";"Jah";"Toitlustamine";""
"KTO021405";"OÜ Kristan Grupp";"12780440";"08.08.2016";"Tähtajatu";"Jah";"Toitlustamine";""
"KTO021402";"Chillin OÜ";"12869134";"06.08.2016";"Tähtajatu";"Jah";"Toitlustamine";""
"KTO021401";"JUHA LINDSTRÖM";"11503649";"04.08.2016";"Tähtajatu";"Jah";"Toitlustamine";""
"KTO021395";"KAFFEE OÜ";"12927038";"03.08.2016";"Tähtajatu";"Jah";"Toitlustamine";""
"KTO021396";"Roosa Panter OÜ";"14087660";"03.08.2016";"Tähtajatu";"Jah";"Toitlustamine";""
"KTO021392";"4 Sisters OÜ";"12000361";"02.08.2016";"Tähtajatu";"Jah";"Toitlustamine";""
"KTO021390";"LAULURESTO OÜ";"12499921";"01.08.2016";"Tähtajatu";"Jah";"Toitlustamine";""
"KTO021389";"Mon Repos OÜ";"12667726";"01.08.2016";"Tähtajatu";"Jah";"Toitlustamine";""
"KTO021387";"mittetulundusühing Liivi Lahe Kalanduskogu";"80271115";"29.07.2016";"Tähtajatu";"Jah";"Toitlustamine";""
"KTO021382";"OÜ Gastro G";"14082390";"26.07.2016";"Tähtajatu";"Jah";"Toitlustamine";""
"KTO021380";"Ehtor OÜ";"10288373";"25.07.2016";"Tähtajatu";"Jah";"Toitlustamine";""
"KTO021378";"Brands Addicted OÜ";"14052791";"22.07.2016";"Tähtajatu";"Jah";"Toitlustamine";""
"KTO021376";"Patrick Anthony Noronha";"12761017";"21.07.2016";"Tähtajatu";"Jah";"Toitlustamine";""
"KTO021370";"BART ESTONIA OÜ";"14060098";"19.07.2016";"Tähtajatu";"Jah";"Toitlustamine";""
"KTO021363";"AMENDERO OSAÜHING";"11205780";"18.07.2016";"Tähtajatu";"Jah";"Toitlustamine";""
"KTO021361";"Väike Rootsi OÜ";"12786595";"17.07.2016";"Tähtajatu";"Jah";"Toitlustamine";""
"KTO021359";"StraightEight OÜ";"12238043";"17.07.2016";"Tähtajatu";"Jah";"Toitlustamine";""
"KTO021352";"Tehnoviiking OÜ";"14075024";"13.07.2016";"Tähtajatu";"Jah";"Toitlustamine";""
"KTO021351";"Shamrock Management OÜ";"14065279";"12.07.2016";"Tähtajatu";"Jah";"Toitlustamine";""
"KTO021349";"Eldest trade Osaühing";"12600811";"11.07.2016";"Tähtajatu";"Jah";"Toitlustamine";""
"KTO021347";"Kojak OÜ";"14074367";"09.07.2016";"Tähtajatu";"Jah";"Toitlustamine";""
"KTO021345";"OÜ Suay Thai";"12902995";"08.07.2016";"Tähtajatu";"Jah";"Toitlustamine";""
"KTO021343";"Kilp ja kirves OÜ";"14075830";"08.07.2016";"Tähtajatu";"Jah";"Toitlustamine";""
"KTO021339";"BKR OÜ";"12719469";"07.07.2016";"Tähtajatu";"Jah";"Toitlustamine";""
"KTO021340";"ViD TÜ";"11932333";"07.07.2016";"Tähtajatu";"Jah";"Toitlustamine";""
"KTO021332";"Heamaitse OÜ";"12974428";"04.07.2016";"Tähtajatu";"Jah";"Toitlustamine";""
"KTO021328";"Asian Fusion OÜ";"12862592";"04.07.2016";"Tähtajatu";"Jah";"Toitlustamine";""
"KTO021330";"PIKSA OÜ";"12670912";"04.07.2016";"Tähtajatu";"Jah";"Toitlustamine";""
"KTO021325";"OÜ JÄTSU";"14066824";"03.07.2016";"Tähtajatu";"Jah";"Toitlustamine";""
"KTO021322";"Osaühing Reeda Pagar";"11108901";"30.06.2016";"Tähtajatu";"Jah";"Toitlustamine";""
"KTO021315";"Öökulli Arvutisüsteemid OÜ";"14061057";"27.06.2016";"Tähtajatu";"Jah";"Toitlustamine";""
"KTO021317";"Sihtasutus Vaba Lava";"90003858";"27.06.2016";"Tähtajatu";"Jah";"Toitlustamine";""
"KTO021316";"OÜ Lydia Hotell";"14004970";"27.06.2016";"Tähtajatu";"Jah";"Toitlustamine";""
"KTO021310";"Veinipesa OÜ";"14068125";"22.06.2016";"Tähtajatu";"Jah";"Toitlustamine";""
"KTO021304";"Arosusi OÜ";"14066876";"21.06.2016";"Tähtajatu";"Jah";"Toitlustamine";""
"KTO021302";"Milaan OÜ";"12762554";"20.06.2016";"Tähtajatu";"Jah";"Toitlustamine";""
"KTO021297";"Tallinn Partner OÜ";"12527600";"20.06.2016";"Tähtajatu";"Jah";"Toitlustamine";""
"KTO021283";"Ropka Toit OÜ";"14054132";"20.06.2016";"Tähtajatu";"Jah";"Toitlustamine";""
"KTO021294";"Pakri Parun OÜ";"11359282";"19.06.2016";"Tähtajatu";"Jah";"Toitlustamine";""
"KTO021286";"Alley Cat OÜ";"11404195";"15.06.2016";"Tähtajatu";"Jah";"Toitlustamine";""
"KTO021284";"Rannakild OÜ";"12989430";"14.06.2016";"Tähtajatu";"Jah";"Toitlustamine";""
"KTO021282";"Desiree OÜ";"12864622";"13.06.2016";"Tähtajatu";"Jah";"Toitlustamine";""
"KTO021272";"OÜ KAETUD LAUAD";"11667303";"09.06.2016";"Tähtajatu";"Jah";"Toitlustamine";""
"KTO021269";"Vumba Nakisunga OÜ";"14000676";"08.06.2016";"Tähtajatu";"Jah";"Toitlustamine";""
"KTO021265";"BarMob OÜ";"14061330";"07.06.2016";"07.07.2026";"Jah";"Toitlustamine";""
"KTO021267";"Starlight Export OÜ";"12583461";"07.06.2016";"Tähtajatu";"Jah";"Toitlustamine";""
"KTO021263";"Osaühing Kodade";"11092560";"06.06.2016";"Tähtajatu";"Jah";"Toitlustamine";""
"KTO021259";"Osaühing Raaret";"10122253";"06.06.2016";"Tähtajatu";"Jah";"Toitlustamine";""
"KTO021256";"AmonaPearl OÜ";"14015943";"05.06.2016";"Tähtajatu";"Jah";"Toitlustamine";""
"KTO021254";"Cityrak OÜ";"12415410";"03.06.2016";"Tähtajatu";"Jah";"Toitlustamine";""
"KTO021251";"Rommel Catering OÜ";"12678960";"02.06.2016";"Tähtajatu";"Jah";"Toitlustamine";""
"KTO021245";"OÜ Wine Way";"11529652";"01.06.2016";"Tähtajatu";"Jah";"Toitlustamine";""
"KTO021167";"Surfama OÜ";"12661853";"01.06.2016";"Tähtajatu";"Jah";"Toitlustamine";""
"KTO021248";"OÜ MEDANO PLUS";"11678716";"01.06.2016";"Tähtajatu";"Jah";"Toitlustamine";""
"KTO021241";"Irma N-Jõesuu Osaühing";"12862646";"31.05.2016";"Tähtajatu";"Jah";"Toitlustamine";""
"KTO021237";"Gelato Ladies OÜ";"12980340";"30.05.2016";"Tähtajatu";"Jah";"Toitlustamine";""
"KTO021239";"OÜ OptimaLine";"12983545";"30.05.2016";"Tähtajatu";"Jah";"Toitlustamine";""
"KTO021234";"OÜ Ketemar";"14042580";"30.05.2016";"Tähtajatu";"Jah";"Toitlustamine";""
"KTO021238";"Zangezur Restoran OÜ";"12977119";"30.05.2016";"Tähtajatu";"Jah";"Toitlustamine";""
"KTO021235";"Londiste OÜ";"12496199";"30.05.2016";"Tähtajatu";"Jah";"Toitlustamine";""
"KTO021231";"Rahu Armastus & Hea Toit OÜ";"11711112";"27.05.2016";"Tähtajatu";"Jah";"Toitlustamine";""
"KTO021228";"OÜ Hiiu Gruuv";"14034480";"26.05.2016";"Tähtajatu";"Jah";"Toitlustamine";""
"KTO021226";"ODGOVARA SHABLI OÜ";"14045182";"25.05.2016";"Tähtajatu";"Jah";"Toitlustamine";""
"KTO021221";"RäppinGrill OÜ";"14047057";"24.05.2016";"Tähtajatu";"Jah";"Toitlustamine";""
"KTO021220";"MERKATUS GRUPP OÜ";"12984409";"24.05.2016";"Tähtajatu";"Jah";"Toitlustamine";""
"KTO021222";"Piano Tartu OÜ";"12817841";"24.05.2016";"Tähtajatu";"Jah";"Toitlustamine";""
"KTO021109";"Aegna Teenused OÜ";"12576900";"21.05.2016";"Tähtajatu";"Jah";"Toitlustamine";""
"KTO021215";"Priileib OÜ";"12863172";"21.05.2016";"Tähtajatu";"Jah";"Toitlustamine";""
"KTO021213";"Favoriit Köök OÜ";"12856574";"20.05.2016";"Tähtajatu";"Jah";"Toitlustamine";""
"KTO021214";"Sailorsvet OÜ";"12961822";"20.05.2016";"Tähtajatu";"Jah";"Toitlustamine";""
"KTO021210";"Sloor OÜ";"12116340";"20.05.2016";"Tähtajatu";"Jah";"Toitlustamine";""
"KTO021208";"VAFCO OÜ";"14041474";"19.05.2016";"Tähtajatu";"Jah";"Toitlustamine";""
"KTO021205";"Saksa Haus OÜ";"12656645";"17.05.2016";"Tähtajatu";"Jah";"Toitlustamine";""
"KTO021206";"OÜ KALLE MARMOR TRANSPORT";"11374442";"17.05.2016";"Tähtajatu";"Jah";"Toitlustamine";""
"KTO021204";"V SpaaHotell OÜ";"12850301";"17.05.2016";"Tähtajatu";"Jah";"Toitlustamine";""
"KTO021198";"Masirk OÜ";"14043355";"16.05.2016";"Tähtajatu";"Jah";"Toitlustamine";""
"KTO021195";"OÜ Karlova Kohv";"12904095";"16.05.2016";"Tähtajatu";"Jah";"Toitlustamine";""
"KTO021194";"Lande Grillikoda OÜ";"11349125";"16.05.2016";"Tähtajatu";"Jah";"Toitlustamine";""
"KTO021190";"Orjaku Külaselts";"80241870";"12.05.2016";"Tähtajatu";"Jah";"Toitlustamine";""
"KTO021191";"Golik Inpro Group OÜ";"14011237";"12.05.2016";"Tähtajatu";"Jah";"Toitlustamine";""
"KTO021183";"Tiivad Ratastel OÜ";"14021030";"11.05.2016";"Tähtajatu";"Jah";"Toitlustamine";""
"KTO021184";"Ungrumaja OÜ";"12900140";"11.05.2016";"Tähtajatu";"Jah";"Toitlustamine";""
"KTO021181";"Def Invest OÜ";"14044432";"10.05.2016";"Tähtajatu";"Jah";"Toitlustamine";""
"KTO021179";"Bastet OÜ";"11615727";"10.05.2016";"Tähtajatu";"Jah";"Toitlustamine";""
"KTO021178";"West Road Trucking OÜ";"12569395";"09.05.2016";"Tähtajatu";"Jah";"Toitlustamine";""
"KTO021176";"VIIKSUR OÜ";"11979441";"07.05.2016";"31.12.2032";"Jah";"Toitlustamine";""
"KTO021170";"MAJUTUS OÜ";"11505890";"04.05.2016";"Tähtajatu";"Jah";"Toitlustamine";""
"KTO021169";"7ürti OÜ";"14027876";"04.05.2016";"Tähtajatu";"Jah";"Toitlustamine";""
"KTO021161";"Luluba Mandubulu OÜ";"12974188";"02.05.2016";"Tähtajatu";"Jah";"Toitlustamine";""
"KTO021087";"Munajala OÜ";"14013130";"02.05.2016";"Tähtajatu";"Jah";"Toitlustamine";""
"KTO021162";"Vanakubja OÜ";"12988838";"02.05.2016";"Tähtajatu";"Jah";"Toitlustamine";""
"KTO021158";"Miopitsa OÜ";"12860379";"29.04.2016";"Tähtajatu";"Jah";"Toitlustamine";""
"KTO021159";"RALENTOR OÜ";"12183425";"29.04.2016";"Tähtajatu";"Jah";"Toitlustamine";""
"KTO021154";"Osaühing Fortuna Travel";"10591404";"28.04.2016";"Tähtajatu";"Jah";"Toitlustamine";""
"KTO021156";"OÜ PISI";"12886641";"28.04.2016";"Tähtajatu";"Jah";"Toitlustamine";""
"KTO021148";"Spassky OÜ";"12820180";"26.04.2016";"Tähtajatu";"Jah";"Toitlustamine";""
"KTO021146";"Ülejõe OÜ";"14030418";"26.04.2016";"Tähtajatu";"Jah";"Toitlustamine";""
"KTO021144";"A2 GRUPP OÜ";"12627112";"25.04.2016";"Tähtajatu";"Jah";"Toitlustamine";""
"KTO021141";"Fresh Kohvik OÜ";"14006911";"22.04.2016";"Tähtajatu";"Jah";"Toitlustamine";""
"KTO021138";"Efim OÜ";"12983290";"21.04.2016";"Tähtajatu";"Jah";"Toitlustamine";""
"KTO021134";"Bioworld OÜ";"11340934";"19.04.2016";"Tähtajatu";"Jah";"Toitlustamine";""
"KTO021130";"OÜ Paunküla Heaolukeskus";"12829962";"16.04.2016";"Tähtajatu";"Jah";"Toitlustamine";""
"KTO021128";"OÜ VIINAMÄRDI HALDUS";"10945167";"14.04.2016";"Tähtajatu";"Jah";"Toitlustamine";""
"KTO021129";"VM Halduse OÜ";"12956548";"14.04.2016";"Tähtajatu";"Jah";"Toitlustamine";""
"KTO021127";"Mussoon Meedia OÜ";"12481743";"13.04.2016";"Tähtajatu";"Jah";"Toitlustamine";""
"KTO021122";"Vileburoksem E OÜ";"12617881";"12.04.2016";"Tähtajatu";"Jah";"Toitlustamine";""
"KTO021125";"KRIM Grupp OÜ";"14018073";"12.04.2016";"Tähtajatu";"Jah";"Toitlustamine";""
"KTO021124";"K1R OÜ";"12881537";"12.04.2016";"Tähtajatu";"Jah";"Toitlustamine";""
"KTO021113";"Kodu Rand OÜ";"12960521";"06.04.2016";"Tähtajatu";"Jah";"Toitlustamine";""
"KTO021107";"GO TREND OÜ";"12320661";"04.04.2016";"Tähtajatu";"Jah";"Toitlustamine";""
"KTO021106";"OÜ Realfood";"12410826";"02.04.2016";"Tähtajatu";"Jah";"Toitlustamine";""
"KTO021104";"3ST OÜ";"12830534";"01.04.2016";"Tähtajatu";"Jah";"Toitlustamine";""
"KTO021103";"OÜ ML Entertainment";"14021537";"31.03.2016";"Tähtajatu";"Jah";"Toitlustamine";""
"KTO021102";"LUHTRE TURISMITALU OÜ";"11082834";"31.03.2016";"Tähtajatu";"Jah";"Toitlustamine";""
"KTO021100";"Luxhome OÜ";"12714207";"30.03.2016";"Tähtajatu";"Jah";"Toitlustamine";""
"KTO021099";"Kakumäe Toitlustus OÜ";"14008376";"29.03.2016";"Tähtajatu";"Jah";"Toitlustamine";""
"KTO021096";"Mycafe OÜ";"12817284";"27.03.2016";"Tähtajatu";"Jah";"Toitlustamine";""
"KTO021091";"OÜ Saare Hotell";"12972464";"23.03.2016";"Tähtajatu";"Jah";"Toitlustamine";""
"KTO021092";"Osaühing Hankasport";"10022681";"23.03.2016";"Tähtajatu";"Jah";"Toitlustamine";""
"KTO021086";"Fort Aero OÜ";"11396722";"21.03.2016";"Tähtajatu";"Jah";"Toitlustamine";""
"KTO021084";"Antur Grupp OÜ";"12886003";"18.03.2016";"Tähtajatu";"Jah";"Toitlustamine";""
"KTO021083";"Valge Karussell OÜ";"12890938";"18.03.2016";"Tähtajatu";"Jah";"Toitlustamine";""
"KTO021082";"Kollane Karussell OÜ";"12922012";"18.03.2016";"Tähtajatu";"Jah";"Toitlustamine";""
"KTO021052";"Curry OÜ";"12976367";"15.03.2016";"Tähtajatu";"Jah";"Toitlustamine";""
"KTO021079";"OÜ Anmand";"12776319";"13.03.2016";"Tähtajatu";"Jah";"Toitlustamine";""
"KTO021077";"Iliotech Group OÜ";"11418273";"11.03.2016";"Tähtajatu";"Jah";"Toitlustamine";""
"KTO021073";"OÜ Mogotel Estonia";"14004036";"09.03.2016";"Tähtajatu";"Jah";"Toitlustamine";""
"KTO021071";"Mittetulundusühing EMSI";"80276271";"08.03.2016";"Tähtajatu";"Jah";"Toitlustamine";""
"KTO021068";"VilSport Klubi";"80382754";"02.03.2016";"Tähtajatu";"Jah";"Toitlustamine";""
"KTO021070";"Tori Kodu OÜ";"12437179";"02.03.2016";"Tähtajatu";"Jah";"Toitlustamine";""
"KTO021055";"Täht OÜ";"12390839";"25.02.2016";"Tähtajatu";"Jah";"Toitlustamine";""
"KTO021050";"Zinaida VOROBJOVA";"10632741";"22.02.2016";"Tähtajatu";"Jah";"Toitlustamine";""
"KTO021051";"Osaühing Mare Catering";"11310376";"22.02.2016";"Tähtajatu";"Jah";"Toitlustamine";""
"KTO021048";"ABalancedSelf OÜ";"12463751";"20.02.2016";"Tähtajatu";"Jah";"Toitlustamine";""
"KTO021047";"Bilzag OÜ";"12975994";"17.02.2016";"Tähtajatu";"Jah";"Toitlustamine";""
"KTO021046";"OÜ Acubens TS";"12993590";"15.02.2016";"Tähtajatu";"Jah";"Toitlustamine";""
"KTO021044";"Rolana OÜ";"12993992";"15.02.2016";"Tähtajatu";"Jah";"Toitlustamine";""
"KTO021027";"Inabere Tokunboh OÜ";"12940406";"06.02.2016";"Tähtajatu";"Jah";"Toitlustamine";""
"KTO021039";"Fukuoka Style OÜ";"12986880";"05.02.2016";"Tähtajatu";"Jah";"Toitlustamine";""
"KTO021022";"Natalja Duda";"12976700";"05.02.2016";"Tähtajatu";"Jah";"Toitlustamine";""
"KTO021037";"Konteinerkohvik OÜ";"12650364";"05.02.2016";"Tähtajatu";"Jah";"Toitlustamine";""
"KTO021036";"E-Garant OÜ";"12802963";"02.02.2016";"Tähtajatu";"Jah";"Toitlustamine";""
"KTO021035";"GS SERVICE OÜ";"12459502";"02.02.2016";"Tähtajatu";"Jah";"Toitlustamine";""
"KTO021033";"Ring Kuubis OÜ";"12855764";"02.02.2016";"Tähtajatu";"Jah";"Toitlustamine";""
"KTO021031";"TaevaniMaani OÜ";"12953030";"30.01.2016";"Tähtajatu";"Jah";"Toitlustamine";""
"KTO021029";"TEKvara Holding OÜ";"12960219";"27.01.2016";"Tähtajatu";"Jah";"Toitlustamine";""
"KTO021026";"OÜ Grillar";"12956293";"26.01.2016";"Tähtajatu";"Jah";"Toitlustamine";""
"KTO021014";"Coffe Caroline OÜ";"11110890";"18.01.2016";"Tähtajatu";"Jah";"Toitlustamine";""
"KTO021015";"Meso OÜ";"12835974";"14.01.2016";"Tähtajatu";"Jah";"Toitlustamine";""
"KTO021012";"OÜ RAAMATUREAD";"12958435";"11.01.2016";"Tähtajatu";"Jah";"Toitlustamine";""
"KTO021011";"Vanalinna Baari Teenused OÜ";"12500771";"08.01.2016";"Tähtajatu";"Jah";"Toitlustamine";""
"KTO020983";"Kauges Külas OÜ";"12917034";"01.01.2016";"Tähtajatu";"Jah";"Toitlustamine";""
"KTO021006";"Narciss OÜ";"12968310";"29.12.2015";"Tähtajatu";"Jah";"Toitlustamine";""
"KTO021004";"Hotell Wesset OÜ";"12956927";"23.12.2015";"Tähtajatu";"Jah";"Toitlustamine";""
"KTO020999";"Ildirim OÜ";"12944982";"21.12.2015";"Tähtajatu";"Jah";"Toitlustamine";""
"KTO021000";"OÜ Reimark";"12906349";"21.12.2015";"Tähtajatu";"Jah";"Toitlustamine";""
"KTO020997";"OÜ RAUDNA MF";"11029633";"16.12.2015";"Tähtajatu";"Jah";"Toitlustamine";""
"KTO020998";"Viking Line Abp Eesti filiaal";"12960248";"16.12.2015";"Tähtajatu";"Jah";"Toitlustamine";""
"KTO020995";"Osaühing Maurellis";"10453978";"15.12.2015";"Tähtajatu";"Jah";"Toitlustamine";""
"KTO020992";"HAVEEDIA OÜ";"12869813";"11.12.2015";"Tähtajatu";"Jah";"Toitlustamine";""
"KTO020991";"Cuce-Camp OÜ";"11374258";"10.12.2015";"Tähtajatu";"Jah";"Toitlustamine";""
"KTO020989";"Koopakass OÜ";"10941471";"07.12.2015";"Tähtajatu";"Jah";"Toitlustamine";""
"KTO020990";"Chocokoo OÜ";"12851789";"07.12.2015";"Tähtajatu";"Jah";"Toitlustamine";""
"KTO020978";"Pühajärve Grill OÜ";"12483989";"21.11.2015";"Tähtajatu";"Jah";"Toitlustamine";""
"KTO020977";"RoyalGrad OÜ";"12830925";"20.11.2015";"Tähtajatu";"Jah";"Toitlustamine";""
"KTO020976";"HOLLENGAR OÜ";"12896065";"20.11.2015";"Tähtajatu";"Jah";"Toitlustamine";""
"KTO020973";"IceBox OÜ";"12260373";"18.11.2015";"Tähtajatu";"Jah";"Toitlustamine";""
"KTO020970";"Osaühing A-ENTIMA";"10204459";"17.11.2015";"Tähtajatu";"Jah";"Toitlustamine";""
"KTO020966";"Georgi Hotell OÜ";"12537840";"12.11.2015";"Tähtajatu";"Jah";"Toitlustamine";""
"KTO020964";"osaühing Aljonas";"11460443";"11.11.2015";"Tähtajatu";"Jah";"Toitlustamine";""
"KTO020961";"OÜ Meie Teeme Ise";"12843235";"09.11.2015";"Tähtajatu";"Jah";"Toitlustamine";""
"KTO020955";"Aparaadiruum OÜ";"12820837";"03.11.2015";"Tähtajatu";"Jah";"Toitlustamine";""
"KTO020951";"Osaühing VIP Shop";"11452320";"29.10.2015";"Tähtajatu";"Jah";"Toitlustamine";""
"KTO020949";"Valmaks Grupp OÜ";"11978602";"28.10.2015";"Tähtajatu";"Jah";"Toitlustamine";""
"KTO020947";"Kirsikoda OÜ";"12859905";"27.10.2015";"Tähtajatu";"Jah";"Toitlustamine";""
"KTO020943";"Barlova OÜ";"12926814";"20.10.2015";"Tähtajatu";"Jah";"Toitlustamine";""
"KTO020936";"Osaühing Estrelita";"10481466";"15.10.2015";"Tähtajatu";"Jah";"Toitlustamine";""
"KTO020935";"DARK Group Invest OÜ";"12886813";"14.10.2015";"Tähtajatu";"Jah";"Toitlustamine";""
"KTO020934";"Hea Õhtu OÜ";"12913510";"12.10.2015";"Tähtajatu";"Jah";"Toitlustamine";""
"KTO020931";"ITALBALTICA OÜ";"11361847";"08.10.2015";"Tähtajatu";"Jah";"Toitlustamine";""
"KTO020929";"ART5 Spirits OÜ";"12926317";"07.10.2015";"Tähtajatu";"Jah";"Toitlustamine";""
"KTO020928";"Osaühing Mandra Kaubandus";"11700999";"06.10.2015";"Tähtajatu";"Jah";"Toitlustamine";""
"KTO020909";"GoGarant OÜ";"12767379";"05.10.2015";"Tähtajatu";"Jah";"Toitlustamine";""
"KTO020925";"Skeletor OÜ";"12912551";"30.09.2015";"Tähtajatu";"Jah";"Toitlustamine";""
"KTO020919";"OÜ PRP Puhkus";"11027509";"24.09.2015";"Tähtajatu";"Jah";"Toitlustamine";""
"KTO020911";"Riesenberg OÜ";"12261792";"15.09.2015";"Tähtajatu";"Jah";"Toitlustamine";""
"KTO020905";"Sihtasutus Ugala Teater";"90008005";"10.09.2015";"Tähtajatu";"Jah";"Toitlustamine";""
"KTO020901";"Jurvik OÜ";"12892771";"08.09.2015";"Tähtajatu";"Jah";"Toitlustamine";""
"KTO020902";"Maitseained OÜ";"12863663";"07.09.2015";"Tähtajatu";"Jah";"Toitlustamine";""
"KTO020898";"Vek333 OÜ";"12864668";"03.09.2015";"Tähtajatu";"Jah";"Toitlustamine";""
"KTO020892";"Kolm ja pool Pirni OÜ";"12896496";"01.09.2015";"Tähtajatu";"Jah";"Toitlustamine";""
"KTO020895";"OÜ Lustikummut";"12895829";"01.09.2015";"Tähtajatu";"Jah";"Toitlustamine";""
"KTO020896";"Osaühing Kaubavarustus St. MAR";"10219509";"01.09.2015";"Tähtajatu";"Jah";"Toitlustamine";""
"KTO020873";"Creperie & Pisco OÜ";"12892432";"01.09.2015";"Tähtajatu";"Jah";"Toitlustamine";""
"KTO020891";"LML Production OÜ";"11682020";"31.08.2015";"Tähtajatu";"Jah";"Toitlustamine";""
"KTO020889";"Taevaprojekt OÜ";"12892765";"31.08.2015";"Tähtajatu";"Jah";"Toitlustamine";""
"KTO020886";"osaühing Robinia";"10694699";"27.08.2015";"Tähtajatu";"Jah";"Toitlustamine";""
"KTO020883";"Maitsemaa OÜ";"12337911";"18.08.2015";"Tähtajatu";"Jah";"Toitlustamine";""
"KTO020878";"Le Vignoble OÜ";"12805499";"17.08.2015";"Tähtajatu";"Jah";"Toitlustamine";""
"KTO020877";"Kohvik Ave OÜ";"12861262";"17.08.2015";"Tähtajatu";"Jah";"Toitlustamine";""
"KTO020872";"OSAÜHING ARAZ MARKET";"10680556";"13.08.2015";"Tähtajatu";"Jah";"Toitlustamine";""
"KTO020871";"Ismavik OÜ";"11939772";"12.08.2015";"Tähtajatu";"Jah";"Toitlustamine";""
"KTO020848";"RONGAR OÜ";"12870054";"10.08.2015";"Tähtajatu";"Jah";"Toitlustamine";""
"KTO020867";"Saareton OÜ";"12861894";"10.08.2015";"Tähtajatu";"Jah";"Toitlustamine";""
"KTO020862";"Tallinna Veekeskus Vesikaru OÜ";"12667301";"07.08.2015";"Tähtajatu";"Jah";"Toitlustamine";""
"KTO020859";"Home Catering OÜ";"12583805";"05.08.2015";"Tähtajatu";"Jah";"Toitlustamine";""
"KTO020857";"TREWE NATURALS OÜ";"12163397";"05.08.2015";"Tähtajatu";"Jah";"Toitlustamine";""
"KTO020854";"OÜ MERITEL";"12547985";"02.08.2015";"02.08.2035";"Jah";"Toitlustamine";""
"KTO020852";"Apollo Kohvikud OÜ";"12387317";"31.07.2015";"Tähtajatu";"Jah";"Toitlustamine";""
"KTO020849";"Glooren OÜ";"12698483";"29.07.2015";"Tähtajatu";"Jah";"Toitlustamine";""
"KTO020843";"Alzur City OÜ";"12861670";"23.07.2015";"Tähtajatu";"Jah";"Toitlustamine";""
"KTO020838";"Kalarand OÜ";"12166639";"22.07.2015";"Tähtajatu";"Jah";"Toitlustamine";""
"KTO020839";"San Antonio Ribs OÜ";"12765073";"22.07.2015";"Tähtajatu";"Jah";"Toitlustamine";""
"KTO020835";"Vintage Catering OÜ";"12878908";"21.07.2015";"Tähtajatu";"Jah";"Toitlustamine";""
"KTO020830";"Osaühing Aramis";"10370258";"20.07.2015";"Tähtajatu";"Jah";"Toitlustamine";""
"KTO020824";"Georgian Kitchen ''Gruusia'' OÜ";"12803661";"17.07.2015";"Tähtajatu";"Jah";"Toitlustamine";""
"KTO020825";"Derhamn OÜ";"12134852";"17.07.2015";"Tähtajatu";"Jah";"Toitlustamine";""
"KTO020826";"MER restaurants OÜ";"12878771";"17.07.2015";"Tähtajatu";"Jah";"Toitlustamine";""
"KTO020819";"OÜ Kukesaba";"12466465";"15.07.2015";"Tähtajatu";"Jah";"Toitlustamine";""
"KTO020817";"OÜ VÄLGI PUHKEMAJAD";"11706619";"13.07.2015";"Tähtajatu";"Jah";"Toitlustamine";""
"KTO020818";"Vermuteria OÜ";"12752478";"13.07.2015";"Tähtajatu";"Jah";"Toitlustamine";""
"KTO020816";"OÜ Woodlogers";"12149109";"13.07.2015";"Tähtajatu";"Jah";"Toitlustamine";""
"KTO020810";"mittetulundusühing EMAJÕE LODJASELTS";"80200279";"09.07.2015";"Tähtajatu";"Jah";"Toitlustamine";""
"KTO020805";"MyKasta OÜ";"12839819";"08.07.2015";"Tähtajatu";"Jah";"Toitlustamine";""
"KTO020802";"TinyFish OÜ";"12812803";"08.07.2015";"Tähtajatu";"Jah";"Toitlustamine";""
"KTO020804";"OSAÜHING RUSSTRAH";"11131395";"08.07.2015";"Tähtajatu";"Jah";"Toitlustamine";""
"KTO020795";"Oksana Serdjuk";"12099535";"03.07.2015";"Tähtajatu";"Jah";"Toitlustamine";""
"KTO020739";"Munchers OÜ";"11991270";"01.07.2015";"Tähtajatu";"Jah";"Toitlustamine";""
"KTO020767";"PIRET SAALISTE";"11636959";"19.06.2015";"Tähtajatu";"Jah";"Toitlustamine";""
"KTO020765";"Margot OÜ";"12824723";"19.06.2015";"Tähtajatu";"Jah";"Toitlustamine";""
"KTO020766";"Kohvik Kalambuur OÜ";"12838754";"19.06.2015";"Tähtajatu";"Jah";"Toitlustamine";""
"KTO020678";"VirxGrill & Catering OÜ";"12752917";"18.06.2015";"Tähtajatu";"Jah";"Toitlustamine";""
"KTO020749";"Marje Kangro ""Vahtrasalu kohvik""";"12841147";"16.06.2015";"Tähtajatu";"Jah";"Toitlustamine";""
"KTO020748";"Wana & K OÜ";"12852464";"16.06.2015";"Tähtajatu";"Jah";"Toitlustamine";""
"KTO020737";"Rax Invest OÜ";"12751616";"15.06.2015";"Tähtajatu";"Jah";"Toitlustamine";""
"KTO020734";"OÜ Mami Mek";"11969359";"13.06.2015";"Tähtajatu";"Jah";"Toitlustamine";""
"KTO020733";"Dissident OÜ";"12751622";"13.06.2015";"Tähtajatu";"Jah";"Toitlustamine";""
"KTO020731";"OÜ 2 Kokteili";"12143638";"11.06.2015";"Tähtajatu";"Jah";"Toitlustamine";""
"KTO020727";"Maa&Meri OÜ";"12822782";"10.06.2015";"Tähtajatu";"Jah";"Toitlustamine";""
"KTO020725";"ArtMar OÜ";"12826231";"10.06.2015";"Tähtajatu";"Jah";"Toitlustamine";""
"KTO020726";"Neli tuba OÜ";"12634402";"10.06.2015";"Tähtajatu";"Jah";"Toitlustamine";""
"KTO020714";"OÜ Fortnoks";"12849835";"03.06.2015";"Tähtajatu";"Jah";"Toitlustamine";""
"KTO020715";"Sushi Ekspert OÜ";"12464992";"03.06.2015";"Tähtajatu";"Jah";"Toitlustamine";""
"KTO020710";"Rannarestoran OÜ";"12170813";"02.06.2015";"Tähtajatu";"Jah";"Toitlustamine";""
"KTO020640";"Tassike Teed OÜ";"12836583";"01.06.2015";"Tähtajatu";"Jah";"Toitlustamine";""
"KTO020703";"OÜ KS Kaivis";"12251828";"01.06.2015";"Tähtajatu";"Jah";"Toitlustamine";""
"KTO020706";"OLTAN TOITLUSTUS OÜ";"12691720";"01.06.2015";"Tähtajatu";"Jah";"Toitlustamine";""
"KTO020705";"Britvare OÜ";"12846699";"01.06.2015";"Tähtajatu";"Jah";"Toitlustamine";""
"KTO020683";"FractionalMuuv OÜ";"10761823";"01.06.2015";"Tähtajatu";"Jah";"Toitlustamine";""
"KTO020707";"Hea Maa OÜ";"12810419";"01.06.2015";"Tähtajatu";"Jah";"Toitlustamine";""
"KTO020697";"Intaur OÜ";"12842265";"27.05.2015";"Tähtajatu";"Jah";"Toitlustamine";""
"KTO020694";"Ristorante OÜ";"12176559";"26.05.2015";"Tähtajatu";"Jah";"Toitlustamine";""
"KTO020696";"Twinport OÜ";"12731163";"26.05.2015";"Tähtajatu";"Jah";"Toitlustamine";""
"KTO020687";"Spumante OÜ";"12771748";"26.05.2015";"Tähtajatu";"Jah";"Toitlustamine";""
"KTO020692";"Kreuks OÜ";"12854925";"25.05.2015";"Tähtajatu";"Jah";"Toitlustamine";""
"KTO020681";"Embrace OÜ";"12472804";"20.05.2015";"Tähtajatu";"Jah";"Toitlustamine";""
"KTO020684";"Ertaken OÜ";"12307376";"20.05.2015";"Tähtajatu";"Jah";"Toitlustamine";""
"KTO020676";"Chocolala OÜ";"12536852";"18.05.2015";"Tähtajatu";"Jah";"Toitlustamine";""
"KTO020674";"KK Operatsioonide OÜ";"12741925";"15.05.2015";"Tähtajatu";"Jah";"Toitlustamine";""
"KTO020667";"Magus OÜ";"12791478";"15.05.2015";"Tähtajatu";"Jah";"Toitlustamine";""
"KTO020647";"Jalopex OÜ";"12816971";"15.05.2015";"Tähtajatu";"Jah";"Toitlustamine";""
"KTO020642";"Art Priori OÜ";"12753756";"15.05.2015";"Tähtajatu";"Jah";"Toitlustamine";""
"KTO020670";"SCAR GROUP OÜ";"12678782";"13.05.2015";"Tähtajatu";"Jah";"Toitlustamine";""
"KTO020662";"Helanel OÜ";"12845079";"08.05.2015";"Tähtajatu";"Jah";"Toitlustamine";""
"KTO020660";"Saiapuru OÜ";"12704657";"08.05.2015";"Tähtajatu";"Jah";"Toitlustamine";""
"KTO020636";"Sihtasutus THEATRUM";"90008956";"04.05.2015";"Tähtajatu";"Jah";"Toitlustamine";""
"KTO020655";"SINIALLIKA TRAHTER OÜ";"10714835";"04.05.2015";"Tähtajatu";"Jah";"Toitlustamine";""
"KTO020653";"OÜ Aneira";"12837499";"02.05.2015";"Tähtajatu";"Jah";"Toitlustamine";""
"KTO020652";"OÜ Södervik";"11363036";"01.05.2015";"Tähtajatu";"Jah";"Toitlustamine";""
"KTO020635";"OÜ Levier";"12707851";"01.05.2015";"Tähtajatu";"Jah";"Toitlustamine";""
"KTO020651";"Trendvision OÜ";"12740156";"30.04.2015";"Tähtajatu";"Jah";"Toitlustamine";""
"KTO020649";"OÜ Grus";"12555200";"29.04.2015";"Tähtajatu";"Jah";"Toitlustamine";""
"KTO020643";"Grenka OÜ";"12742913";"29.04.2015";"Tähtajatu";"Jah";"Toitlustamine";""
"KTO020639";"osaühing VEKRI";"10220079";"28.04.2015";"Tähtajatu";"Jah";"Toitlustamine";""
"KTO020605";"Laulasmaa Kohvik OÜ";"12764783";"27.04.2015";"Tähtajatu";"Jah";"Toitlustamine";""
"KTO020633";"Naissaare Kohvik OÜ";"12828327";"27.04.2015";"Tähtajatu";"Jah";"Toitlustamine";""
"KTO020631";"Osaühing Kebab King";"10280377";"24.04.2015";"Tähtajatu";"Jah";"Toitlustamine";""
"KTO020617";"Herman OÜ";"12818125";"24.04.2015";"Tähtajatu";"Jah";"Toitlustamine";""
"KTO020622";"Viinistu Kultuuri-ja konverentsikeskus OÜ";"12457696";"17.04.2015";"Tähtajatu";"Jah";"Toitlustamine";""
"KTO020623";"Rokefre OÜ";"12439994";"17.04.2015";"Tähtajatu";"Jah";"Toitlustamine";""
"KTO020625";"Kuulsaal OÜ";"12819337";"17.04.2015";"Tähtajatu";"Jah";"Toitlustamine";""
"KTO020618";"OÜ Põhjala Retail";"12717499";"15.04.2015";"Tähtajatu";"Jah";"Toitlustamine";""
"KTO020612";"Aktsiaselts White Beach Development";"10816814";"13.04.2015";"Tähtajatu";"Jah";"Toitlustamine";""
"KTO020611";"Restoranimaailm OÜ";"12390271";"12.04.2015";"Tähtajatu";"Jah";"Toitlustamine";""
"KTO020609";"osaühing Fartel Külalistemaja";"11000658";"10.04.2015";"Tähtajatu";"Jah";"Toitlustamine";""
"KTO020604";"AZEST TRAVEL OÜ";"12502505";"08.04.2015";"Tähtajatu";"Jah";"Toitlustamine";""
"KTO020599";"Osaühing Lahe Maja";"10996710";"07.04.2015";"Tähtajatu";"Jah";"Toitlustamine";""
"KTO020597";"Kansas City Ribs OÜ";"12764116";"06.04.2015";"Tähtajatu";"Jah";"Toitlustamine";""
"KTO020583";"OSAÜHING Bermotex";"11096701";"06.04.2015";"Tähtajatu";"Jah";"Toitlustamine";""
"KTO020575";"Linnulaul OÜ";"12594708";"02.04.2015";"Tähtajatu";"Jah";"Toitlustamine";""
"KTO020596";"Ephesus OÜ";"12693221";"02.04.2015";"Tähtajatu";"Jah";"Toitlustamine";""
"KTO020595";"Ecomarine OÜ";"10975493";"01.04.2015";"Tähtajatu";"Jah";"Toitlustamine";""
"KTO020589";"Namo Buddha OÜ";"12786282";"30.03.2015";"Tähtajatu";"Jah";"Toitlustamine";""
"KTO020588";"Malvar OÜ";"12768924";"29.03.2015";"Tähtajatu";"Jah";"Toitlustamine";""
"KTO020586";"Rattastuudio OÜ";"12669228";"24.03.2015";"Tähtajatu";"Jah";"Toitlustamine";""
"KTO020585";"osaühing Lumaania";"10187436";"24.03.2015";"Tähtajatu";"Jah";"Toitlustamine";""
"KTO020582";"Sihtasutus Rannarahva Muuseum";"90009565";"23.03.2015";"Tähtajatu";"Jah";"Toitlustamine";""
"KTO020578";"OÜ Raadimõisa Kinnisvara";"10738296";"21.03.2015";"Tähtajatu";"Jah";"Toitlustamine";""
"KTO020579";"Rest Lao Grupp OÜ";"12786425";"20.03.2015";"Tähtajatu";"Jah";"Toitlustamine";""
"KTO020581";"OÜ Marju Kohvik";"12677707";"20.03.2015";"Tähtajatu";"Jah";"Toitlustamine";""
"KTO020558";"Nõmme Jaamarestoran OÜ";"12720573";"13.03.2015";"Tähtajatu";"Jah";"Toitlustamine";""
"KTO020553";"LIDO Eesti OÜ";"12549100";"11.03.2015";"Tähtajatu";"Jah";"Toitlustamine";""
"KTO020569";"osaühing Villa Johanna";"10315748";"11.03.2015";"Tähtajatu";"Jah";"Toitlustamine";""
"KTO020571";"Koroter OÜ";"12603716";"11.03.2015";"Tähtajatu";"Jah";"Toitlustamine";""
"KTO020568";"Klaud Cafe OÜ";"12789197";"10.03.2015";"Tähtajatu";"Jah";"Toitlustamine";""
"KTO020560";"Aktsiaselts Totalisaator";"10198836";"09.03.2015";"Tähtajatu";"Jah";"Toitlustamine";""
"KTO020565";"Vrapikohvik OÜ";"12791030";"06.03.2015";"Tähtajatu";"Jah";"Toitlustamine";""
"KTO020559";"Gurmee Sushi OÜ";"12788275";"04.03.2015";"Tähtajatu";"Jah";"Toitlustamine";""
"KTO020554";"Belgrosso OÜ";"10283921";"01.03.2015";"Tähtajatu";"Jah";"Toitlustamine";""
"KTO020546";"Tallinn Seaport Hotel OÜ";"12669607";"27.02.2015";"Tähtajatu";"Jah";"Toitlustamine";""
"KTO020548";"Ligintex OÜ";"12640845";"26.02.2015";"Tähtajatu";"Jah";"Toitlustamine";""
"KTO020545";"Square Kebab OÜ";"12073984";"20.02.2015";"Tähtajatu";"Jah";"Toitlustamine";""
"KTO020543";"Merike Kesküla Heltermaa baar";"12798144";"19.02.2015";"Tähtajatu";"Jah";"Toitlustamine";""
"KTO020542";"HANZA SSC Tartu OÜ";"12775321";"19.02.2015";"Tähtajatu";"Jah";"Toitlustamine";""
"KTO020540";"Heli catering OÜ";"12800527";"18.02.2015";"Tähtajatu";"Jah";"Toitlustamine";""
"KTO020541";"RadiusTech OÜ";"12209219";"18.02.2015";"Tähtajatu";"Jah";"Toitlustamine";""
"KTO020539";"Electrocomp OÜ";"12209975";"17.02.2015";"Tähtajatu";"Jah";"Toitlustamine";""
"KTO020535";"Tervise Catering OÜ";"12636754";"12.02.2015";"Tähtajatu";"Jah";"Toitlustamine";""
"KTO020526";"AM Pubid OÜ";"12745567";"03.02.2015";"Tähtajatu";"Jah";"Toitlustamine";""
"KTO020525";"Ivlis OÜ";"11024895";"03.02.2015";"Tähtajatu";"Jah";"Toitlustamine";""
"KTO020521";"Fatum OÜ";"12739549";"02.02.2015";"Tähtajatu";"Jah";"Toitlustamine";""
"KTO020522";"aktsiaselts ""BARCLAY HOTELL""";"10164932";"30.01.2015";"Tähtajatu";"Jah";"Toitlustamine";""
"KTO020520";"Hariduskeskus Sapfira OÜ";"12180651";"27.01.2015";"Tähtajatu";"Jah";"Toitlustamine";""
"KTO020515";"Delistra OÜ";"12774988";"21.01.2015";"Tähtajatu";"Jah";"Toitlustamine";""
"KTO020513";"OÜ Taldrik";"12233175";"20.01.2015";"Tähtajatu";"Jah";"Toitlustamine";""
"KTO020492";"Kohvik Rosin OÜ";"12777691";"20.01.2015";"Tähtajatu";"Jah";"Toitlustamine";""
"KTO020499";"Toidukuningad OÜ";"12650424";"19.01.2015";"Tähtajatu";"Jah";"Toitlustamine";""
"KTO020511";"Tulundusühistu Kontakt AM";"10122678";"18.01.2015";"Tähtajatu";"Jah";"Toitlustamine";""
"KTO020510";"Osaühing Tiigi Pood";"11320707";"16.01.2015";"Tähtajatu";"Jah";"Toitlustamine";""
"KTO020508";"POKSILEIB OÜ";"12328022";"16.01.2015";"Tähtajatu";"Jah";"Toitlustamine";""
"KTO020509";"Rägavere Valla Huviklubi";"80228740";"16.01.2015";"Tähtajatu";"Jah";"Toitlustamine";""
"KTO020507";"Vikerkaare Külalistemaja OÜ";"11007413";"15.01.2015";"Tähtajatu";"Jah";"Toitlustamine";""
"KTO020504";"Lahe Köök OÜ";"12779000";"14.01.2015";"Tähtajatu";"Jah";"Toitlustamine";""
"KTO020498";"Novus Cars Estonia OÜ";"10331672";"09.01.2015";"Tähtajatu";"Jah";"Toitlustamine";""
"KTO020497";"Digital Disruption OÜ";"12659106";"08.01.2015";"Tähtajatu";"Jah";"Toitlustamine";""
"KTO020496";"osaühing HOTELL PALLAS";"10512669";"08.01.2015";"Tähtajatu";"Jah";"Toitlustamine";""
"KTO020493";"Holland-Motors OÜ";"10705380";"07.01.2015";"Tähtajatu";"Jah";"Toitlustamine";""
"KTO020491";"Almeko OÜ";"12103366";"07.01.2015";"Tähtajatu";"Jah";"Toitlustamine";""
"KTO020490";"Previo OÜ";"12643418";"07.01.2015";"Tähtajatu";"Jah";"Toitlustamine";""
"KTO020489";"Talresto OÜ";"11983069";"06.01.2015";"Tähtajatu";"Jah";"Toitlustamine";""
"KTO020450";"RATSIMÄE OÜ";"11263412";"01.01.2015";"Tähtajatu";"Jah";"Toitlustamine";""
"KTO020487";"Pandivere Catering OÜ";"12243819";"30.12.2014";"Tähtajatu";"Jah";"Toitlustamine";""
"KTO020666";"Toprimo OÜ";"12699784";"20.12.2014";"Tähtajatu";"Jah";"Toitlustamine";""
"KTO020484";"Toiduakadeemia OÜ";"11469912";"20.12.2014";"Tähtajatu";"Jah";"Toitlustamine";""
"KTO020482";"Riigimetsa Majandamise Keskus";"70004459";"19.12.2014";"Tähtajatu";"Jah";"Toitlustamine";""
"KTO020481";"SIP SHOP OÜ";"12743864";"19.12.2014";"Tähtajatu";"Jah";"Toitlustamine";""
"KTO020462";"Rekka Kodu OÜ";"12638943";"15.12.2014";"Tähtajatu";"Jah";"Toitlustamine";""
"KTO020471";"Kolket OÜ";"12763985";"15.12.2014";"Tähtajatu";"Jah";"Toitlustamine";""
"KTO020474";"Osaühing Pressing";"11189006";"11.12.2014";"Tähtajatu";"Jah";"Toitlustamine";""
"KTO020473";"GLOBAL BALTIC OÜ";"12709927";"11.12.2014";"Tähtajatu";"Jah";"Toitlustamine";""
"KTO020466";"Iisaku toiduklubi OÜ";"12367257";"11.12.2014";"Tähtajatu";"Jah";"Toitlustamine";""
"KTO020475";"OÜ HAYASTAN Group";"12555743";"11.12.2014";"Tähtajatu";"Jah";"Toitlustamine";""
"KTO020460";"KPK OÜ";"12598066";"08.12.2014";"Tähtajatu";"Jah";"Toitlustamine";""
"KTO020456";"Nõmme Haridus- ja Rahvamajaselts";"80364733";"03.12.2014";"Tähtajatu";"Jah";"Toitlustamine";""
"KTO020458";"Krabi klubi OÜ";"12701009";"03.12.2014";"Tähtajatu";"Jah";"Toitlustamine";""
"KTO020457";"Maheleib OÜ";"12648172";"03.12.2014";"Tähtajatu";"Jah";"Toitlustamine";""
"KTO020455";"Mossi Grupp OÜ";"11151920";"02.12.2014";"Tähtajatu";"Jah";"Toitlustamine";""
"KTO020320";"OÜ Novoloto";"10159983";"01.12.2014";"Tähtajatu";"Jah";"Toitlustamine";""
"KTO020452";"Tartu Backpackers OÜ";"11503247";"27.11.2014";"Tähtajatu";"Jah";"Toitlustamine";""
"KTO020449";"Tanksemäe Saffer OÜ";"12756105";"27.11.2014";"Tähtajatu";"Jah";"Toitlustamine";""
"KTO020446";"OÜ Tallinna Jazzibaar";"12674821";"26.11.2014";"Tähtajatu";"Jah";"Toitlustamine";""
"KTO020443";"Frenchy OÜ";"12612702";"24.11.2014";"Tähtajatu";"Jah";"Toitlustamine";""
"KTO020422";"Osaühing ELPAN";"12373918";"24.11.2014";"Tähtajatu";"Jah";"Toitlustamine";""
"KTO020434";"OÜ Kaks Kokka";"12646635";"18.11.2014";"Tähtajatu";"Jah";"Toitlustamine";""
"KTO020432";"Fat Emperor OÜ";"12138399";"18.11.2014";"Tähtajatu";"Jah";"Toitlustamine";""
"KTO020429";"OÜ Pööbel";"12721779";"17.11.2014";"Tähtajatu";"Jah";"Toitlustamine";""
"KTO020424";"Kassikohvik OÜ";"12664136";"14.11.2014";"Tähtajatu";"Jah";"Toitlustamine";""
"KTO020423";"Alika Veski OÜ";"12273743";"13.11.2014";"Tähtajatu";"Jah";"Toitlustamine";""
"KTO020412";"Elita R&D OÜ";"12718659";"02.11.2014";"Tähtajatu";"Jah";"Toitlustamine";""
"KTO020382";"Alavi Kalinka Keskus OÜ";"12262202";"01.11.2014";"Tähtajatu";"Jah";"Toitlustamine";""
"KTO020278";"OÜ Novoloto";"10159983";"01.11.2014";"Tähtajatu";"Jah";"Toitlustamine";""
"KTO020407";"Osaühing Muhu Maa";"11132041";"31.10.2014";"Tähtajatu";"Jah";"Toitlustamine";""
"KTO020410";"OÜ Ristikheina Kohvik";"12664142";"31.10.2014";"Tähtajatu";"Jah";"Toitlustamine";""
"KTO020408";"Direccion OÜ";"11920608";"30.10.2014";"Tähtajatu";"Jah";"Toitlustamine";""
"KTO020381";"EVERAL ÜLEMISTE OÜ";"12463876";"23.10.2014";"Tähtajatu";"Jah";"Toitlustamine";""
"KTO020399";"Tehnovorm osaühing";"10903097";"23.10.2014";"Tähtajatu";"Jah";"Toitlustamine";""
"KTO020400";"SuShi StopP OÜ";"12095365";"23.10.2014";"Tähtajatu";"Jah";"Toitlustamine";""
"KTO020402";"Maamaitse OÜ";"12175555";"23.10.2014";"Tähtajatu";"Jah";"Toitlustamine";""
"KTO020401";"Kohila Catering OÜ";"12727049";"22.10.2014";"Tähtajatu";"Jah";"Toitlustamine";""
"KTO020398";"G.L.A. AGENTUUR OÜ";"11129725";"22.10.2014";"Tähtajatu";"Jah";"Toitlustamine";""
"KTO020396";"Aktsiaselts Tampe";"10348543";"22.10.2014";"Tähtajatu";"Jah";"Toitlustamine";""
"KTO020397";"Mõigu Pizza OÜ";"12689857";"21.10.2014";"Tähtajatu";"Jah";"Toitlustamine";""
"KTO020392";"Osaühing Mäo Grill";"10541725";"20.10.2014";"Tähtajatu";"Jah";"Toitlustamine";""
"KTO020394";"OSAÜHING TESMASAN";"10321573";"20.10.2014";"Tähtajatu";"Jah";"Toitlustamine";""
"KTO020380";"Hunting Grupp OÜ";"11657973";"15.10.2014";"Tähtajatu";"Jah";"Toitlustamine";""
"KTO020384";"Baltimore Ribs OÜ";"12596328";"15.10.2014";"Tähtajatu";"Jah";"Toitlustamine";""
"KTO020379";"INTTI OÜ";"12723643";"13.10.2014";"Tähtajatu";"Jah";"Toitlustamine";""
"KTO020374";"Saram OÜ";"12648947";"09.10.2014";"Tähtajatu";"Jah";"Toitlustamine";""
"KTO020371";"REMSERV OÜ";"11285974";"08.10.2014";"Tähtajatu";"Jah";"Toitlustamine";""
"KTO020358";"Restoplus OÜ";"12639428";"01.10.2014";"Tähtajatu";"Jah";"Toitlustamine";""
"KTO020361";"MTÜ Viljandi Lennukitehas";"80309289";"25.09.2014";"Tähtajatu";"Jah";"Toitlustamine";""
"KTO020357";"OÜ Toner.ee";"11067148";"24.09.2014";"Tähtajatu";"Jah";"Toitlustamine";""
"KTO020355";"Sõltumatu Tantsu Ühendus";"80230613";"22.09.2014";"Tähtajatu";"Jah";"Toitlustamine";""
"KTO020349";"Osaühing Paan";"10170772";"18.09.2014";"Tähtajatu";"Jah";"Toitlustamine";""
"KTO020345";"Osaühing LIHULA KAUBAHOOV";"10236206";"16.09.2014";"Tähtajatu";"Jah";"Toitlustamine";""
"KTO020327";"WOK TALLINN OÜ";"12712533";"12.09.2014";"Tähtajatu";"Jah";"Toitlustamine";""
"KTO020331";"Harry Heinami Jaani talu";"10867546";"10.09.2014";"Tähtajatu";"Jah";"Toitlustamine";""
"KTO020333";"D.I.M. Services OÜ";"12616338";"09.09.2014";"Tähtajatu";"Jah";"Toitlustamine";""
"KTO020332";"Tomson Toitlustus OÜ";"12605719";"09.09.2014";"Tähtajatu";"Jah";"Toitlustamine";""
"KTO020330";"Krugljak Group OÜ";"12711338";"08.09.2014";"Tähtajatu";"Jah";"Toitlustamine";""
"KTO020325";"Kondor Grupp OÜ";"12692247";"06.09.2014";"Tähtajatu";"Jah";"Toitlustamine";""
"KTO020322";"Saare Market OÜ";"12623156";"03.09.2014";"Tähtajatu";"Jah";"Toitlustamine";""
"KTO020319";"Mittetulundusühing Teoteater";"80166588";"02.09.2014";"Tähtajatu";"Jah";"Toitlustamine";""
"KTO020315";"OÜ Hotell Euroopa";"11280161";"01.09.2014";"Tähtajatu";"Jah";"Toitlustamine";""
"KTO020314";"Goldcat OÜ";"12438428";"29.08.2014";"Tähtajatu";"Jah";"Toitlustamine";""
"KTO020313";"OÜ TT Hotels";"12480614";"28.08.2014";"Tähtajatu";"Jah";"Toitlustamine";""
"KTO020290";"Cheese OÜ";"12560365";"22.08.2014";"Tähtajatu";"Jah";"Toitlustamine";""
"KTO020292";"Sushicity OÜ";"12687350";"19.08.2014";"Tähtajatu";"Jah";"Toitlustamine";""
"KTO020299";"Jacobs OÜ";"12622899";"19.08.2014";"Tähtajatu";"Jah";"Toitlustamine";""
"KTO020289";"OÜ McKenzie Invest";"10951185";"18.08.2014";"Tähtajatu";"Jah";"Toitlustamine";""
"KTO020283";"Nirvana OÜ";"12525825";"16.08.2014";"Tähtajatu";"Jah";"Toitlustamine";""
"KTO020273";"Baltchefs OÜ";"12678084";"12.08.2014";"Tähtajatu";"Jah";"Toitlustamine";""
"KTO020271";"GLAK OÜ";"12505604";"12.08.2014";"Tähtajatu";"Jah";"Toitlustamine";""
"KTO020259";"OÜ Ravila Mõis";"12509981";"08.08.2014";"Tähtajatu";"Jah";"Toitlustamine";""
"KTO020244";"Eastern Outback OÜ";"12699071";"06.08.2014";"Tähtajatu";"Jah";"Toitlustamine";""
"KTO020232";"Falcon Japan OÜ";"11697323";"02.08.2014";"Tähtajatu";"Jah";"Toitlustamine";""
"KTO020215";"GLOGRIN OÜ";"10684689";"31.07.2014";"Tähtajatu";"Jah";"Toitlustamine";""
"KTO020210";"Amedan OÜ";"12630203";"29.07.2014";"Tähtajatu";"Jah";"Toitlustamine";""
"KTO020205";"Bytesoft OÜ";"10511210";"28.07.2014";"Tähtajatu";"Jah";"Toitlustamine";""
"KTO020197";"Osaühing KITMARI";"10928281";"28.07.2014";"Tähtajatu";"Jah";"Toitlustamine";""
"KTO020193";"Invictus OÜ";"12620386";"24.07.2014";"Tähtajatu";"Jah";"Toitlustamine";""
"KTO020191";"Shamrock Grupp OÜ";"12561904";"23.07.2014";"Tähtajatu";"Jah";"Toitlustamine";""
"KTO020185";"DIONEVA OÜ";"10631374";"23.07.2014";"Tähtajatu";"Jah";"Toitlustamine";""
"KTO020189";"OÜ Arturi Juures";"11185669";"23.07.2014";"Tähtajatu";"Jah";"Toitlustamine";""
"KTO020190";"Shamrock Grupp OÜ";"12561904";"23.07.2014";"Tähtajatu";"Jah";"Toitlustamine";""
"KTO020176";"OÜ M&T ECC";"11658731";"22.07.2014";"Tähtajatu";"Jah";"Toitlustamine";""
"KTO020175";"EstTruffe OÜ";"12616002";"21.07.2014";"Tähtajatu";"Jah";"Toitlustamine";""
"KTO020164";"Master invest OÜ";"12682200";"20.07.2014";"Tähtajatu";"Jah";"Toitlustamine";""
"KTO020166";"Keila Vallavalitsus";"75025710";"17.07.2014";"Tähtajatu";"Jah";"Toitlustamine";""
"KTO020217";"Lusaber OÜ";"12686043";"17.07.2014";"Tähtajatu";"Jah";"Toitlustamine";""
"KTO020163";"Gastro Talu OÜ";"12520124";"16.07.2014";"Tähtajatu";"Jah";"Toitlustamine";""
"KTO020156";"Bukamba Kouniakong OÜ";"12640029";"15.07.2014";"Tähtajatu";"Jah";"Toitlustamine";""
"KTO020154";"OÜ Kaisma Suurjärve Puhkeala";"11891580";"15.07.2014";"Tähtajatu";"Jah";"Toitlustamine";""
"KTO020146";"AS Terminal";"10171518";"11.07.2014";"Tähtajatu";"Jah";"Toitlustamine";""
"KTO020142";"PRANGLI SAARE TALURAHVAMUUSEUMI SELTS";"80239844";"11.07.2014";"Tähtajatu";"Jah";"Toitlustamine";""
"KTO020138";"Kokakool OÜ";"12658911";"10.07.2014";"Tähtajatu";"Jah";"Toitlustamine";""
"KTO020130";"Osaühing Laesson & Partnerid";"10847861";"09.07.2014";"Tähtajatu";"Jah";"Toitlustamine";""
"KTO020125";"Supelung OÜ";"12670585";"09.07.2014";"Tähtajatu";"Jah";"Toitlustamine";""
"KTO020131";"Villa Meri OÜ";"12679497";"09.07.2014";"Tähtajatu";"Jah";"Toitlustamine";""
"KTO020108";"Moder Grupp OÜ";"12410714";"30.06.2014";"Tähtajatu";"Jah";"Toitlustamine";""
"KTO020100";"Narva Toitlustus OÜ";"12531375";"27.06.2014";"Tähtajatu";"Jah";"Toitlustamine";""
"KTO020097";"Gold Grupp OÜ";"12476535";"27.06.2014";"Tähtajatu";"Jah";"Toitlustamine";""
"KTO020101";"Narva Toitlustus OÜ";"12531375";"27.06.2014";"Tähtajatu";"Jah";"Toitlustamine";""
"KTO020037";"NATALIA KIRILLOVA ÄRI";"10317962";"20.06.2014";"Tähtajatu";"Jah";"Toitlustamine";""
"KTO020016";"Mittetulundusühing Kärnataja";"80355556";"20.06.2014";"Tähtajatu";"Jah";"Toitlustamine";""
"KTO020004";"OÜ Enn Roose & Ko";"10049906";"20.06.2014";"Tähtajatu";"Jah";"Toitlustamine";""
"KTO020015";"Team Adventure OÜ";"12618202";"20.06.2014";"Tähtajatu";"Jah";"Toitlustamine";""
"KTO020064";"OÜ McKenzie Invest";"10951185";"20.06.2014";"Tähtajatu";"Jah";"Toitlustamine";""
"KTO019975";"Nässuma Puhkekeskus OÜ";"10813069";"19.06.2014";"Tähtajatu";"Jah";"Toitlustamine";""
"KTO019988";"Seto Line Reisid OÜ";"11438981";"19.06.2014";"Tähtajatu";"Jah";"Toitlustamine";""
"KTO019917";"OÜ Mesi & Vesi";"12652452";"18.06.2014";"Tähtajatu";"Jah";"Toitlustamine";""
"KTO019922";"Tibolon Cenotillo OÜ";"11961122";"18.06.2014";"Tähtajatu";"Jah";"Toitlustamine";""
"KTO019880";"ARP Group OÜ";"11353078";"17.06.2014";"Tähtajatu";"Jah";"Toitlustamine";""
"KTO019865";"OÜ Hiiu Jorn";"10894694";"17.06.2014";"Tähtajatu";"Jah";"Toitlustamine";""
"KTO019862";"Mister Frank OÜ";"12609700";"16.06.2014";"Tähtajatu";"Jah";"Toitlustamine";""
"KTO019850";"Romelina OÜ";"12673046";"16.06.2014";"Tähtajatu";"Jah";"Toitlustamine";""
"KTO019852";"OÜ GENAU";"12379329";"16.06.2014";"Tähtajatu";"Jah";"Toitlustamine";""
"KTO019859";"Osaühing Tirumala";"10971928";"16.06.2014";"Tähtajatu";"Jah";"Toitlustamine";""
"KTO019833";"Amrita Cafe OÜ";"12564245";"13.06.2014";"Tähtajatu";"Jah";"Toitlustamine";""
"KTO019799";"Nautse OÜ";"12492089";"12.06.2014";"Tähtajatu";"Jah";"Toitlustamine";""
"KTO019813";"My Food Invest OÜ";"12623798";"12.06.2014";"Tähtajatu";"Jah";"Toitlustamine";""
"KTO019791";"osaühing PIZZA GRANDE";"10714858";"11.06.2014";"Tähtajatu";"Jah";"Toitlustamine";""
"KTO019776";"ALATI AVATUD OÜ";"12658147";"11.06.2014";"Tähtajatu";"Jah";"Toitlustamine";""
"KTO019794";"Osaühing Dionis Grupp";"12661540";"11.06.2014";"Tähtajatu";"Jah";"Toitlustamine";""
"KTO019764";"FUNCITUP OÜ";"12351443";"10.06.2014";"Tähtajatu";"Jah";"Toitlustamine";""
"KTO019742";"Feudi Wine Bar OÜ";"12626704";"06.06.2014";"Tähtajatu";"Jah";"Toitlustamine";""
"KTO019749";"Osaühing Ronyx Log";"11481735";"06.06.2014";"Tähtajatu";"Jah";"Toitlustamine";""
"KTO019747";"Sihtasutus Räpina Sadamad ja Puhkealad";"90012640";"06.06.2014";"Tähtajatu";"Jah";"Toitlustamine";""
"KTO019753";"Grillers OÜ";"12514276";"06.06.2014";"Tähtajatu";"Jah";"Toitlustamine";""
"KTO019718";"OÜ Supeluse Hotell";"12457242";"05.06.2014";"Tähtajatu";"Jah";"Toitlustamine";""
"KTO019732";"Nautse OÜ";"12492089";"05.06.2014";"Tähtajatu";"Jah";"Toitlustamine";""
"KTO019720";"Nata katab OÜ";"12532340";"05.06.2014";"Tähtajatu";"Jah";"Toitlustamine";""
"KTO019706";"Osaühing Enim";"10086304";"04.06.2014";"Tähtajatu";"Jah";"Toitlustamine";""
"KTO019694";"Masker OÜ";"12632099";"04.06.2014";"Tähtajatu";"Jah";"Toitlustamine";""
"KTO019666";"OÜ Time Riders";"12550958";"03.06.2014";"Tähtajatu";"Jah";"Toitlustamine";""
"KTO019680";"Market Place OÜ";"11313742";"03.06.2014";"Tähtajatu";"Jah";"Toitlustamine";""
"KTO019669";"Markofka OÜ";"12399958";"03.06.2014";"Tähtajatu";"Jah";"Toitlustamine";""
"KTO019668";"SIITAN GRUPP OÜ";"11024392";"03.06.2014";"Tähtajatu";"Jah";"Toitlustamine";""
"KTO019653";"Vinmark Grupp OÜ";"12583120";"03.06.2014";"Tähtajatu";"Jah";"Toitlustamine";""
"KTO019671";"OÜ Erkehe";"12500653";"03.06.2014";"Tähtajatu";"Jah";"Toitlustamine";""
"KTO019648";"Tindioru OÜ";"11377143";"02.06.2014";"Tähtajatu";"Jah";"Toitlustamine";""
"KTO019626";"Tallinna Loomaaed";"75016102";"30.05.2014";"Tähtajatu";"Jah";"Toitlustamine";""
"KTO019625";"Tallinna Loomaaed";"75016102";"30.05.2014";"Tähtajatu";"Jah";"Toitlustamine";""
"KTO019616";"New York Ribs OÜ";"12596205";"30.05.2014";"Tähtajatu";"Jah";"Toitlustamine";""
"KTO019614";"Tallinna Loomaaed";"75016102";"30.05.2014";"Tähtajatu";"Jah";"Toitlustamine";""
"KTO019615";"Tanne OÜ";"12623210";"30.05.2014";"Tähtajatu";"Jah";"Toitlustamine";""
"KTO019594";"Sihtasutus Kuremaa Elamuskeskus";"90007626";"29.05.2014";"Tähtajatu";"Jah";"Toitlustamine";""
"KTO019595";"Sihtasutus Kuremaa Elamuskeskus";"90007626";"29.05.2014";"Tähtajatu";"Jah";"Toitlustamine";""
"KTO019574";"RENACO Trade OÜ";"12056324";"27.05.2014";"Tähtajatu";"Jah";"Toitlustamine";""
"KTO019573";"aktsiaselts Olerex";"10136870";"26.05.2014";"Tähtajatu";"Jah";"Toitlustamine";""
"KTO019553";"osaühing Dorpat";"11349438";"23.05.2014";"Tähtajatu";"Jah";"Toitlustamine";""
"KTO019540";"Osaühing Roland Kaubandus";"10327682";"20.05.2014";"Tähtajatu";"Jah";"Toitlustamine";""
"KTO019537";"GTA Grupp OÜ";"12644441";"20.05.2014";"Tähtajatu";"Jah";"Toitlustamine";""
"KTO019536";"Pixel Production OÜ";"12526523";"20.05.2014";"Tähtajatu";"Jah";"Toitlustamine";""
"KTO019528";"Assorti OÜ";"12644010";"19.05.2014";"Tähtajatu";"Jah";"Toitlustamine";""
"KTO019520";"OÜ Saarsilla Talukohvik";"12531145";"16.05.2014";"Tähtajatu";"Jah";"Toitlustamine";""
"KTO019521";"Management OÜ";"11091394";"16.05.2014";"Tähtajatu";"Jah";"Toitlustamine";""
"KTO019519";"Osaühing Väike Manuk";"10396335";"16.05.2014";"Tähtajatu";"Jah";"Toitlustamine";""
"KTO019491";"Koerakoonlane OÜ";"12550310";"14.05.2014";"Tähtajatu";"Jah";"Toitlustamine";""
"KTO019485";"Kanylatambi Swanachianga OÜ";"12583662";"13.05.2014";"Tähtajatu";"Jah";"Toitlustamine";""
"KTO019458";"U-Bistroo OÜ";"12550450";"09.05.2014";"Tähtajatu";"Jah";"Toitlustamine";""
"KTO019447";"OÜ Koopatoit";"12632509";"08.05.2014";"Tähtajatu";"Jah";"Toitlustamine";""
"KTO019440";"SETOMAA TURISMITALO OÜ";"10600385";"08.05.2014";"Tähtajatu";"Jah";"Toitlustamine";""
"KTO019449";"OÜ Siidilille";"12647741";"08.05.2014";"Tähtajatu";"Jah";"Toitlustamine";""
"KTO019436";"Prangli Reisid OÜ";"12029351";"07.05.2014";"Tähtajatu";"Jah";"Toitlustamine";""
"KTO019432";"OÜ VIKKAUR";"12221485";"07.05.2014";"Tähtajatu";"Jah";"Toitlustamine";""
"KTO019438";"WinWinPartner OÜ";"11878510";"07.05.2014";"Tähtajatu";"Jah";"Toitlustamine";""
"KTO019433";"Triidud OÜ";"12239261";"07.05.2014";"Tähtajatu";"Jah";"Toitlustamine";""
"KTO019387";"Lekuur OÜ";"12647600";"30.04.2014";"Tähtajatu";"Jah";"Toitlustamine";""
"KTO019384";"Pelut OÜ";"12632076";"30.04.2014";"Tähtajatu";"Jah";"Toitlustamine";""
"KTO019399";"Laitse Lossi Teenrid OÜ";"12597859";"30.04.2014";"Tähtajatu";"Jah";"Toitlustamine";""
"KTO019403";"Marja Maailm OÜ";"10779154";"30.04.2014";"Tähtajatu";"Jah";"Toitlustamine";""
"KTO019401";"OÜ SPA Tours";"11693733";"30.04.2014";"Tähtajatu";"Jah";"Toitlustamine";""
"KTO019383";"Allwork OÜ";"12153683";"29.04.2014";"Tähtajatu";"Jah";"Toitlustamine";""
"KTO019373";"Mittetulundusühing Porkuni";"80083030";"28.04.2014";"Tähtajatu";"Jah";"Toitlustamine";""
"KTO019377";"osaühing VANA VILLEM";"10326332";"28.04.2014";"Tähtajatu";"Jah";"Toitlustamine";""
"KTO019374";"OÜ Ellegant";"12177873";"28.04.2014";"Tähtajatu";"Jah";"Toitlustamine";""
"KTO019364";"IGILIIKUR OÜ";"11874630";"24.04.2014";"Tähtajatu";"Jah";"Toitlustamine";""
"KTO019367";"COCKTAIL AGENCY OÜ";"12477747";"24.04.2014";"Tähtajatu";"Jah";"Toitlustamine";""
"KTO019358";"Club Factory OÜ";"12587074";"23.04.2014";"Tähtajatu";"Jah";"Toitlustamine";""
"KTO019344";"WIND CROSSROAD OÜ";"12547287";"22.04.2014";"Tähtajatu";"Jah";"Toitlustamine";""
"KTO019345";"Einmann OÜ";"12623723";"22.04.2014";"Tähtajatu";"Jah";"Toitlustamine";""
"KTO019343";"Cafe Amore OÜ";"12379890";"22.04.2014";"Tähtajatu";"Jah";"Toitlustamine";""
"KTO019338";"Aktsiaselts NARVA-JÕESUU SANATOORIUM";"10228767";"21.04.2014";"Tähtajatu";"Jah";"Toitlustamine";""
"KTO019341";"OÜ Vanaema köök";"14348669";"21.04.2014";"Tähtajatu";"Jah";"Toitlustamine";""
"KTO019335";"OÜ Diner Food";"12597397";"17.04.2014";"Tähtajatu";"Jah";"Toitlustamine";""
"KTO019332";"OÜ Barosel";"11063127";"17.04.2014";"Tähtajatu";"Jah";"Toitlustamine";""
"KTO019331";"Berliini Trahter OÜ";"12509476";"17.04.2014";"Tähtajatu";"Jah";"Toitlustamine";""
"KTO019329";"OÜ Kirsimari";"12156183";"17.04.2014";"Tähtajatu";"Jah";"Toitlustamine";""
"KTO019326";"Valgis osaühing";"11335991";"16.04.2014";"Tähtajatu";"Jah";"Toitlustamine";""
"KTO019325";"OÜ FLORENS";"12625432";"16.04.2014";"Tähtajatu";"Jah";"Toitlustamine";""
"KTO019319";"Fresco Partners OÜ";"11902007";"14.04.2014";"Tähtajatu";"Jah";"Toitlustamine";""
"KTO019311";"Sadam OÜ";"12028587";"11.04.2014";"Tähtajatu";"Jah";"Toitlustamine";""
"KTO019302";"Hobutots OÜ";"12592299";"09.04.2014";"Tähtajatu";"Jah";"Toitlustamine";""
"KTO019299";"Milbach and Co. OÜ";"12040909";"08.04.2014";"Tähtajatu";"Jah";"Toitlustamine";""
"KTO019284";"Osaühing KWARTONS";"10338355";"03.04.2014";"Tähtajatu";"Jah";"Toitlustamine";""
"KTO019282";"OÜ Svaor";"12417113";"02.04.2014";"Tähtajatu";"Jah";"Toitlustamine";""
"KTO019276";"Leiva Kodu OÜ";"12466560";"01.04.2014";"Tähtajatu";"Jah";"Toitlustamine";""
"KTO019270";"osaühing Kanvera";"10069234";"28.03.2014";"Tähtajatu";"Jah";"Toitlustamine";""
"KTO019269";"Mustakivi Piljard OÜ";"12273499";"28.03.2014";"Tähtajatu";"Jah";"Toitlustamine";""
"KTO019268";"OSAÜHING RIKA MOR";"10845655";"28.03.2014";"Tähtajatu";"Jah";"Toitlustamine";""
"KTO019262";"Osaühing Esperan";"10711179";"25.03.2014";"Tähtajatu";"Jah";"Toitlustamine";""
"KTO019261";"osaühing Aamann";"10217539";"24.03.2014";"Tähtajatu";"Jah";"Toitlustamine";""
"KTO019252";"CALLAREX GRUPP OÜ";"11192942";"21.03.2014";"Tähtajatu";"Jah";"Toitlustamine";""
"KTO019249";"Huntfood OÜ";"11875828";"20.03.2014";"Tähtajatu";"Jah";"Toitlustamine";""
"KTO019251";"Blesser OÜ";"12161139";"20.03.2014";"Tähtajatu";"Jah";"Toitlustamine";""
"KTO019242";"Osaühing IMAVERE ARENDUS";"10924248";"13.03.2014";"Tähtajatu";"Jah";"Toitlustamine";""
"KTO019233";"MeieMaitse OÜ";"11885705";"10.03.2014";"Tähtajatu";"Jah";"Toitlustamine";""
"KTO019230";"mittetulundusühing TALISMAN";"80264351";"07.03.2014";"Tähtajatu";"Jah";"Toitlustamine";""
"KTO019232";"osaühing Saare Artek";"11132265";"07.03.2014";"Tähtajatu";"Jah";"Toitlustamine";""
"KTO019227";"KoroonaClub Hola! OÜ";"12594803";"07.03.2014";"Tähtajatu";"Jah";"Toitlustamine";""
"KTO019216";"OKO restoranid OÜ";"12046361";"03.03.2014";"Tähtajatu";"Jah";"Toitlustamine";""
"KTO019210";"OÜ Riiamäe Pizzeria";"12584495";"28.02.2014";"Tähtajatu";"Jah";"Toitlustamine";""
"KTO019203";"NS INVEST OÜ";"12570903";"27.02.2014";"Tähtajatu";"Jah";"Toitlustamine";""
"KTO019196";"Osaühing Esperan";"10711179";"25.02.2014";"Tähtajatu";"Jah";"Toitlustamine";""
"KTO019190";"OÜ Viitna Toidutare";"12604878";"21.02.2014";"Tähtajatu";"Jah";"Toitlustamine";""
"KTO019182";"M Ruut OÜ";"12603850";"18.02.2014";"Tähtajatu";"Jah";"Toitlustamine";""
"KTO019180";"IVMALA Grupp OÜ";"12592684";"18.02.2014";"Tähtajatu";"Jah";"Toitlustamine";""
"KTO019178";"Lunch Time & Catering OÜ";"12607813";"17.02.2014";"Tähtajatu";"Jah";"Toitlustamine";""
"KTO019177";"Osaühing Avelin LM";"10424534";"17.02.2014";"Tähtajatu";"Jah";"Toitlustamine";""
"KTO019172";"OÜ Novoloto";"10159983";"13.02.2014";"Tähtajatu";"Jah";"Toitlustamine";""
"KTO019170";"Osaühing BALTISKA VIRU";"10245412";"13.02.2014";"Tähtajatu";"Jah";"Toitlustamine";""
"KTO019160";"Osaühing Adams Grupp";"10373771";"06.02.2014";"Tähtajatu";"Jah";"Toitlustamine";""
"KTO019155";"OÜ Novoloto";"10159983";"04.02.2014";"Tähtajatu";"Jah";"Toitlustamine";""
"KTO019148";"U&K TOITLUSTUS OÜ";"11758355";"31.01.2014";"Tähtajatu";"Jah";"Toitlustamine";""
"KTO019140";"Raudtee Kohvik OÜ";"12579577";"28.01.2014";"Tähtajatu";"Jah";"Toitlustamine";""
"KTO019139";"Sihtasutus Haapsalu ja Läänemaa Muuseumid";"90012432";"28.01.2014";"Tähtajatu";"Jah";"Toitlustamine";""
"KTO019133";"OÜ Almandin";"12588911";"24.01.2014";"Tähtajatu";"Jah";"Toitlustamine";""
"KTO019128";"WETT Eesti OÜ";"10495860";"22.01.2014";"Tähtajatu";"Jah";"Toitlustamine";""
"KTO019123";"Sündmuste Looja OÜ";"12588501";"16.01.2014";"Tähtajatu";"Jah";"Toitlustamine";""
"KTO019120";"RODMAN OÜ";"12425974";"15.01.2014";"Tähtajatu";"Jah";"Toitlustamine";""
"KTO019114";"Beer&Drink OÜ";"12529852";"10.01.2014";"Tähtajatu";"Jah";"Toitlustamine";""
"KTO019109";"Kanylatambi Swanachianga OÜ";"12583662";"09.01.2014";"Tähtajatu";"Jah";"Toitlustamine";""
"KTO019103";"KHANKO GRUPP OÜ";"12098004";"06.01.2014";"Tähtajatu";"Jah";"Toitlustamine";""
"KTO019098";"OÜ Ai Long";"12563613";"31.12.2013";"Tähtajatu";"Jah";"Toitlustamine";""
"KTO019088";"Krõbekana OÜ";"12576834";"30.12.2013";"Tähtajatu";"Jah";"Toitlustamine";""
"KTO019090";"AL.Truumaa Turism OÜ";"12576432";"30.12.2013";"Tähtajatu";"Jah";"Toitlustamine";""
"KTO019086";"OÜ ARIPALTE";"11078005";"27.12.2013";"Tähtajatu";"Jah";"Toitlustamine";""
"KTO019076";"Gerox OÜ";"12009354";"20.12.2013";"Tähtajatu";"Jah";"Toitlustamine";""
"KTO019064";"Manjana OÜ";"11900600";"19.12.2013";"Tähtajatu";"Jah";"Toitlustamine";""
"KTO019063";"Arcel Metall OÜ";"11378428";"18.12.2013";"Tähtajatu";"Jah";"Toitlustamine";""
"KTO019056";"Colpampolo Zoilapores OÜ";"11475901";"13.12.2013";"Tähtajatu";"Jah";"Toitlustamine";""
"KTO019049";"Osaühing Some";"10090688";"12.12.2013";"Tähtajatu";"Jah";"Toitlustamine";""
"KTO019037";"Ehe ja Ehtne OÜ";"12480494";"10.12.2013";"Tähtajatu";"Jah";"Toitlustamine";""
"KTO019031";"Ameerika Restoran OÜ";"12497543";"09.12.2013";"Tähtajatu";"Jah";"Toitlustamine";""
"KTO019032";"CALLAREX GRUPP OÜ";"11192942";"09.12.2013";"Tähtajatu";"Jah";"Toitlustamine";""
"KTO019033";"OÜ Fregatt";"12547590";"09.12.2013";"Tähtajatu";"Jah";"Toitlustamine";""
"KTO019029";"Mirasol OÜ";"12512917";"06.12.2013";"Tähtajatu";"Jah";"Toitlustamine";""
"KTO019027";"BARVA EESTI OÜ";"12222020";"06.12.2013";"Tähtajatu";"Jah";"Toitlustamine";""
"KTO019025";"OÜ Novoloto";"10159983";"04.12.2013";"Tähtajatu";"Jah";"Toitlustamine";""
"KTO019026";"Mahe Pagar OÜ";"11965172";"04.12.2013";"Tähtajatu";"Jah";"Toitlustamine";""
"KTO019023";"Hotell Antonius OÜ";"12538897";"04.12.2013";"Tähtajatu";"Jah";"Toitlustamine";""
"KTO019018";"Osaühing Laesson & Partnerid";"10847861";"03.12.2013";"Tähtajatu";"Jah";"Toitlustamine";""
"KTO019016";"OÜ RockMeedium";"12337288";"02.12.2013";"Tähtajatu";"Jah";"Toitlustamine";""
"KTO019011";"Osaühing Stekil";"10229270";"29.11.2013";"Tähtajatu";"Jah";"Toitlustamine";""
"KTO019004";"Gustav Kohvikud OÜ";"12539738";"28.11.2013";"Tähtajatu";"Jah";"Toitlustamine";""
"KTO019003";"Sorka OÜ";"12555186";"27.11.2013";"Tähtajatu";"Jah";"Toitlustamine";""
"KTO019001";"OÜ Momo";"10884224";"27.11.2013";"Tähtajatu";"Jah";"Toitlustamine";""
"KTO018998";"MTÜ Prill ja Põll";"80363751";"26.11.2013";"Tähtajatu";"Jah";"Toitlustamine";""
"KTO018991";"Cafe de Flore OÜ";"12518073";"25.11.2013";"Tähtajatu";"Jah";"Toitlustamine";""
"KTO018992";"Bürgermeister Restoran OÜ";"12496456";"25.11.2013";"Tähtajatu";"Jah";"Toitlustamine";""
"KTO018975";"OÜ Q Catering";"12231466";"21.11.2013";"Tähtajatu";"Jah";"Toitlustamine";""
"KTO018957";"Köök, Kunst ja Kohvikud OÜ";"12258040";"14.11.2013";"Tähtajatu";"Jah";"Toitlustamine";""
"KTO018955";"Sven's Car OÜ";"12116328";"13.11.2013";"Tähtajatu";"Jah";"Toitlustamine";""
"KTO018937";"OÜ Täheke";"11673133";"30.10.2013";"Tähtajatu";"Jah";"Toitlustamine";""
"KTO018936";"TÜLL OÜ";"12557446";"30.10.2013";"Tähtajatu";"Jah";"Toitlustamine";""
"KTO018929";"Osaühing Esperan";"10711179";"28.10.2013";"Tähtajatu";"Jah";"Toitlustamine";""
"KTO018923";"OÜ Suur Aasta";"12502057";"23.10.2013";"Tähtajatu";"Jah";"Toitlustamine";""
"KTO018924";"Mejule OÜ";"12504102";"23.10.2013";"Tähtajatu";"Jah";"Toitlustamine";""
"KTO018918";"Kungla Investeeringu Osaühing";"10103126";"22.10.2013";"Tähtajatu";"Jah";"Toitlustamine";""
"KTO018911";"OÜ Escarius";"12527563";"18.10.2013";"Tähtajatu";"Jah";"Toitlustamine";""
"KTO018907";"OÜ Romaan";"12518860";"16.10.2013";"Tähtajatu";"Jah";"Toitlustamine";""
"KTO018906";"osaühing Segmention";"11277851";"16.10.2013";"Tähtajatu";"Jah";"Toitlustamine";""
"KTO018900";"Anseküla Teelistemaja OÜ";"12494542";"15.10.2013";"Tähtajatu";"Jah";"Toitlustamine";""
"KTO018897";"Mittetulundusühing Piiri Köök";"80325101";"14.10.2013";"Tähtajatu";"Jah";"Toitlustamine";""
"KTO018892";"Osaühing Liisi";"10358665";"11.10.2013";"Tähtajatu";"Jah";"Toitlustamine";""
"KTO018890";"OÜ Flusso";"12257454";"10.10.2013";"Tähtajatu";"Jah";"Toitlustamine";""
"KTO018882";"Osaühing ZERIS";"10279049";"07.10.2013";"Tähtajatu";"Jah";"Toitlustamine";""
"KTO018877";"MeieMaitse OÜ";"11885705";"04.10.2013";"Tähtajatu";"Jah";"Toitlustamine";""
"KTO018879";"osaühing Lidiira";"10476100";"04.10.2013";"Tähtajatu";"Jah";"Toitlustamine";""
"KTO018878";"Select Service Partner Eesti Aktsiaselts";"10555615";"04.10.2013";"Tähtajatu";"Jah";"Toitlustamine";""
"KTO018874";"Gyllene OÜ";"12014237";"03.10.2013";"Tähtajatu";"Jah";"Toitlustamine";""
"KTO018868";"Tulundusühistu Narva Hõbe-Valgus GS";"10200763";"02.10.2013";"Tähtajatu";"Jah";"Toitlustamine";""
"KTO018866";"SAIAKOHVIK OÜ";"12377224";"02.10.2013";"Tähtajatu";"Jah";"Toitlustamine";""
"KTO018861";"Werrew OÜ";"12131724";"01.10.2013";"Tähtajatu";"Jah";"Toitlustamine";""
"KTO018852";"Alleksi Peomaja OÜ";"12330978";"26.09.2013";"Tähtajatu";"Jah";"Toitlustamine";""
"KTO018850";"Ammende Hotell OÜ";"12527712";"25.09.2013";"Tähtajatu";"Jah";"Toitlustamine";""
"KTO018827";"Ravintola OÜ";"12530826";"19.09.2013";"Tähtajatu";"Jah";"Toitlustamine";""
"KTO018809";"JAHH Catering OÜ";"12469378";"16.09.2013";"Tähtajatu";"Jah";"Toitlustamine";""
"KTO018769";"OÜ Meretaverna";"12512923";"06.09.2013";"Tähtajatu";"Jah";"Toitlustamine";""
"KTO018768";"Osaühing PRIMOS GRUPP";"11101655";"06.09.2013";"Tähtajatu";"Jah";"Toitlustamine";""
"KTO018738";"Anelion OÜ";"12507307";"30.08.2013";"Tähtajatu";"Jah";"Toitlustamine";""
"KTO018737";"osaühing PAULMERK";"10880605";"29.08.2013";"Tähtajatu";"Jah";"Toitlustamine";""
"KTO018713";"720 KRAADI OÜ";"12474525";"23.08.2013";"Tähtajatu";"Jah";"Toitlustamine";""
"KTO018675";"Smackers OÜ";"11731008";"21.08.2013";"Tähtajatu";"Jah";"Toitlustamine";""
"KTO018662";"Music Academy OÜ";"11548014";"16.08.2013";"Tähtajatu";"Jah";"Toitlustamine";""
"KTO018636";"DECOREST DISAIN OÜ";"10820158";"15.08.2013";"Tähtajatu";"Jah";"Toitlustamine";""
"KTO018623";"Usaldusühing H&S SERVICES";"10680622";"15.08.2013";"Tähtajatu";"Jah";"Toitlustamine";""
"KTO018626";"GLAK OÜ";"12505604";"15.08.2013";"Tähtajatu";"Jah";"Toitlustamine";""
"KTO018608";"Osaühing Traus-RAK";"10633568";"14.08.2013";"Tähtajatu";"Jah";"Toitlustamine";""
"KTO018613";"Kerubo Wawuda OÜ";"12470414";"14.08.2013";"Tähtajatu";"Jah";"Toitlustamine";""
"KTO018595";"GLAK OÜ";"12505604";"12.08.2013";"Tähtajatu";"Jah";"Toitlustamine";""
"KTO018597";"GLAK OÜ";"12505604";"12.08.2013";"Tähtajatu";"Jah";"Toitlustamine";""
"KTO018598";"Osaühing SIANNA";"10783693";"12.08.2013";"Tähtajatu";"Jah";"Toitlustamine";""
"KTO018596";"GLAK OÜ";"12505604";"12.08.2013";"Tähtajatu";"Jah";"Toitlustamine";""
"KTO018594";"GLAK OÜ";"12505604";"12.08.2013";"Tähtajatu";"Jah";"Toitlustamine";""
"KTO018561";"Osaühing Kuppel Toitlustus";"11468083";"08.08.2013";"Tähtajatu";"Jah";"Toitlustamine";""
"KTO018466";"Andi Kuivjõgi";"10581937";"29.07.2013";"Tähtajatu";"Jah";"Toitlustamine";""
"KTO018387";"Ugur OÜ";"12467246";"19.07.2013";"Tähtajatu";"Jah";"Toitlustamine";""
"KTO018376";"OÜ GINER";"12494800";"18.07.2013";"Tähtajatu";"Jah";"Toitlustamine";""
"KTO018365";"Osaühing Acrofit";"10680680";"18.07.2013";"Tähtajatu";"Jah";"Toitlustamine";""
"KTO018344";"LIVIAKS OÜ";"12465483";"15.07.2013";"Tähtajatu";"Jah";"Toitlustamine";""
"KTO018346";"OÜ Lacree Kaubandus";"10930875";"15.07.2013";"Tähtajatu";"Jah";"Toitlustamine";""
"KTO018302";"Osaühing Nuka Kaubad";"10229175";"10.07.2013";"Tähtajatu";"Jah";"Toitlustamine";""
"KTO018286";"NovaBeta OÜ";"11620711";"10.07.2013";"Tähtajatu";"Jah";"Toitlustamine";""
"KTO018250";"ViaStop Invest OÜ";"10857670";"05.07.2013";"Tähtajatu";"Jah";"Toitlustamine";""
"KTO018246";"Raho OÜ";"10816257";"05.07.2013";"Tähtajatu";"Jah";"Toitlustamine";""
"KTO018239";"U&K TOITLUSTUS OÜ";"11758355";"05.07.2013";"Tähtajatu";"Jah";"Toitlustamine";""
"KTO018229";"OLEV MÄE";"11382200";"04.07.2013";"Tähtajatu";"Jah";"Toitlustamine";""
"KTO018198";"Tuisuliiva OÜ";"10658963";"03.07.2013";"Tähtajatu";"Jah";"Toitlustamine";""
"KTO018184";"Tallinna Linnamuuseum";"75016183";"01.07.2013";"Tähtajatu";"Jah";"Toitlustamine";""
"KTO018130";"Horveitex osaühing";"12098820";"27.06.2013";"Tähtajatu";"Jah";"Toitlustamine";""
"KTO018129";"Fashion OÜ";"12484084";"27.06.2013";"Tähtajatu";"Jah";"Toitlustamine";""
"KTO018070";"Taurax OÜ";"12365971";"21.06.2013";"Tähtajatu";"Jah";"Toitlustamine";""
"KTO017914";"Ööpäev OÜ";"12474068";"17.06.2013";"Tähtajatu";"Jah";"Toitlustamine";""
"KTO017923";"OÜ Efendi";"10382853";"17.06.2013";"Tähtajatu";"Jah";"Toitlustamine";""
"KTO017897";"MTÜ Abruka Rannaniit";"80317745";"14.06.2013";"Tähtajatu";"Jah";"Toitlustamine";""
"KTO017903";"Jahimaja OÜ";"11231760";"14.06.2013";"Tähtajatu";"Jah";"Toitlustamine";""
"KTO017898";"Vanalinna Lounge OÜ";"12424490";"14.06.2013";"Tähtajatu";"Jah";"Toitlustamine";""
"KTO017862";"BARTO GRUPP OÜ";"12392057";"12.06.2013";"Tähtajatu";"Jah";"Toitlustamine";""
"KTO017841";"Nordstrand OÜ";"12179731";"11.06.2013";"Tähtajatu";"Jah";"Toitlustamine";""
"KTO017829";"Fresco Partners OÜ";"11902007";"10.06.2013";"Tähtajatu";"Jah";"Toitlustamine";""
"KTO017822";"Gastro OÜ";"11694773";"10.06.2013";"Tähtajatu";"Jah";"Toitlustamine";""
"KTO017808";"PARIKON OÜ";"12476417";"07.06.2013";"Tähtajatu";"Jah";"Toitlustamine";""
"KTO017798";"Ilus Ella OÜ";"11089960";"06.06.2013";"Tähtajatu";"Jah";"Toitlustamine";""
"KTO017792";"Toidumaania OÜ";"11881179";"06.06.2013";"Tähtajatu";"Jah";"Toitlustamine";""
"KTO017768";"Köök Kuubis OÜ";"12432561";"05.06.2013";"Tähtajatu";"Jah";"Toitlustamine";""
"KTO017767";"Kelmar Catering OÜ";"12449067";"05.06.2013";"Tähtajatu";"Jah";"Toitlustamine";""
"KTO017723";"OÜ Kohvisadam";"12475180";"31.05.2013";"Tähtajatu";"Jah";"Toitlustamine";""
"KTO017717";"LAIF ART OÜ";"12449296";"31.05.2013";"Tähtajatu";"Jah";"Toitlustamine";""
"KTO017709";"OÜ ABIEHITUS";"12363067";"30.05.2013";"Tähtajatu";"Jah";"Toitlustamine";""
"KTO017683";"osaühing Joonas KT";"10083547";"29.05.2013";"Tähtajatu";"Jah";"Toitlustamine";""
"KTO017675";"LAPINETA OÜ";"11644999";"28.05.2013";"Tähtajatu";"Jah";"Toitlustamine";""
"KTO017655";"TallinnHotels OÜ";"11084782";"24.05.2013";"Tähtajatu";"Jah";"Toitlustamine";""
"KTO017656";"TallinnHotels OÜ";"11084782";"24.05.2013";"Tähtajatu";"Jah";"Toitlustamine";""
"KTO017629";"OÜ TOIDUPADA";"12004233";"20.05.2013";"Tähtajatu";"Jah";"Toitlustamine";""
"KTO017631";"Kohvikann OÜ";"12256934";"20.05.2013";"Tähtajatu";"Jah";"Toitlustamine";""
"KTO017572";"Pizza Hunt OÜ";"12391328";"09.05.2013";"Tähtajatu";"Jah";"Toitlustamine";""
"KTO017558";"OÜ PT Toitlustus";"12461700";"07.05.2013";"Tähtajatu";"Jah";"Toitlustamine";""
"KTO017548";"OÜ Must Käsi 2";"12127833";"06.05.2013";"Tähtajatu";"Jah";"Toitlustamine";""
"KTO017547";"R - CATERING OÜ";"12417892";"06.05.2013";"Tähtajatu";"Jah";"Toitlustamine";""
"KTO017551";"Riholga OÜ";"12428298";"06.05.2013";"Tähtajatu";"Jah";"Toitlustamine";""
"KTO017541";"ANDI INVEST OÜ";"11737212";"03.05.2013";"Tähtajatu";"Jah";"Toitlustamine";""
"KTO017539";"aktsiaselts TALLINK";"10710010";"03.05.2013";"Tähtajatu";"Jah";"Toitlustamine";""
"KTO017545";"osaühing St.Patrick's";"10571502";"03.05.2013";"Tähtajatu";"Jah";"Toitlustamine";""
"KTO017530";"Ramitas Eesti OÜ";"11382364";"02.05.2013";"Tähtajatu";"Jah";"Toitlustamine";""
"KTO017517";"Mosaiik Grupp OÜ";"12335088";"30.04.2013";"Tähtajatu";"Jah";"Toitlustamine";""
"KTO017511";"OÜ Flusso";"12257454";"30.04.2013";"Tähtajatu";"Jah";"Toitlustamine";""
"KTO017497";"Vesimünt OÜ";"12460149";"26.04.2013";"Tähtajatu";"Jah";"Toitlustamine";""
"KTO017500";"Karulauk OÜ";"12461640";"26.04.2013";"Tähtajatu";"Jah";"Toitlustamine";""
"KTO017485";"Sihtasutus Narva Muuseum";"90011481";"24.04.2013";"Tähtajatu";"Jah";"Toitlustamine";""
"KTO017483";"Kassiaru OÜ";"12020663";"24.04.2013";"Tähtajatu";"Jah";"Toitlustamine";""
"KTO017489";"Ostrat Grupp OÜ";"11379209";"24.04.2013";"Tähtajatu";"Jah";"Toitlustamine";""
"KTO017474";"CALLAREX GRUPP OÜ";"11192942";"23.04.2013";"Tähtajatu";"Jah";"Toitlustamine";""
"KTO017473";"Saukas Food OÜ";"12006410";"22.04.2013";"Tähtajatu";"Jah";"Toitlustamine";""
"KTO017469";"Prowints OÜ";"12325612";"19.04.2013";"Tähtajatu";"Jah";"Toitlustamine";""
"KTO017464";"Gerat Lammutus OÜ";"12276753";"19.04.2013";"Tähtajatu";"Jah";"Toitlustamine";""
"KTO017460";"Blesser OÜ";"12161139";"18.04.2013";"Tähtajatu";"Jah";"Toitlustamine";""
"KTO017454";"Garganega OÜ";"12259016";"18.04.2013";"Tähtajatu";"Jah";"Toitlustamine";""
"KTO017461";"Servicetrade OÜ";"11536442";"18.04.2013";"Tähtajatu";"Jah";"Toitlustamine";""
"KTO017457";"Tudengikohvik OÜ";"10676885";"18.04.2013";"Tähtajatu";"Jah";"Toitlustamine";""
"KTO017450";"Mutengaziku Kapelabulungu OÜ";"11120517";"16.04.2013";"Tähtajatu";"Jah";"Toitlustamine";""
"KTO017446";"Oü Artur ja Catering";"11916877";"15.04.2013";"Tähtajatu";"Jah";"Toitlustamine";""
"KTO017432";"Sonero OÜ";"12436642";"10.04.2013";"Tähtajatu";"Jah";"Toitlustamine";""
"KTO017435";"ARIPO OÜ";"12411263";"10.04.2013";"Tähtajatu";"Jah";"Toitlustamine";""
"KTO017426";"Osaühing Truude";"10769144";"08.04.2013";"Tähtajatu";"Jah";"Toitlustamine";""
"KTO017419";"JanSalu Osaühing";"11249748";"05.04.2013";"Tähtajatu";"Jah";"Toitlustamine";""
"KTO017420";"OÜ TAMMURI";"11320535";"05.04.2013";"Tähtajatu";"Jah";"Toitlustamine";""
"KTO017409";"Kaldavere OÜ";"10774760";"01.04.2013";"Tähtajatu";"Jah";"Toitlustamine";""
"KTO017402";"Osaühing Luidoor";"12161866";"28.03.2013";"Tähtajatu";"Jah";"Toitlustamine";""
"KTO017399";"Viirisepa OÜ";"10503469";"27.03.2013";"Tähtajatu";"Jah";"Toitlustamine";""
"KTO017401";"Finest Rannahotell OÜ";"10410673";"27.03.2013";"Tähtajatu";"Jah";"Toitlustamine";""
"KTO017400";"Kungla Investeeringu Osaühing";"10103126";"27.03.2013";"Tähtajatu";"Jah";"Toitlustamine";""
"KTO017397";"Osaühing Kariplon";"10813900";"26.03.2013";"Tähtajatu";"Jah";"Toitlustamine";""
"KTO017396";"Terve Ilm OÜ";"12305897";"26.03.2013";"Tähtajatu";"Jah";"Toitlustamine";""
"KTO017394";"Deluxe Services OÜ";"12294337";"26.03.2013";"Tähtajatu";"Jah";"Toitlustamine";""
"KTO017390";"osaühing Mäesalu Kohvik";"10041655";"25.03.2013";"Tähtajatu";"Jah";"Toitlustamine";""
"KTO017384";"Osaühing Artemis Souvlaki";"11091767";"20.03.2013";"Tähtajatu";"Jah";"Toitlustamine";""
"KTO017377";"osaühing VANEMUISE KOHVIK";"10051694";"15.03.2013";"Tähtajatu";"Jah";"Toitlustamine";""
"KTO017373";"OÜ KILIKIA";"11122640";"15.03.2013";"Tähtajatu";"Jah";"Toitlustamine";""
"KTO017370";"KOIDU KOHVIK OÜ";"12236765";"14.03.2013";"Tähtajatu";"Jah";"Toitlustamine";""
"KTO017368";"osaühing Raiesmaa";"10967453";"14.03.2013";"Tähtajatu";"Jah";"Toitlustamine";""
"KTO017366";"Osaühing Esperan";"10711179";"13.03.2013";"Tähtajatu";"Jah";"Toitlustamine";""
"KTO017361";"Rice&Nori OÜ";"12407209";"12.03.2013";"Tähtajatu";"Jah";"Toitlustamine";""
"KTO017356";"OÜ Inni Catering";"12278290";"07.03.2013";"Tähtajatu";"Jah";"Toitlustamine";""
"KTO017351";"Amijami OÜ";"12075747";"05.03.2013";"Tähtajatu";"Jah";"Toitlustamine";""
"KTO017335";"Miska OÜ";"11893797";"28.02.2013";"Tähtajatu";"Jah";"Toitlustamine";""
"KTO017334";"osaühing SÜVIRAND";"10384616";"28.02.2013";"Tähtajatu";"Jah";"Toitlustamine";""
"KTO017331";"Raplamaa Rakenduslik Kolled?";"70000846";"27.02.2013";"Tähtajatu";"Jah";"Toitlustamine";""
"KTO017330";"sihtasutus Ajakeskus Wittenstein";"90010290";"26.02.2013";"Tähtajatu";"Jah";"Toitlustamine";""
"KTO017328";"OÜ McKenzie Invest";"10951185";"25.02.2013";"Tähtajatu";"Jah";"Toitlustamine";""
"KTO017327";"ZEP Group OÜ";"12379341";"25.02.2013";"Tähtajatu";"Jah";"Toitlustamine";""
"KTO017321";"Mixed Invest OÜ";"12151827";"20.02.2013";"Tähtajatu";"Jah";"Toitlustamine";""
"KTO017302";"Kulinaaria OÜ";"12304610";"12.02.2013";"Tähtajatu";"Jah";"Toitlustamine";""
"KTO017294";"Sushi Set OÜ";"12229431";"07.02.2013";"Tähtajatu";"Jah";"Toitlustamine";""
"KTO017289";"Osaühing Süsi SG";"10187347";"05.02.2013";"Tähtajatu";"Jah";"Toitlustamine";""
"KTO017283";"Winelibrary OÜ";"12380539";"01.02.2013";"Tähtajatu";"Jah";"Toitlustamine";""
"KTO017282";"Campus Events OÜ";"12271371";"31.01.2013";"Tähtajatu";"Jah";"Toitlustamine";""
"KTO017273";"OÜ Kolm Sibulat";"12323671";"28.01.2013";"Tähtajatu";"Jah";"Toitlustamine";""
"KTO017271";"AGT KÖÖGID OÜ";"11512884";"25.01.2013";"Tähtajatu";"Jah";"Toitlustamine";""
"KTO017268";"Aritsa OÜ";"12390147";"18.01.2013";"Tähtajatu";"Jah";"Toitlustamine";""
"KTO017263";"OÜ Trimiks";"12394116";"17.01.2013";"Tähtajatu";"Jah";"Toitlustamine";""
"KTO017264";"Aktsiaselts Tallink Grupp";"10238429";"17.01.2013";"Tähtajatu";"Jah";"Toitlustamine";""
"KTO017260";"Oaas Catering OÜ";"12258092";"11.01.2013";"Tähtajatu";"Jah";"Toitlustamine";""
"KTO017261";"Osaühing SANESI";"10797076";"11.01.2013";"Tähtajatu";"Jah";"Toitlustamine";""
"KTO017258";"Rahvaresto OÜ";"12375225";"09.01.2013";"Tähtajatu";"Jah";"Toitlustamine";""
"KTO017252";"Helgi Käer";"12377603";"07.01.2013";"Tähtajatu";"Jah";"Toitlustamine";""
"KTO017237";"Tianmga OÜ";"12182265";"28.12.2012";"Tähtajatu";"Jah";"Toitlustamine";""
"KTO017238";"Osaühing Capsi AP";"10301731";"28.12.2012";"Tähtajatu";"Jah";"Toitlustamine";""
"KTO017235";"OÜ Valencia Grupp";"11977949";"27.12.2012";"Tähtajatu";"Jah";"Toitlustamine";""
"KTO017236";"MDS Impex OÜ";"12228435";"27.12.2012";"Tähtajatu";"Jah";"Toitlustamine";""
"KTO017228";"Dicasa OÜ";"12368219";"21.12.2012";"Tähtajatu";"Jah";"Toitlustamine";""
"KTO017229";"Aparan OÜ";"11492911";"21.12.2012";"Tähtajatu";"Jah";"Toitlustamine";""
"KTO017223";"OÜ FELLINI KOHVIK";"12335042";"20.12.2012";"Tähtajatu";"Jah";"Toitlustamine";""
"KTO017219";"Bogema Nord OÜ";"11902036";"19.12.2012";"Tähtajatu";"Jah";"Toitlustamine";""
"KTO017217";"Tkohvik OÜ";"12370021";"18.12.2012";"Tähtajatu";"Jah";"Toitlustamine";""
"KTO017213";"OÜ KAPARELLA";"12342831";"14.12.2012";"Tähtajatu";"Jah";"Toitlustamine";""
"KTO017212";"Cesare Group OÜ";"12383012";"14.12.2012";"Tähtajatu";"Jah";"Toitlustamine";""
"KTO017203";"Banaania Lugu OÜ";"12361252";"12.12.2012";"Tähtajatu";"Jah";"Toitlustamine";""
"KTO017204";"OÜ ME Lillakud";"12380195";"12.12.2012";"Tähtajatu";"Jah";"Toitlustamine";""
"KTO017198";"Logro OÜ";"12363446";"07.12.2012";"Tähtajatu";"Jah";"Toitlustamine";""
"KTO017193";"Manakamana OÜ";"12372310";"06.12.2012";"Tähtajatu";"Jah";"Toitlustamine";""
"KTO017187";"Osaühing Kentmanni Pub";"10789193";"05.12.2012";"Tähtajatu";"Jah";"Toitlustamine";""
"KTO017188";"Tsagaandelger Khalzan OÜ";"10974766";"05.12.2012";"Tähtajatu";"Jah";"Toitlustamine";""
"KTO017178";"Osaühing MAX SERVIC";"10661300";"30.11.2012";"Tähtajatu";"Jah";"Toitlustamine";""
"KTO017180";"Nordic Homeart OÜ";"12189847";"30.11.2012";"Tähtajatu";"Jah";"Toitlustamine";""
"KTO017151";"BellAnita OÜ";"10820661";"19.11.2012";"Tähtajatu";"Jah";"Toitlustamine";""
"KTO017149";"osaühing Segmention";"11277851";"19.11.2012";"Tähtajatu";"Jah";"Toitlustamine";""
"KTO017138";"OÜ McKenzie Invest";"10951185";"16.11.2012";"Tähtajatu";"Jah";"Toitlustamine";""
"KTO017133";"Next Level Agency OÜ";"10560295";"15.11.2012";"Tähtajatu";"Jah";"Toitlustamine";""
"KTO017131";"Osaühing CARALEE";"10848866";"14.11.2012";"Tähtajatu";"Jah";"Toitlustamine";""
"KTO017128";"Ulberg OÜ";"12357150";"13.11.2012";"Tähtajatu";"Jah";"Toitlustamine";""
"KTO017125";"AB Expert OÜ";"11378871";"13.11.2012";"Tähtajatu";"Jah";"Toitlustamine";""
"KTO017107";"Osaühing KWARTONS";"10338355";"07.11.2012";"Tähtajatu";"Jah";"Toitlustamine";""
"KTO017103";"OÜ LUTSULAND";"10666964";"05.11.2012";"Tähtajatu";"Jah";"Toitlustamine";""
"KTO017100";"Jaagumäe Kaubanduse OÜ";"10804343";"01.11.2012";"Tähtajatu";"Jah";"Toitlustamine";""
"KTO017099";"OÜ ENTRI";"10474354";"01.11.2012";"Tähtajatu";"Jah";"Toitlustamine";""
"KTO017098";"OÜ Siliina";"12338796";"01.11.2012";"Tähtajatu";"Jah";"Toitlustamine";""
"KTO017096";"CAMIRO OÜ";"12367697";"31.10.2012";"Tähtajatu";"Jah";"Toitlustamine";""
"KTO017091";"Osaühing Upakkterminal EV";"10885985";"30.10.2012";"Tähtajatu";"Jah";"Toitlustamine";""
"KTO017084";"Sihtasutus Virumaa Muuseumid";"90003278";"25.10.2012";"Tähtajatu";"Jah";"Toitlustamine";""
"KTO017082";"Bratsoirum Eesti OÜ";"11647408";"24.10.2012";"Tähtajatu";"Jah";"Toitlustamine";""
"KTO017078";"MySushi OÜ";"12278143";"23.10.2012";"Tähtajatu";"Jah";"Toitlustamine";""
"KTO017065";"PAHAD POISID OÜ";"10299313";"18.10.2012";"Tähtajatu";"Jah";"Toitlustamine";""
"KTO017059";"Veinibaar OÜ";"12317721";"15.10.2012";"Tähtajatu";"Jah";"Toitlustamine";""
"KTO017056";"P. DUSSMANN EESTI Osaühing";"10068915";"12.10.2012";"Tähtajatu";"Jah";"Toitlustamine";""
"KTO017055";"Osaühing UpLine Grupp";"11235663";"12.10.2012";"Tähtajatu";"Jah";"Toitlustamine";""
"KTO017046";"RIVOLIA OÜ";"12337526";"10.10.2012";"Tähtajatu";"Jah";"Toitlustamine";""
"KTO017047";"UHLAPERE SELTS";"80327726";"10.10.2012";"Tähtajatu";"Jah";"Toitlustamine";""
"KTO017040";"Osaühing Kuku Köögid";"11238791";"09.10.2012";"Tähtajatu";"Jah";"Toitlustamine";""
"KTO017042";"Bright solution OÜ";"11373916";"09.10.2012";"Tähtajatu";"Jah";"Toitlustamine";""
"KTO017039";"Osaühing BREVINI";"10636176";"09.10.2012";"Tähtajatu";"Jah";"Toitlustamine";""
"KTO017032";"osaühing Culina";"10694897";"05.10.2012";"Tähtajatu";"Jah";"Toitlustamine";""
"KTO017034";"ZANA OÜ";"12194096";"05.10.2012";"Tähtajatu";"Jah";"Toitlustamine";""
"KTO017019";"MILIISI OÜ";"12028088";"01.10.2012";"Tähtajatu";"Jah";"Toitlustamine";""
"KTO017005";"Märtin Group OÜ";"12252280";"24.09.2012";"Tähtajatu";"Jah";"Toitlustamine";""
"KTO016980";"Osaühing Argonfeld";"10878100";"18.09.2012";"Tähtajatu";"Jah";"Toitlustamine";""
"KTO016979";"Kungla Investeeringu Osaühing";"10103126";"18.09.2012";"Tähtajatu";"Jah";"Toitlustamine";""
"KTO016981";"Foodline Group OÜ";"11604876";"18.09.2012";"Tähtajatu";"Jah";"Toitlustamine";""
"KTO016951";"AV Trading OÜ";"11443947";"13.09.2012";"Tähtajatu";"Jah";"Toitlustamine";""
"KTO016950";"Forum Cinemas OÜ";"10193098";"13.09.2012";"Tähtajatu";"Jah";"Toitlustamine";""
"KTO016926";"Eesti Kohvikud OÜ";"12295816";"05.09.2012";"Tähtajatu";"Jah";"Toitlustamine";""
"KTO016920";"RM Capital OÜ";"12259915";"04.09.2012";"Tähtajatu";"Jah";"Toitlustamine";""
"KTO016911";"Vintage Marketing OÜ";"12304797";"30.08.2012";"Tähtajatu";"Jah";"Toitlustamine";""
"KTO016898";"Geleador OÜ";"12208243";"28.08.2012";"Tähtajatu";"Jah";"Toitlustamine";""
"KTO016897";"Osaühing Veniete";"10654180";"27.08.2012";"Tähtajatu";"Jah";"Toitlustamine";""
"KTO016881";"OÜ Ahadeli";"11938264";"23.08.2012";"Tähtajatu";"Jah";"Toitlustamine";""
"KTO016849";"NordicOne OÜ";"11970948";"17.08.2012";"Tähtajatu";"Jah";"Toitlustamine";""
"KTO016804";"Vaat ja Vein OÜ";"12311159";"13.08.2012";"Tähtajatu";"Jah";"Toitlustamine";""
"KTO020274";"Veinibaar OÜ";"12317721";"12.08.2012";"Tähtajatu";"Jah";"Toitlustamine";""
"KTO016763";"OÜ Memmetoit";"12323702";"09.08.2012";"Tähtajatu";"Jah";"Toitlustamine";""
"KTO016768";"Tammevana OÜ";"12317920";"09.08.2012";"Tähtajatu";"Jah";"Toitlustamine";""
"KTO016737";"OÜ Torrox";"11386818";"07.08.2012";"Tähtajatu";"Jah";"Toitlustamine";""
"KTO016728";"TRAHTER MIMINO OÜ";"12253137";"03.08.2012";"Tähtajatu";"Jah";"Toitlustamine";""
"KTO016678";"Cloudstorms OÜ";"12317630";"01.08.2012";"Tähtajatu";"Jah";"Toitlustamine";""
"KTO016677";"Cloudstorms OÜ";"12317630";"01.08.2012";"Tähtajatu";"Jah";"Toitlustamine";""
"KTO016655";"Loud'n Live Promotions Estonia OÜ";"12301043";"27.07.2012";"Tähtajatu";"Jah";"Toitlustamine";""
"KTO016653";"OÜ Moonaladu";"12303705";"27.07.2012";"Tähtajatu";"Jah";"Toitlustamine";""
"KTO016557";"HD Trade Group OÜ";"11257570";"19.07.2012";"Tähtajatu";"Jah";"Toitlustamine";""
"KTO016522";"Riccardonet OÜ";"12076244";"13.07.2012";"Tähtajatu";"Jah";"Toitlustamine";""
"KTO016501";"KOHVISTOPP OÜ";"12232170";"12.07.2012";"Tähtajatu";"Jah";"Toitlustamine";""
"KTO016486";"Osaühing Rakbowl";"10771069";"11.07.2012";"Tähtajatu";"Jah";"Toitlustamine";""
"KTO016472";"Gromell OÜ";"11022743";"10.07.2012";"Tähtajatu";"Jah";"Toitlustamine";""
"KTO016478";"Till ja Kummel OÜ";"12208415";"10.07.2012";"Tähtajatu";"Jah";"Toitlustamine";""
"KTO016471";"Sihtasutus Saadjärve";"90007879";"10.07.2012";"Tähtajatu";"Jah";"Toitlustamine";""
"KTO016431";"Nasbor OÜ";"12308714";"05.07.2012";"Tähtajatu";"Jah";"Toitlustamine";""
"KTO016433";"OÜ Altvälja";"11636043";"05.07.2012";"Tähtajatu";"Jah";"Toitlustamine";""
"KTO016420";"Huntfood OÜ";"11875828";"04.07.2012";"Tähtajatu";"Jah";"Toitlustamine";""
"KTO016356";"Raekoja OÜ";"12269629";"29.06.2012";"Tähtajatu";"Jah";"Toitlustamine";""
"KTO016361";"Osaühing Wind of Change";"12290925";"29.06.2012";"Tähtajatu";"Jah";"Toitlustamine";""
"KTO016335";"Osaühing Haapsalu Linna Spordibaasid";"10792290";"28.06.2012";"Tähtajatu";"Jah";"Toitlustamine";""
"KTO016342";"osaühing Vanatoa Turismitalu";"11352819";"28.06.2012";"Tähtajatu";"Jah";"Toitlustamine";""
"KTO016330";"Meenele OÜ";"12267808";"27.06.2012";"Tähtajatu";"Jah";"Toitlustamine";""
"KTO016307";"aktsiaselts HEAL";"10075401";"26.06.2012";"Tähtajatu";"Jah";"Toitlustamine";""
"KTO016305";"Etikett OÜ";"12283185";"26.06.2012";"Tähtajatu";"Jah";"Toitlustamine";""
"KTO016306";"OÜ VIKKAUR";"12221485";"26.06.2012";"Tähtajatu";"Jah";"Toitlustamine";""
"KTO016303";"AILORE OÜ";"12255372";"26.06.2012";"Tähtajatu";"Jah";"Toitlustamine";""
"KTO016287";"Sushi Tiger OÜ";"12246031";"25.06.2012";"Tähtajatu";"Jah";"Toitlustamine";""
"KTO016290";"Aktsiaselts Tallink Grupp";"10238429";"25.06.2012";"Tähtajatu";"Jah";"Toitlustamine";""
"KTO016209";"Kungla Investeeringu Osaühing";"10103126";"21.06.2012";"Tähtajatu";"Jah";"Toitlustamine";""
"KTO016181";"Astri Buffet OÜ";"11602110";"20.06.2012";"Tähtajatu";"Jah";"Toitlustamine";""
"KTO016140";"OÜ KÕRKJAKE";"10915516";"19.06.2012";"Tähtajatu";"Jah";"Toitlustamine";""
"KTO016120";"BellaVia OÜ";"12241298";"15.06.2012";"Tähtajatu";"Jah";"Toitlustamine";""
"KTO016098";"Vastseliina Piiskopilinnuse Sihtasutus";"90011317";"14.06.2012";"Tähtajatu";"Jah";"Toitlustamine";""
"KTO016102";"Konsultaat OÜ";"12284020";"14.06.2012";"Tähtajatu";"Jah";"Toitlustamine";""
"KTO016072";"Sihtasutus Endla Teater";"90010769";"13.06.2012";"Tähtajatu";"Jah";"Toitlustamine";""
"KTO016081";"Osaühing Aldar Eesti";"11710650";"13.06.2012";"Tähtajatu";"Jah";"Toitlustamine";""
"KTO016083";"OÜ Flusso";"12257454";"13.06.2012";"Tähtajatu";"Jah";"Toitlustamine";""
"KTO016049";"OÜ Artop";"12295288";"11.06.2012";"Tähtajatu";"Jah";"Toitlustamine";""
"KTO016050";"Osaühing Kongo Hotell";"12146312";"11.06.2012";"Tähtajatu";"Jah";"Toitlustamine";""
"KTO016045";"Parimad Peod OÜ";"12209165";"08.06.2012";"Tähtajatu";"Jah";"Toitlustamine";""
"KTO016037";"Estmidt Grupp OÜ";"11385090";"08.06.2012";"Tähtajatu";"Jah";"Toitlustamine";""
"KTO016033";"Osaühing Estnature";"10893938";"08.06.2012";"Tähtajatu";"Jah";"Toitlustamine";""
"KTO016039";"Bergamo Grupp OÜ";"12246261";"08.06.2012";"Tähtajatu";"Jah";"Toitlustamine";""
"KTO015903";"EUM Events OÜ";"12076126";"31.05.2012";"Tähtajatu";"Jah";"Toitlustamine";""
"KTO015893";"Osaühing Jeeb";"10794679";"30.05.2012";"Tähtajatu";"Jah";"Toitlustamine";""
"KTO015886";"OÜ Linelot";"10787633";"29.05.2012";"Tähtajatu";"Jah";"Toitlustamine";""
"KTO015879";"OÜ Pairon";"11952784";"29.05.2012";"Tähtajatu";"Jah";"Toitlustamine";""
"KTO015884";"OÜ Q Catering";"12231466";"29.05.2012";"Tähtajatu";"Jah";"Toitlustamine";""
"KTO015885";"Harala OÜ";"11894130";"29.05.2012";"Tähtajatu";"Jah";"Toitlustamine";""
"KTO015859";"Doberan OÜ";"12229771";"28.05.2012";"Tähtajatu";"Jah";"Toitlustamine";""
"KTO015853";"Kunstigurmee OÜ";"12033619";"25.05.2012";"Tähtajatu";"Jah";"Toitlustamine";""
"KTO015834";"Osaühing Kalastustarbed";"11253388";"24.05.2012";"Tähtajatu";"Jah";"Toitlustamine";""
"KTO015839";"Kungla Investeeringu Osaühing";"10103126";"24.05.2012";"Tähtajatu";"Jah";"Toitlustamine";""
"KTO015840";"Amber Museum OÜ";"12286651";"24.05.2012";"Tähtajatu";"Jah";"Toitlustamine";""
"KTO015838";"OÜ Valaste Puhkeküla";"12281872";"24.05.2012";"Tähtajatu";"Jah";"Toitlustamine";""
"KTO015823";"OÜ Paemetsa";"10246541";"23.05.2012";"Tähtajatu";"Jah";"Toitlustamine";""
"KTO015827";"OSAÜHING WESTBERG";"10264415";"23.05.2012";"Tähtajatu";"Jah";"Toitlustamine";""
"KTO015817";"U&K TOITLUSTUS OÜ";"11758355";"23.05.2012";"Tähtajatu";"Jah";"Toitlustamine";""
"KTO015811";"osaühing VIIA VESKI";"10184320";"22.05.2012";"Tähtajatu";"Jah";"Toitlustamine";""
"KTO015790";"Ibrahim OÜ";"12171385";"17.05.2012";"Tähtajatu";"Jah";"Toitlustamine";""
"KTO015782";"OÜ Lasteklubi";"12267627";"16.05.2012";"Tähtajatu";"Jah";"Toitlustamine";""
"KTO015772";"Green Bay Ribs OÜ";"12236021";"15.05.2012";"Tähtajatu";"Jah";"Toitlustamine";""
"KTO015766";"Kinocandy OÜ";"12278440";"15.05.2012";"Tähtajatu";"Jah";"Toitlustamine";""
"KTO015764";"Kinocandy OÜ";"12278440";"15.05.2012";"Tähtajatu";"Jah";"Toitlustamine";""
"KTO015754";"Kõue mõis OÜ";"11246431";"11.05.2012";"Tähtajatu";"Jah";"Toitlustamine";""
"KTO015745";"Megakringel OÜ";"12116570";"11.05.2012";"Tähtajatu";"Jah";"Toitlustamine";""
"KTO015732";"OSAÜHING JASME";"10492168";"10.05.2012";"Tähtajatu";"Jah";"Toitlustamine";""
"KTO015719";"tulundusühistu ?eiker";"10060629";"08.05.2012";"Tähtajatu";"Jah";"Toitlustamine";""
"KTO015710";"osaühing BOUNTY";"10447529";"07.05.2012";"Tähtajatu";"Jah";"Toitlustamine";""
"KTO015709";"OÜ McKenzie Invest";"10951185";"07.05.2012";"Tähtajatu";"Jah";"Toitlustamine";""
"KTO015696";"OÜ PHARUS";"12150785";"03.05.2012";"Tähtajatu";"Jah";"Toitlustamine";""
"KTO015699";"OÜ Tatra Forell";"12104029";"03.05.2012";"Tähtajatu";"Jah";"Toitlustamine";""
"KTO015698";"Baarikivi OÜ";"12186903";"03.05.2012";"Tähtajatu";"Jah";"Toitlustamine";""
"KTO015692";"OÜ ADELOONE";"10670411";"02.05.2012";"Tähtajatu";"Jah";"Toitlustamine";""
"KTO015674";"Osaühing Taimler MM";"10403532";"27.04.2012";"Tähtajatu";"Jah";"Toitlustamine";""
"KTO015675";"OÜ Fantyard";"12252344";"27.04.2012";"Tähtajatu";"Jah";"Toitlustamine";""
"KTO015664";"Osaühing Taimler MM";"10403532";"26.04.2012";"Tähtajatu";"Jah";"Toitlustamine";""
"KTO015658";"OÜ SANVIR BISTROO VÄIKE TÕNISSON";"12244279";"25.04.2012";"Tähtajatu";"Jah";"Toitlustamine";""
"KTO015653";"CALLAREX GRUPP OÜ";"11192942";"23.04.2012";"Tähtajatu";"Jah";"Toitlustamine";""
"KTO015647";"OÜ Roograhu Sadam";"11584889";"23.04.2012";"Tähtajatu";"Jah";"Toitlustamine";""
"KTO015648";"Pirogov OÜ";"11264400";"23.04.2012";"Tähtajatu";"Jah";"Toitlustamine";""
"KTO015643";"Toome Köök OÜ";"11926657";"20.04.2012";"Tähtajatu";"Jah";"Toitlustamine";""
"KTO015637";"Bankend Restaurants OÜ";"12244776";"19.04.2012";"Tähtajatu";"Jah";"Toitlustamine";""
"KTO015631";"Sihtasutus Tehvandi Spordikeskus";"90007715";"18.04.2012";"Tähtajatu";"Jah";"Toitlustamine";""
"KTO015629";"OÜ R&G";"11527012";"18.04.2012";"Tähtajatu";"Jah";"Toitlustamine";""
"KTO015632";"Sihtasutus Tehvandi Spordikeskus";"90007715";"18.04.2012";"Tähtajatu";"Jah";"Toitlustamine";""
"KTO015623";"OSAÜHING MIMOSA DESIGN";"11282881";"16.04.2012";"Tähtajatu";"Jah";"Toitlustamine";""
"KTO015610";"OÜ Heim";"12200112";"12.04.2012";"Tähtajatu";"Jah";"Toitlustamine";""
"KTO015611";"Osaühing Roland Kaubandus";"10327682";"12.04.2012";"Tähtajatu";"Jah";"Toitlustamine";""
"KTO015609";"Joiner OÜ";"12200786";"11.04.2012";"Tähtajatu";"Jah";"Toitlustamine";""
"KTO015603";"Premia Tallinna Külmhoone AS";"10030700";"09.04.2012";"Tähtajatu";"Jah";"Toitlustamine";""
"KTO015602";"OÜ Väike Mü";"12168513";"09.04.2012";"Tähtajatu";"Jah";"Toitlustamine";""
"KTO015595";"OLXCLUB OSAÜHING";"12052746";"05.04.2012";"Tähtajatu";"Jah";"Toitlustamine";""
"KTO015597";"OÜ Akdeniz";"11311720";"05.04.2012";"Tähtajatu";"Jah";"Toitlustamine";""
"KTO015593";"Spargel OÜ";"12220014";"04.04.2012";"Tähtajatu";"Jah";"Toitlustamine";""
"KTO015586";"Haapsalu Kultuurikeskus";"75012860";"03.04.2012";"Tähtajatu";"Jah";"Toitlustamine";""
"KTO015576";"Rajaääre OÜ";"12183784";"29.03.2012";"Tähtajatu";"Jah";"Toitlustamine";""
"KTO015577";"Plekats KR OÜ";"12206557";"29.03.2012";"Tähtajatu";"Jah";"Toitlustamine";""
"KTO015570";"Boksipeatus OÜ";"12147085";"28.03.2012";"Tähtajatu";"Jah";"Toitlustamine";""
"KTO015566";"osaühing Kurent";"10044234";"27.03.2012";"Tähtajatu";"Jah";"Toitlustamine";""
"KTO015564";"osaühing Kurent";"10044234";"27.03.2012";"Tähtajatu";"Jah";"Toitlustamine";""
"KTO015558";"Suusakeskuste AS";"10211494";"20.03.2012";"Tähtajatu";"Jah";"Toitlustamine";""
"KTO015538";"Huntfood OÜ";"11875828";"06.03.2012";"Tähtajatu";"Jah";"Toitlustamine";""
"KTO015535";"Bowlex OÜ";"12093580";"06.03.2012";"Tähtajatu";"Jah";"Toitlustamine";""
"KTO015502";"OÜ Hiienurme";"12186429";"17.02.2012";"Tähtajatu";"Jah";"Toitlustamine";""
"KTO015498";"Terje Vähejaus";"12233324";"14.02.2012";"Tähtajatu";"Jah";"Toitlustamine";""
"KTO015486";"OÜ Pargi kultuurikeskus";"12164215";"09.02.2012";"Tähtajatu";"Jah";"Toitlustamine";""
"KTO015480";"Minuköök Osaühing";"11482692";"07.02.2012";"Tähtajatu";"Jah";"Toitlustamine";""
"KTO015470";"Colpampolo Zoilapores OÜ";"11475901";"31.01.2012";"Tähtajatu";"Jah";"Toitlustamine";""
"KTO015464";"OÜ Pargi kultuurikeskus";"12164215";"25.01.2012";"Tähtajatu";"Jah";"Toitlustamine";""
"KTO015459";"Levika OÜ";"12201367";"20.01.2012";"Tähtajatu";"Jah";"Toitlustamine";""
"KTO015449";"MTÜ Peipsimaa Kogukonnaköök";"80329300";"17.01.2012";"Tähtajatu";"Jah";"Toitlustamine";""
"KTO015448";"R.K.Riikal OÜ";"12135343";"13.01.2012";"Tähtajatu";"Jah";"Toitlustamine";""
"KTO015442";"osaühing KOPLI-K";"10079540";"10.01.2012";"Tähtajatu";"Jah";"Toitlustamine";""
"KTO015440";"SEVENOIL EST OÜ";"11076302";"09.01.2012";"Tähtajatu";"Jah";"Toitlustamine";""
"KTO015433";"Metsavenna Turismitalu OÜ";"11376398";"02.01.2012";"Tähtajatu";"Jah";"Toitlustamine";""
"KTO015420";"OLDE ESTONIA OÜ";"10887889";"28.12.2011";"Tähtajatu";"Jah";"Toitlustamine";""
"KTO015412";"Blesser OÜ";"12161139";"23.12.2011";"Tähtajatu";"Jah";"Toitlustamine";""
"KTO015402";"Trafacon OÜ";"10187376";"20.12.2011";"Tähtajatu";"Jah";"Toitlustamine";""
"KTO015404";"OÜ KADAKA BAAR";"10247894";"20.12.2011";"Tähtajatu";"Jah";"Toitlustamine";""
"KTO015401";"Ringburks OÜ";"12082859";"19.12.2011";"Tähtajatu";"Jah";"Toitlustamine";""
"KTO015396";"Meat Market OÜ";"12169885";"16.12.2011";"Tähtajatu";"Jah";"Toitlustamine";""
"KTO015380";"osaühing MaineGrupp";"10787062";"09.12.2011";"Tähtajatu";"Jah";"Toitlustamine";""
"KTO015379";"Särevere Mõisarahva Selts";"80281970";"09.12.2011";"Tähtajatu";"Jah";"Toitlustamine";""
"KTO015375";"OSAÜHING RIKA MOR";"10845655";"06.12.2011";"Tähtajatu";"Jah";"Toitlustamine";""
"KTO015372";"OÜ Makarov Muusik Production";"10731325";"05.12.2011";"Tähtajatu";"Jah";"Toitlustamine";""
"KTO015371";"STELSI OÜ";"11108967";"05.12.2011";"Tähtajatu";"Jah";"Toitlustamine";""
"KTO015362";"OÜ LUTSULAND";"10666964";"01.12.2011";"Tähtajatu";"Jah";"Toitlustamine";""
"KTO015361";"Osaühing IDA R&D";"10247635";"01.12.2011";"Tähtajatu";"Jah";"Toitlustamine";""
"KTO015363";"OÜ McKenzie Invest";"10951185";"01.12.2011";"Tähtajatu";"Jah";"Toitlustamine";""
"KTO015357";"Osaühing A Klass Ehitus";"11442899";"30.11.2011";"Tähtajatu";"Jah";"Toitlustamine";""
"KTO015345";"Blesser OÜ";"12161139";"29.11.2011";"Tähtajatu";"Jah";"Toitlustamine";""
"KTO015352";"osaühing Creole";"10151639";"29.11.2011";"Tähtajatu";"Jah";"Toitlustamine";""
"KTO015346";"Kohtu kohvik OÜ";"12173852";"29.11.2011";"Tähtajatu";"Jah";"Toitlustamine";""
"KTO015334";"Osaühing Kalamees";"10124424";"24.11.2011";"Tähtajatu";"Jah";"Toitlustamine";""
"KTO015331";"Uhtjärve Ürgoru Nõiariik OÜ";"11045603";"23.11.2011";"Tähtajatu";"Jah";"Toitlustamine";""
"KTO015332";"SEO Consulting Services OÜ";"12062162";"23.11.2011";"Tähtajatu";"Jah";"Toitlustamine";""
"KTO015318";"Everal Järve OÜ";"12158634";"21.11.2011";"Tähtajatu";"Jah";"Toitlustamine";""
"KTO015313";"Pikkjalg OÜ";"11606266";"18.11.2011";"Tähtajatu";"Jah";"Toitlustamine";""
"KTO015305";"MAN Group OÜ";"12181219";"16.11.2011";"Tähtajatu";"Jah";"Toitlustamine";""
"KTO015302";"Hansa Brewers Residence OÜ";"12123200";"14.11.2011";"Tähtajatu";"Jah";"Toitlustamine";""
"KTO015301";"Osaühing KRUNK";"10928654";"14.11.2011";"Tähtajatu";"Jah";"Toitlustamine";""
"KTO015294";"osaühing Erebuni";"10187666";"11.11.2011";"Tähtajatu";"Jah";"Toitlustamine";""
"KTO015297";"OÜ ALLIKAKOOPA";"12109305";"11.11.2011";"Tähtajatu";"Jah";"Toitlustamine";""
"KTO015289";"OÜ Restoran Privat";"12045491";"10.11.2011";"Tähtajatu";"Jah";"Toitlustamine";""
"KTO015288";"Tammikutee OÜ";"12173243";"10.11.2011";"Tähtajatu";"Jah";"Toitlustamine";""
"KTO015290";"Zangezur OÜ";"12159119";"10.11.2011";"Tähtajatu";"Jah";"Toitlustamine";""
"KTO015286";"OÜ RAMOFEI";"11068372";"09.11.2011";"Tähtajatu";"Jah";"Toitlustamine";""
"KTO015277";"MerMerpitsa OÜ";"12160312";"04.11.2011";"Tähtajatu";"Jah";"Toitlustamine";""
"KTO015276";"aktsiaselts Olerex";"10136870";"04.11.2011";"Tähtajatu";"Jah";"Toitlustamine";""
"KTO015270";"OÜ KILPLANE";"11247070";"02.11.2011";"Tähtajatu";"Jah";"Toitlustamine";""
"KTO015268";"Gotsu OÜ";"11900178";"01.11.2011";"Tähtajatu";"Jah";"Toitlustamine";""
"KTO015258";"Osaühing Dunkley";"11160184";"28.10.2011";"Tähtajatu";"Jah";"Toitlustamine";""
"KTO015254";"Magus Rosie OÜ";"12161731";"27.10.2011";"Tähtajatu";"Jah";"Toitlustamine";""
"KTO015252";"Bravo Catering OÜ";"11103513";"26.10.2011";"Tähtajatu";"Jah";"Toitlustamine";""
"KTO015249";"OLDE ESTONIA OÜ";"10887889";"25.10.2011";"Tähtajatu";"Jah";"Toitlustamine";""
"KTO015247";"Teepuu OÜ";"12159869";"24.10.2011";"Tähtajatu";"Jah";"Toitlustamine";""
"KTO015246";"Aedniku Pubi OÜ";"12162892";"24.10.2011";"Tähtajatu";"Jah";"Toitlustamine";""
"KTO015240";"Osaühing ""Pajula""";"10006995";"20.10.2011";"Tähtajatu";"Jah";"Toitlustamine";""
"KTO015236";"Allwork OÜ";"12153683";"18.10.2011";"Tähtajatu";"Jah";"Toitlustamine";""
"KTO015235";"BUDDHA OÜ";"12138175";"18.10.2011";"Tähtajatu";"Jah";"Toitlustamine";""
"KTO015234";"Lukemer OÜ";"12101611";"17.10.2011";"Tähtajatu";"Jah";"Toitlustamine";""
"KTO015232";"AG Service OÜ";"11909216";"14.10.2011";"Tähtajatu";"Jah";"Toitlustamine";""
"KTO015230";"Turist OÜ";"12135923";"14.10.2011";"Tähtajatu";"Jah";"Toitlustamine";""
"KTO015224";"Elisabeth OÜ";"11525007";"11.10.2011";"Tähtajatu";"Jah";"Toitlustamine";""
"KTO015222";"Toit OÜ";"11971669";"11.10.2011";"Tähtajatu";"Jah";"Toitlustamine";""
"KTO015219";"Kamahouse Köök OÜ";"12154105";"10.10.2011";"Tähtajatu";"Jah";"Toitlustamine";""
"KTO015206";"Okaskera Grupp OÜ";"12148386";"07.10.2011";"Tähtajatu";"Jah";"Toitlustamine";""
"KTO015202";"OÜ Alõmova Irina";"12153393";"06.10.2011";"Tähtajatu";"Jah";"Toitlustamine";""
"KTO015132";"Sushi Top OÜ";"11913637";"14.09.2011";"Tähtajatu";"Jah";"Toitlustamine";""
"KTO015130";"Piljardisaalide OÜ";"11708848";"12.09.2011";"Tähtajatu";"Jah";"Toitlustamine";""
"KTO015126";"Chalaubani Shshumyan OÜ";"12093627";"09.09.2011";"Tähtajatu";"Jah";"Toitlustamine";""
"KTO015097";"NIINA MNOGOLESSOVA KIOSK";"10012915";"05.09.2011";"Tähtajatu";"Jah";"Toitlustamine";""
"KTO015086";"OÜ LUTSULAND";"10666964";"01.09.2011";"Tähtajatu";"Jah";"Toitlustamine";""
"KTO015080";"OÜ Teliron";"12096287";"30.08.2011";"Tähtajatu";"Jah";"Toitlustamine";""
"KTO015076";"Turist OÜ";"12135923";"26.08.2011";"Tähtajatu";"Jah";"Toitlustamine";""
"KTO015060";"Ideboeinsukv OÜ";"11949701";"25.08.2011";"Tähtajatu";"Jah";"Toitlustamine";""
"KTO015035";"Cotze OÜ";"11373454";"22.08.2011";"Tähtajatu";"Jah";"Toitlustamine";""
"KTO015037";"Osaühing TT Lontova";"11598348";"22.08.2011";"Tähtajatu";"Jah";"Toitlustamine";""
"KTO015010";"Piip ja Tuut Mängumajad OÜ";"11810825";"19.08.2011";"Tähtajatu";"Jah";"Toitlustamine";""
"KTO014987";"OÜ KAI HESTIA";"10243850";"16.08.2011";"Tähtajatu";"Jah";"Toitlustamine";""
"KTO014982";"OÜ Aesir";"11700077";"16.08.2011";"Tähtajatu";"Jah";"Toitlustamine";""
"KTO014893";"OÜ SAMURAI SUSHI";"11972232";"05.08.2011";"Tähtajatu";"Jah";"Toitlustamine";""
"KTO014891";"Bravo Catering OÜ";"11103513";"05.08.2011";"Tähtajatu";"Jah";"Toitlustamine";""
"KTO014890";"Kegel OÜ";"11661756";"05.08.2011";"Tähtajatu";"Jah";"Toitlustamine";""
"KTO014881";"OÜ Sillamäe Grill";"12139430";"04.08.2011";"Tähtajatu";"Jah";"Toitlustamine";""
"KTO014858";"Vernalia OÜ";"12120100";"02.08.2011";"Tähtajatu";"Jah";"Toitlustamine";""
"KTO014844";"Egon Kaubandus OÜ";"12095494";"29.07.2011";"Tähtajatu";"Jah";"Toitlustamine";""
"KTO014819";"OÜ Mziuri";"12082821";"28.07.2011";"Tähtajatu";"Jah";"Toitlustamine";""
"KTO014769";"Bioline OÜ";"12014349";"21.07.2011";"Tähtajatu";"Jah";"Toitlustamine";""
"KTO014728";"Harriin OÜ";"12123831";"15.07.2011";"Tähtajatu";"Jah";"Toitlustamine";""
"KTO014734";"Osaühing Tervise Paradiis";"10559955";"15.07.2011";"Tähtajatu";"Jah";"Toitlustamine";""
"KTO014699";"OÜ Luigelahe Kaubandus";"11945175";"14.07.2011";"Tähtajatu";"Jah";"Toitlustamine";""
"KTO014691";"OÜ Teine Noorus";"12019513";"13.07.2011";"Tähtajatu";"Jah";"Toitlustamine";""
"KTO014653";"Akunk OÜ";"12111615";"08.07.2011";"Tähtajatu";"Jah";"Toitlustamine";""
"KTO014657";"Kosmonautika OÜ";"12063218";"08.07.2011";"Tähtajatu";"Jah";"Toitlustamine";""
"KTO014638";"Osaühing Helliston";"10837744";"07.07.2011";"Tähtajatu";"Jah";"Toitlustamine";""
"KTO014596";"Simus OÜ";"12087816";"05.07.2011";"Tähtajatu";"Jah";"Toitlustamine";""
"KTO014549";"Pagaripoisid OÜ";"10381865";"30.06.2011";"Tähtajatu";"Jah";"Toitlustamine";""
"KTO014546";"Osaühing HAMLIN";"10724176";"29.06.2011";"Tähtajatu";"Jah";"Toitlustamine";""
"KTO014524";"HALDJAS CATERING osaühing";"11594965";"27.06.2011";"Tähtajatu";"Jah";"Toitlustamine";""
"KTO014436";"Osaühing Loob International";"11903633";"21.06.2011";"Tähtajatu";"Jah";"Toitlustamine";""
"KTO014443";"OÜ ARIPALTE";"11078005";"21.06.2011";"Tähtajatu";"Jah";"Toitlustamine";""
"KTO014346";"OÜ Sileri";"11963440";"17.06.2011";"Tähtajatu";"Jah";"Toitlustamine";""
"KTO014292";"Lõunalaud OÜ";"12089850";"13.06.2011";"Tähtajatu";"Jah";"Toitlustamine";""
"KTO014274";"Baltic Beach Holding OÜ";"12080955";"10.06.2011";"Tähtajatu";"Jah";"Toitlustamine";""
"KTO014257";"Alabama OÜ";"12071809";"10.06.2011";"Tähtajatu";"Jah";"Toitlustamine";""
"KTO014202";"Moksik OÜ";"12085042";"07.06.2011";"Tähtajatu";"Jah";"Toitlustamine";""
"KTO014204";"WingStopp OÜ";"12077806";"07.06.2011";"Tähtajatu";"Jah";"Toitlustamine";""
"KTO014197";"Levi Foods OÜ";"11922725";"06.06.2011";"Tähtajatu";"Jah";"Toitlustamine";""
"KTO014158";"EastGlory OÜ";"11945656";"01.06.2011";"Tähtajatu";"Jah";"Toitlustamine";""
"KTO014148";"Karaleva OÜ";"12067794";"31.05.2011";"Tähtajatu";"Jah";"Toitlustamine";""
"KTO014150";"OSAÜHING SHINOK";"11088541";"31.05.2011";"Tähtajatu";"Jah";"Toitlustamine";""
"KTO014144";"Lee Restoran OÜ";"12094414";"30.05.2011";"Tähtajatu";"Jah";"Toitlustamine";""
"KTO014141";"NOP OÜ";"11430471";"30.05.2011";"Tähtajatu";"Jah";"Toitlustamine";""
"KTO014134";"EXCELLENT CLUB OÜ";"12054811";"27.05.2011";"Tähtajatu";"Jah";"Toitlustamine";""
"KTO014106";"osaühing METSAKOHVIK";"11005420";"25.05.2011";"Tähtajatu";"Jah";"Toitlustamine";""
"KTO014097";"ROBERT JÜRGENSONi RÖSTLERI TALU";"10547231";"23.05.2011";"Tähtajatu";"Jah";"Toitlustamine";""
"KTO014086";"Honwick OÜ";"11709196";"20.05.2011";"Tähtajatu";"Jah";"Toitlustamine";""
"KTO014088";"Westpub Osaühing";"10719347";"20.05.2011";"Tähtajatu";"Jah";"Toitlustamine";""
"KTO014071";"osaühing Nostalgos";"11185406";"19.05.2011";"Tähtajatu";"Jah";"Toitlustamine";""
"KTO014069";"osaühing Kurent";"10044234";"19.05.2011";"Tähtajatu";"Jah";"Toitlustamine";""
"KTO014066";"osaühing Hore";"10021109";"19.05.2011";"Tähtajatu";"Jah";"Toitlustamine";""
"KTO014052";"Kolhethi OÜ";"11662158";"16.05.2011";"Tähtajatu";"Jah";"Toitlustamine";""
"KTO014045";"Epicure OÜ";"11884373";"16.05.2011";"Tähtajatu";"Jah";"Toitlustamine";""
"KTO014036";"Goodwin SH OÜ";"12071318";"13.05.2011";"Tähtajatu";"Jah";"Toitlustamine";""
"KTO014019";"RA BBQ OÜ";"12093403";"11.05.2011";"Tähtajatu";"Jah";"Toitlustamine";""
"KTO014010";"Ideal Markets OÜ";"11717304";"10.05.2011";"Tähtajatu";"Jah";"Toitlustamine";""
"KTO014003";"osaühing Liivi Restoran";"10174072";"09.05.2011";"Tähtajatu";"Jah";"Toitlustamine";""
"KTO014002";"OÜ Arefonte Chemicals";"10574433";"09.05.2011";"Tähtajatu";"Jah";"Toitlustamine";""
"KTO013994";"osaühing INSULA";"11133193";"06.05.2011";"Tähtajatu";"Jah";"Toitlustamine";""
"KTO013992";"Osteria OÜ";"12061320";"06.05.2011";"Tähtajatu";"Jah";"Toitlustamine";""
"KTO013995";"OÜ Vein ja Vine";"11982986";"06.05.2011";"Tähtajatu";"Jah";"Toitlustamine";""
"KTO013996";"Liisi Pärgma";"12036078";"06.05.2011";"Tähtajatu";"Jah";"Toitlustamine";""
"KTO013983";"Villa Theresa OÜ";"12067239";"05.05.2011";"Tähtajatu";"Jah";"Toitlustamine";""
"KTO013977";"OÜ RUNNERT KAUBAGRUPP";"10300542";"04.05.2011";"Tähtajatu";"Jah";"Toitlustamine";""
"KTO013970";"OÜ Ränduri";"11073568";"03.05.2011";"Tähtajatu";"Jah";"Toitlustamine";""
"KTO013971";"Tambsaar OÜ";"12098599";"03.05.2011";"Tähtajatu";"Jah";"Toitlustamine";""
"KTO013976";"Meelelahutus teenused OÜ";"12020640";"03.05.2011";"Tähtajatu";"Jah";"Toitlustamine";""
"KTO013968";"BARCRAFT OÜ";"11680015";"02.05.2011";"Tähtajatu";"Jah";"Toitlustamine";""
"KTO013959";"Bilanss & Associates OÜ";"12073458";"29.04.2011";"Tähtajatu";"Jah";"Toitlustamine";""
"KTO013954";"Osaühing RILJA";"11031268";"28.04.2011";"Tähtajatu";"Jah";"Toitlustamine";""
"KTO013952";"Wiigi OÜ";"12090296";"28.04.2011";"Tähtajatu";"Jah";"Toitlustamine";""
"KTO013937";"Kirisilm OÜ";"10930680";"25.04.2011";"Tähtajatu";"Jah";"Toitlustamine";""
"KTO013934";"Ingel Drinks OÜ";"12075954";"24.04.2011";"Tähtajatu";"Jah";"Toitlustamine";""
"KTO013933";"Tibolon Cenotillo OÜ";"11961122";"21.04.2011";"Tähtajatu";"Jah";"Toitlustamine";""
"KTO013931";"osaühing Asaliin";"10175048";"21.04.2011";"Tähtajatu";"Jah";"Toitlustamine";""
"KTO013929";"Selver AS";"10379733";"20.04.2011";"Tähtajatu";"Jah";"Toitlustamine";""
"KTO013919";"osaühing ""RELVO SPORT-MOTELL""";"10351551";"18.04.2011";"Tähtajatu";"Jah";"Toitlustamine";""
"KTO013921";"OÜ Vabad kohvimeistrid";"12073518";"18.04.2011";"Tähtajatu";"Jah";"Toitlustamine";""
"KTO013914";"Halinga Restoran OÜ";"11159488";"15.04.2011";"Tähtajatu";"Jah";"Toitlustamine";""
"KTO013890";"Vops OÜ";"11907246";"08.04.2011";"Tähtajatu";"Jah";"Toitlustamine";""
"KTO013886";"Osaühing Maxime";"10995857";"07.04.2011";"Tähtajatu";"Jah";"Toitlustamine";""
"KTO013883";"Economy Hotel OÜ";"11898470";"06.04.2011";"Tähtajatu";"Jah";"Toitlustamine";""
"KTO013879";"Eivere Manor OÜ";"12056193";"04.04.2011";"Tähtajatu";"Jah";"Toitlustamine";""
"KTO013874";"OÜ Novoloto";"10159983";"01.04.2011";"Tähtajatu";"Jah";"Toitlustamine";""
"KTO013875";"OÜ Novoloto";"10159983";"01.04.2011";"Tähtajatu";"Jah";"Toitlustamine";""
"KTO013872";"Forum Cinemas OÜ";"10193098";"31.03.2011";"Tähtajatu";"Jah";"Toitlustamine";""
"KTO013866";"Oü Artur ja Catering";"11916877";"30.03.2011";"Tähtajatu";"Jah";"Toitlustamine";""
"KTO013864";"OÜ Lussu";"12048874";"29.03.2011";"Tähtajatu";"Jah";"Toitlustamine";""
"KTO013863";"Carawan Catering OÜ";"11679963";"29.03.2011";"Tähtajatu";"Jah";"Toitlustamine";""
"KTO013861";"OÜ Novoloto";"10159983";"28.03.2011";"Tähtajatu";"Jah";"Toitlustamine";""
"KTO013860";"Osaühing Taimler MM";"10403532";"28.03.2011";"Tähtajatu";"Jah";"Toitlustamine";""
"KTO013858";"OÜ Novoloto";"10159983";"28.03.2011";"Tähtajatu";"Jah";"Toitlustamine";""
"KTO013849";"Bellerton Invest OÜ";"11520889";"23.03.2011";"Tähtajatu";"Jah";"Toitlustamine";""
"KTO013842";"OÜ FOODSTOP";"11553564";"21.03.2011";"Tähtajatu";"Jah";"Toitlustamine";""
"KTO013843";"Gyllene OÜ";"12014237";"21.03.2011";"Tähtajatu";"Jah";"Toitlustamine";""
"KTO013844";"OÜ Kagu Cofee";"12037698";"21.03.2011";"Tähtajatu";"Jah";"Toitlustamine";""
"KTO013836";"Narmet OÜ";"11988090";"18.03.2011";"Tähtajatu";"Jah";"Toitlustamine";""
"KTO013832";"MR GRILL OÜ";"11660656";"17.03.2011";"Tähtajatu";"Jah";"Toitlustamine";""
"KTO013823";"SAUBER GRUPPE OÜ";"11927160";"15.03.2011";"Tähtajatu";"Jah";"Toitlustamine";""
"KTO013825";"Gloria Lunch & Dinner Catering OÜ";"10190119";"15.03.2011";"Tähtajatu";"Jah";"Toitlustamine";""
"KTO013817";"OÜ RedDragon";"12060496";"11.03.2011";"Tähtajatu";"Jah";"Toitlustamine";""
"KTO013800";"OKO restoranid OÜ";"12046361";"03.03.2011";"Tähtajatu";"Jah";"Toitlustamine";""
"KTO013796";"SkulptuuriGalerii OÜ";"11399945";"02.03.2011";"Tähtajatu";"Jah";"Toitlustamine";""
"KTO013794";"Aasatiim OÜ";"11134695";"01.03.2011";"Tähtajatu";"Jah";"Toitlustamine";""
"KTO013793";"Holmjet OÜ";"11975503";"01.03.2011";"Tähtajatu";"Jah";"Toitlustamine";""
"KTO013790";"Fun Dining OÜ";"10406499";"25.02.2011";"Tähtajatu";"Jah";"Toitlustamine";""
"KTO013771";"Sanmindunxin Taiguogu OÜ";"11973651";"21.02.2011";"Tähtajatu";"Jah";"Toitlustamine";""
"KTO013760";"Osaühing IDA R&D";"10247635";"15.02.2011";"Tähtajatu";"Jah";"Toitlustamine";""
"KTO013759";"OÜ Vallatu Vombat";"11991749";"15.02.2011";"Tähtajatu";"Jah";"Toitlustamine";""
"KTO013756";"SOLANTO OÜ";"12012534";"14.02.2011";"Tähtajatu";"Jah";"Toitlustamine";""
"KTO013754";"Osaühing Esperan";"10711179";"11.02.2011";"Tähtajatu";"Jah";"Toitlustamine";""
"KTO013749";"OÜ MEDAMANI";"11155390";"10.02.2011";"Tähtajatu";"Jah";"Toitlustamine";""
"KTO013740";"Sushi Time OÜ";"12022411";"07.02.2011";"Tähtajatu";"Jah";"Toitlustamine";""
"KTO013735";"Party OÜ";"12027240";"04.02.2011";"Tähtajatu";"Jah";"Toitlustamine";""
"KTO013737";"Seacom International OÜ";"11964072";"04.02.2011";"Tähtajatu";"Jah";"Toitlustamine";""
"KTO013722";"Fresco Partners OÜ";"11902007";"28.01.2011";"Tähtajatu";"Jah";"Toitlustamine";""
"KTO013717";"MERITON HOTELS OÜ";"10048350";"27.01.2011";"Tähtajatu";"Jah";"Toitlustamine";""
"KTO013705";"Toiduteema OÜ";"11906241";"21.01.2011";"Tähtajatu";"Jah";"Toitlustamine";""
"KTO013703";"Valeks OÜ";"12011991";"21.01.2011";"Tähtajatu";"Jah";"Toitlustamine";""
"KTO013683";"M&A Pubid OÜ";"11930340";"17.01.2011";"Tähtajatu";"Jah";"Toitlustamine";""
"KTO013684";"OÜ Gospa";"11658797";"17.01.2011";"Tähtajatu";"Jah";"Toitlustamine";""
"KTO013686";"Ersikada Invest OÜ";"11943609";"17.01.2011";"Tähtajatu";"Jah";"Toitlustamine";""
"KTO013685";"Saare Toitlustus OÜ";"12017558";"17.01.2011";"Tähtajatu";"Jah";"Toitlustamine";""
"KTO013680";"Kungla Investeeringu Osaühing";"10103126";"14.01.2011";"Tähtajatu";"Jah";"Toitlustamine";""
"KTO013675";"Kaevukohvik OÜ";"11977867";"10.01.2011";"Tähtajatu";"Jah";"Toitlustamine";""
"KTO013674";"Aida kohvik OÜ";"11964014";"07.01.2011";"Tähtajatu";"Jah";"Toitlustamine";""
"KTO013669";"Pubi Juudas OÜ";"12006350";"03.01.2011";"Tähtajatu";"Jah";"Toitlustamine";""
"KTO013651";"OÜ Ormello Kaubandus";"11948765";"28.12.2010";"Tähtajatu";"Jah";"Toitlustamine";""
"KTO013655";"Kalatrans OÜ";"11321492";"28.12.2010";"Tähtajatu";"Jah";"Toitlustamine";""
"KTO013644";"kvadro oü";"12007881";"22.12.2010";"Tähtajatu";"Jah";"Toitlustamine";""
"KTO013646";"Tommi Grill OÜ";"11882753";"22.12.2010";"Tähtajatu";"Jah";"Toitlustamine";""
"KTO013636";"Rossoblu OÜ";"11868888";"20.12.2010";"Tähtajatu";"Jah";"Toitlustamine";""
"KTO013631";"Oru Hotel OP OÜ";"17396060";"17.12.2010";"Tähtajatu";"Jah";"Toitlustamine";""
"KTO013633";"AMU Teenused OÜ";"11961027";"17.12.2010";"Tähtajatu";"Jah";"Toitlustamine";""
"KTO013625";"ProService Assets OÜ";"11907223";"16.12.2010";"Tähtajatu";"Jah";"Toitlustamine";""
"KTO013620";"Sildkivi OÜ";"11967395";"15.12.2010";"Tähtajatu";"Jah";"Toitlustamine";""
"KTO013618";"FAUTRIX OSAÜHING";"10945701";"15.12.2010";"Tähtajatu";"Jah";"Toitlustamine";""
"KTO013614";"OÜ Trebinet";"11920407";"13.12.2010";"Tähtajatu";"Jah";"Toitlustamine";""
"KTO013609";"Kailong Osaühing";"10977658";"09.12.2010";"Tähtajatu";"Jah";"Toitlustamine";""
"KTO013603";"Ararat Grill OÜ";"12022870";"08.12.2010";"Tähtajatu";"Jah";"Toitlustamine";""
"KTO013599";"Rando Kauge OÜ";"12024974";"06.12.2010";"Tähtajatu";"Jah";"Toitlustamine";""
"KTO013595";"PestoRi OÜ";"12014935";"06.12.2010";"Tähtajatu";"Jah";"Toitlustamine";""
"KTO013585";"Karl Investeeringud OÜ";"12007208";"02.12.2010";"Tähtajatu";"Jah";"Toitlustamine";""
"KTO013581";"Helika Äri Osaühing";"12000784";"30.11.2010";"Tähtajatu";"Jah";"Toitlustamine";""
"KTO013578";"F-hoone OÜ";"11978967";"29.11.2010";"Tähtajatu";"Jah";"Toitlustamine";""
"KTO013563";"PULCINELLA italian food OÜ";"11963530";"25.11.2010";"Tähtajatu";"Jah";"Toitlustamine";""
"KTO013560";"P.T.Express OÜ";"11988316";"25.11.2010";"Tähtajatu";"Jah";"Toitlustamine";""
"KTO013542";"Saukas Food OÜ";"12006410";"23.11.2010";"Tähtajatu";"Jah";"Toitlustamine";""
"KTO013536";"DA VINCI RESTORANID OÜ";"11384908";"22.11.2010";"Tähtajatu";"Jah";"Toitlustamine";""
"KTO013538";"OÜ McKenzie Invest";"10951185";"22.11.2010";"Tähtajatu";"Jah";"Toitlustamine";""
"KTO013535";"OSAÜHING ALSTOK PUIT";"10311920";"19.11.2010";"Tähtajatu";"Jah";"Toitlustamine";""
"KTO013530";"Eva Boutique OÜ";"10086244";"19.11.2010";"Tähtajatu";"Jah";"Toitlustamine";""
"KTO013522";"Osaühing Usin-TR";"10501281";"17.11.2010";"Tähtajatu";"Jah";"Toitlustamine";""
"KTO013504";"Vambola Merisalu";"12003593";"11.11.2010";"Tähtajatu";"Jah";"Toitlustamine";""
"KTO013502";"Brezza Kristiine OÜ";"11933054";"10.11.2010";"Tähtajatu";"Jah";"Toitlustamine";""
"KTO013497";"Rohujuur OÜ";"11923469";"09.11.2010";"Tähtajatu";"Jah";"Toitlustamine";""
"KTO013495";"Mariland OÜ";"12012592";"08.11.2010";"Tähtajatu";"Jah";"Toitlustamine";""
"KTO013486";"MERITON HOTELS OÜ";"10048350";"05.11.2010";"Tähtajatu";"Jah";"Toitlustamine";""
"KTO013491";"MERITON HOTELS OÜ";"10048350";"05.11.2010";"Tähtajatu";"Jah";"Toitlustamine";""
"KTO013489";"MERITON HOTELS OÜ";"10048350";"05.11.2010";"Tähtajatu";"Jah";"Toitlustamine";""
"KTO013494";"ViaStop Invest OÜ";"10857670";"05.11.2010";"Tähtajatu";"Jah";"Toitlustamine";""
"KTO013488";"MERITON HOTELS OÜ";"10048350";"05.11.2010";"Tähtajatu";"Jah";"Toitlustamine";""
"KTO013490";"MERITON HOTELS OÜ";"10048350";"05.11.2010";"Tähtajatu";"Jah";"Toitlustamine";""
"KTO013485";"MERITON HOTELS OÜ";"10048350";"05.11.2010";"Tähtajatu";"Jah";"Toitlustamine";""
"KTO013487";"MERITON HOTELS OÜ";"10048350";"05.11.2010";"Tähtajatu";"Jah";"Toitlustamine";""
"KTO013482";"Pärnu Tennisekeskus OÜ";"11947429";"04.11.2010";"Tähtajatu";"Jah";"Toitlustamine";""
"KTO013481";"OÜ Karmoon";"12010305";"03.11.2010";"Tähtajatu";"Jah";"Toitlustamine";""
"KTO013480";"Treegeri Kohviku OÜ";"10094404";"03.11.2010";"Tähtajatu";"Jah";"Toitlustamine";""
"KTO013477";"Bravo Catering OÜ";"11103513";"02.11.2010";"Tähtajatu";"Jah";"Toitlustamine";""
"KTO013476";"Raini Toitlustus OÜ";"12008455";"01.11.2010";"Tähtajatu";"Jah";"Toitlustamine";""
"KTO013473";"Tigrox OÜ";"11899334";"29.10.2010";"Tähtajatu";"Jah";"Toitlustamine";""
"KTO013470";"Osaühing PAE BAAR";"11997982";"27.10.2010";"Tähtajatu";"Jah";"Toitlustamine";""
"KTO013464";"Osaühing Balti Ärigrupp";"11089822";"26.10.2010";"Tähtajatu";"Jah";"Toitlustamine";""
"KTO013459";"Sihtasutus Tehvandi Spordikeskus";"90007715";"25.10.2010";"Tähtajatu";"Jah";"Toitlustamine";""
"KTO013450";"Tatjana Lagutkina";"11979085";"21.10.2010";"Tähtajatu";"Jah";"Toitlustamine";""
"KTO013447";"osaühing Pootsman PT";"10355141";"20.10.2010";"Tähtajatu";"Jah";"Toitlustamine";""
"KTO013424";"OÜ Arm-Ararat";"11568092";"14.10.2010";"Tähtajatu";"Jah";"Toitlustamine";""
"KTO013395";"Kati Kohvik OÜ";"11947286";"07.10.2010";"Tähtajatu";"Jah";"Toitlustamine";""
"KTO013391";"Jahimaja OÜ";"11231760";"06.10.2010";"Tähtajatu";"Jah";"Toitlustamine";""
"KTO013381";"Pimenta OÜ";"11997781";"01.10.2010";"Tähtajatu";"Jah";"Toitlustamine";""
"KTO013374";"Trevmoks OÜ";"11140508";"29.09.2010";"Tähtajatu";"Jah";"Toitlustamine";""
"KTO013373";"Osaühing Kalastustarbed";"11253388";"28.09.2010";"Tähtajatu";"Jah";"Toitlustamine";""
"KTO013360";"New Orleans Ribs OÜ";"11910389";"24.09.2010";"Tähtajatu";"Jah";"Toitlustamine";""
"KTO013327";"Lendav Liblikas OÜ";"11936288";"17.09.2010";"Tähtajatu";"Jah";"Toitlustamine";""
"KTO013312";"LEVITEL OÜ";"11538406";"14.09.2010";"Tähtajatu";"Jah";"Toitlustamine";""
"KTO013311";"Osaühing Jeeb";"10794679";"13.09.2010";"Tähtajatu";"Jah";"Toitlustamine";""
"KTO013303";"Sportland Eesti Aktsiaselts";"10677712";"10.09.2010";"Tähtajatu";"Jah";"Toitlustamine";""
"KTO013277";"Aktsiaselts Pihlaka";"10339030";"08.09.2010";"Tähtajatu";"Jah";"Toitlustamine";""
"KTO013270";"OÜ Laada";"11979234";"06.09.2010";"Tähtajatu";"Jah";"Toitlustamine";""
"KTO013271";"Ristnaotsa osaühing";"11487941";"06.09.2010";"Tähtajatu";"Jah";"Toitlustamine";""
"KTO013257";"CALLAREX GRUPP OÜ";"11192942";"01.09.2010";"Tähtajatu";"Jah";"Toitlustamine";""
"KTO013246";"Aktsiaselts Kihnu Veeteed";"10867071";"30.08.2010";"Tähtajatu";"Jah";"Toitlustamine";""
"KTO013231";"OÜ Pintsar";"11698920";"27.08.2010";"Tähtajatu";"Jah";"Toitlustamine";""
"KTO013214";"Superservice Kaubandus OÜ";"11791269";"25.08.2010";"Tähtajatu";"Jah";"Toitlustamine";""
"KTO013205";"OÜ MAHIR";"11938790";"24.08.2010";"Tähtajatu";"Jah";"Toitlustamine";""
"KTO013198";"Pagaripoisid OÜ";"10381865";"23.08.2010";"Tähtajatu";"Jah";"Toitlustamine";""
"KTO013176";"Aktsiaselts Tallink Duty Free";"10179520";"18.08.2010";"Tähtajatu";"Jah";"Toitlustamine";""
"KTO013156";"AMU Teenused OÜ";"11961027";"17.08.2010";"Tähtajatu";"Jah";"Toitlustamine";""
"KTO013078";"Osaühing NOVATREK GROUP";"11372377";"06.08.2010";"Tähtajatu";"Jah";"Toitlustamine";""
"KTO013029";"Select Service Partner Eesti Aktsiaselts";"10555615";"03.08.2010";"Tähtajatu";"Jah";"Toitlustamine";""
"KTO013014";"osaühing Nurga Kinnisvara";"11218802";"02.08.2010";"Tähtajatu";"Jah";"Toitlustamine";""
"KTO012976";"Milltavern OÜ";"11951566";"28.07.2010";"Tähtajatu";"Jah";"Toitlustamine";""
"KTO012950";"Vihula Manor Hospitality Osaühing";"11481633";"23.07.2010";"Tähtajatu";"Jah";"Toitlustamine";""
"KTO012938";"M&A Pubid OÜ";"11930340";"22.07.2010";"Tähtajatu";"Jah";"Toitlustamine";""
"KTO012900";"Jahimaja OÜ";"11231760";"19.07.2010";"Tähtajatu";"Jah";"Toitlustamine";""
"KTO012901";"Osaühing Palgisaar";"11961659";"19.07.2010";"Tähtajatu";"Jah";"Toitlustamine";""
"KTO012879";"City Food OÜ";"11927125";"16.07.2010";"Tähtajatu";"Jah";"Toitlustamine";""
"KTO012881";"osaühing MaineGrupp";"10787062";"16.07.2010";"Tähtajatu";"Jah";"Toitlustamine";""
"KTO012861";"osaühing Solari Holding";"10530561";"15.07.2010";"Tähtajatu";"Jah";"Toitlustamine";""
"KTO012839";"OSAÜHING HANSAPLANT HULGI";"10991380";"14.07.2010";"Tähtajatu";"Jah";"Toitlustamine";""
"KTO012837";"Osaühing Karleco";"10594199";"14.07.2010";"Tähtajatu";"Jah";"Toitlustamine";""
"KTO012843";"Ailor OÜ";"11936992";"14.07.2010";"Tähtajatu";"Jah";"Toitlustamine";""
"KTO012841";"osaühing RÄPINA REISID";"10915982";"14.07.2010";"Tähtajatu";"Jah";"Toitlustamine";""
"KTO012828";"Osaühing Vimco Grupp";"10901508";"13.07.2010";"Tähtajatu";"Jah";"Toitlustamine";""
"KTO012807";"OÜ Lennuk KV";"10822944";"12.07.2010";"Tähtajatu";"Jah";"Toitlustamine";""
"KTO012773";"OÜ Ringtee Kiirtoit";"11496866";"09.07.2010";"Tähtajatu";"Jah";"Toitlustamine";""
"KTO012748";"Totiano Grupp OÜ";"11912661";"08.07.2010";"Tähtajatu";"Jah";"Toitlustamine";""
"KTO012757";"Alexmaja OÜ";"11494821";"08.07.2010";"Tähtajatu";"Jah";"Toitlustamine";""
"KTO012670";"osaühing Sinu Catering";"11941361";"05.07.2010";"Tähtajatu";"Jah";"Toitlustamine";""
"KTO012648";"Brezza Kristiine OÜ";"11933054";"01.07.2010";"Tähtajatu";"Jah";"Toitlustamine";""
"KTO012618";"Sihtasutus Luke Mõis";"90008100";"29.06.2010";"Tähtajatu";"Jah";"Toitlustamine";""
"KTO012607";"Estonia Spa Hotels AS";"10275471";"29.06.2010";"Tähtajatu";"Jah";"Toitlustamine";""
"KTO012612";"MaheMaa OÜ";"11909951";"29.06.2010";"Tähtajatu";"Jah";"Toitlustamine";""
"KTO012540";"Kaimo Adler";"11615986";"22.06.2010";"Tähtajatu";"Jah";"Toitlustamine";""
"KTO012511";"METSAVENNA TALU";"10535624";"22.06.2010";"Tähtajatu";"Jah";"Toitlustamine";""
"KTO012565";"Citytrade OÜ";"10705925";"22.06.2010";"Tähtajatu";"Jah";"Toitlustamine";""
"KTO012564";"Rainer Vesik";"10659349";"22.06.2010";"Tähtajatu";"Jah";"Toitlustamine";""
"KTO012502";"OSAÜHING ENDU-INNI";"10432953";"22.06.2010";"Tähtajatu";"Jah";"Toitlustamine";""
"KTO012493";"Mastercatering OÜ";"11015281";"21.06.2010";"Tähtajatu";"Jah";"Toitlustamine";""
"KTO012459";"Valencia Pluss OÜ";"11662460";"21.06.2010";"Tähtajatu";"Jah";"Toitlustamine";""
"KTO012471";"METROBAR OÜ";"11945583";"21.06.2010";"Tähtajatu";"Jah";"Toitlustamine";""
"KTO012429";"Töökäsi OÜ";"11721530";"18.06.2010";"Tähtajatu";"Jah";"Toitlustamine";""
"KTO012387";"Osaühing Supeluse Kinnisvara";"10741513";"17.06.2010";"Tähtajatu";"Jah";"Toitlustamine";""
"KTO012345";"OÜ Põhjaka mõis";"11395651";"16.06.2010";"Tähtajatu";"Jah";"Toitlustamine";""
"KTO012355";"Vudila Mängumaa OÜ";"11901143";"16.06.2010";"Tähtajatu";"Jah";"Toitlustamine";""
"KTO012348";"GOL PLUS UÜ";"11890178";"16.06.2010";"Tähtajatu";"Jah";"Toitlustamine";""
"KTO012327";"osaühing Tallinnfilm";"10328440";"15.06.2010";"Tähtajatu";"Jah";"Toitlustamine";""
"KTO012320";"Veskisilla Hotell OÜ";"11798351";"15.06.2010";"Tähtajatu";"Jah";"Toitlustamine";""
"KTO012293";"Anger OÜ";"11940108";"11.06.2010";"Tähtajatu";"Jah";"Toitlustamine";""
"KTO012275";"Osaühing Malana Grupp";"11212828";"11.06.2010";"Tähtajatu";"Jah";"Toitlustamine";""
"KTO012286";"OÜ Kaptenite Küla";"11878193";"11.06.2010";"Tähtajatu";"Jah";"Toitlustamine";""
"KTO012299";"OÜ Poisi Eine";"11935917";"11.06.2010";"Tähtajatu";"Jah";"Toitlustamine";""
"KTO012205";"Mittetulundusühing PUUNA KÜLAARENDUS";"80288297";"08.06.2010";"Tähtajatu";"Jah";"Toitlustamine";""
"KTO012159";"Koorejaam OÜ";"11890758";"03.06.2010";"Tähtajatu";"Jah";"Toitlustamine";""
"KTO012153";"Fast Food Grupp OÜ";"11904058";"02.06.2010";"Tähtajatu";"Jah";"Toitlustamine";""
"KTO012121";"FTC Airy OÜ";"11747512";"28.05.2010";"Tähtajatu";"Jah";"Toitlustamine";""
"KTO012082";"FAUTRIX OSAÜHING";"10945701";"26.05.2010";"Tähtajatu";"Jah";"Toitlustamine";""
"KTO012071";"Osaühing Esperan";"10711179";"25.05.2010";"Tähtajatu";"Jah";"Toitlustamine";""
"KTO012031";"IMISNO OÜ";"11631577";"20.05.2010";"Tähtajatu";"Jah";"Toitlustamine";""
"KTO012020";"OÜ Puuram";"11030352";"19.05.2010";"Tähtajatu";"Jah";"Toitlustamine";""
"KTO012009";"Osaühing Hobbykarting";"10941152";"18.05.2010";"Tähtajatu";"Jah";"Toitlustamine";""
"KTO012006";"Simonis OÜ";"11786245";"18.05.2010";"Tähtajatu";"Jah";"Toitlustamine";""
"KTO011997";"Meretamme OÜ";"11495217";"17.05.2010";"Tähtajatu";"Jah";"Toitlustamine";""
"KTO011988";"Osaühing Vilaret";"10074689";"14.05.2010";"Tähtajatu";"Jah";"Toitlustamine";""
"KTO011971";"OÜ Mereklubi";"10805451";"13.05.2010";"Tähtajatu";"Jah";"Toitlustamine";""
"KTO011975";"Famino OÜ";"10067577";"13.05.2010";"Tähtajatu";"Jah";"Toitlustamine";""
"KTO011957";"ELU ON KUNST OÜ";"11926338";"11.05.2010";"Tähtajatu";"Jah";"Toitlustamine";""
"KTO011960";"Osaühing Kagureis";"10125984";"11.05.2010";"Tähtajatu";"Jah";"Toitlustamine";""
"KTO011946";"Osaühing Tuuleveski";"10008480";"07.05.2010";"Tähtajatu";"Jah";"Toitlustamine";""
"KTO011926";"Economy Hotel OÜ";"11898470";"05.05.2010";"Tähtajatu";"Jah";"Toitlustamine";""
"KTO011927";"Steel Service OÜ";"11900095";"05.05.2010";"Tähtajatu";"Jah";"Toitlustamine";""
"KTO011923";"Osaühing Kivikodu";"11031400";"04.05.2010";"Tähtajatu";"Jah";"Toitlustamine";""
"KTO011910";"Sihtasutus Eesti Kaevandusmuuseum";"90003321";"04.05.2010";"Tähtajatu";"Jah";"Toitlustamine";""
"KTO011922";"Meie Kohvik OÜ";"11676203";"04.05.2010";"Tähtajatu";"Jah";"Toitlustamine";""
"KTO011898";"OÜ Kollane Koer";"11800235";"30.04.2010";"Tähtajatu";"Jah";"Toitlustamine";""
"KTO011899";"Oü Artur ja Catering";"11916877";"30.04.2010";"Tähtajatu";"Jah";"Toitlustamine";""
"KTO011889";"Famino OÜ";"10067577";"29.04.2010";"Tähtajatu";"Jah";"Toitlustamine";""
"KTO011872";"Jaaniranna OÜ";"11877367";"27.04.2010";"Tähtajatu";"Jah";"Toitlustamine";""
"KTO011868";"Viirisepa OÜ";"10503469";"27.04.2010";"Tähtajatu";"Jah";"Toitlustamine";""
"KTO011855";"Ingver kohvikud OÜ";"11908435";"23.04.2010";"Tähtajatu";"Jah";"Toitlustamine";""
"KTO011859";"TERKILI OÜ";"11895425";"23.04.2010";"Tähtajatu";"Jah";"Toitlustamine";""
"KTO011852";"UPA Building OÜ";"11449499";"22.04.2010";"Tähtajatu";"Jah";"Toitlustamine";""
"KTO011851";"Toidumaania OÜ";"11881179";"22.04.2010";"Tähtajatu";"Jah";"Toitlustamine";""
"KTO011839";"Osaühing Sahvri";"11576536";"21.04.2010";"Tähtajatu";"Jah";"Toitlustamine";""
"KTO011841";"Andrei Prii";"10053948";"21.04.2010";"Tähtajatu";"Jah";"Toitlustamine";""
"KTO011845";"Gastro OÜ";"11694773";"21.04.2010";"Tähtajatu";"Jah";"Toitlustamine";""
"KTO011809";"Vesihein OÜ";"11910640";"15.04.2010";"Tähtajatu";"Jah";"Toitlustamine";""
"KTO011803";"osaühing Augello";"10343899";"13.04.2010";"Tähtajatu";"Jah";"Toitlustamine";""
"KTO011801";"Tartu Hooldekodu";"75006730";"13.04.2010";"Tähtajatu";"Jah";"Toitlustamine";""
"KTO011784";"ALEXEY TALASHMANOV";"10732845";"07.04.2010";"Tähtajatu";"Jah";"Toitlustamine";""
"KTO011779";"OÜ Rakvere Kebab";"11482315";"06.04.2010";"Tähtajatu";"Jah";"Toitlustamine";""
"KTO011768";"OSAÜHING ANNRII";"10306609";"01.04.2010";"Tähtajatu";"Jah";"Toitlustamine";""
"KTO011751";"osaühing PIZZA GRANDE";"10714858";"25.03.2010";"Tähtajatu";"Jah";"Toitlustamine";""
"KTO011748";"Aovere Stopp OÜ";"11479313";"25.03.2010";"Tähtajatu";"Jah";"Toitlustamine";""
"KTO011750";"Osaühing Reneman";"10817067";"25.03.2010";"Tähtajatu";"Jah";"Toitlustamine";""
"KTO011744";"Saaremaa Tarbijate Ühistu";"10044010";"22.03.2010";"Tähtajatu";"Jah";"Toitlustamine";""
"KTO011738";"V.V Catering OÜ";"11907921";"18.03.2010";"Tähtajatu";"Jah";"Toitlustamine";""
"KTO011733";"osaühing Väike Tõnn";"10269789";"16.03.2010";"Tähtajatu";"Jah";"Toitlustamine";""
"KTO011704";"Kehra Spordipubi OÜ";"11790459";"04.03.2010";"Tähtajatu";"Jah";"Toitlustamine";""
"KTO011701";"osaühing Nina Talu";"11217317";"03.03.2010";"Tähtajatu";"Jah";"Toitlustamine";""
"KTO011699";"Osaühing Estonian Coffeehouse";"10329557";"03.03.2010";"Tähtajatu";"Jah";"Toitlustamine";""
"KTO011698";"Osaühing WellcomeGroup";"11301957";"03.03.2010";"Tähtajatu";"Jah";"Toitlustamine";""
"KTO011693";"ViaStop Invest OÜ";"10857670";"01.03.2010";"Tähtajatu";"Jah";"Toitlustamine";""
"KTO011686";"Osaühing ULTRA KAUBANDUS";"10294793";"25.02.2010";"Tähtajatu";"Jah";"Toitlustamine";""
"KTO011678";"Maharaja Catering OÜ";"11865246";"22.02.2010";"Tähtajatu";"Jah";"Toitlustamine";""
"KTO011679";"Maharaja Catering OÜ";"11865246";"22.02.2010";"Tähtajatu";"Jah";"Toitlustamine";""
"KTO011660";"OÜ HARVESTON KAUBANDUS";"10960586";"15.02.2010";"Tähtajatu";"Jah";"Toitlustamine";""
"KTO011653";"OÜ Auris Investments";"11726390";"12.02.2010";"Tähtajatu";"Jah";"Toitlustamine";""
"KTO011639";"Maverito Managment OÜ";"11713223";"09.02.2010";"Tähtajatu";"Jah";"Toitlustamine";""
"KTO011641";"Liam Holding OÜ";"10909510";"09.02.2010";"Tähtajatu";"Jah";"Toitlustamine";""
"KTO011636";"Herne Kaupluse Osaühing";"10088409";"08.02.2010";"Tähtajatu";"Jah";"Toitlustamine";""
"KTO011630";"Osaühing Nurgapealne";"11656755";"04.02.2010";"Tähtajatu";"Jah";"Toitlustamine";""
"KTO011622";"OÜ TRÜHVEL";"11641392";"02.02.2010";"Tähtajatu";"Jah";"Toitlustamine";""
"KTO011607";"Haapsalu Kultuurikeskus";"75012860";"28.01.2010";"Tähtajatu";"Jah";"Toitlustamine";""
"KTO011601";"OÜ Dorpat Sport";"10942080";"26.01.2010";"Tähtajatu";"Jah";"Toitlustamine";""
"KTO011588";"Dasone Grupp OÜ";"11729750";"22.01.2010";"Tähtajatu";"Jah";"Toitlustamine";""
"KTO011594";"OÜ Täheke";"11673133";"22.01.2010";"Tähtajatu";"Jah";"Toitlustamine";""
"KTO011586";"Baltic Restaurants Estonia AS";"11391363";"21.01.2010";"Tähtajatu";"Jah";"Toitlustamine";""
"KTO011573";"OSAÜHING PIDULAUD";"10528334";"18.01.2010";"Tähtajatu";"Jah";"Toitlustamine";""
"KTO011576";"Plusprisma OÜ";"11606970";"18.01.2010";"Tähtajatu";"Jah";"Toitlustamine";""
"KTO011572";"Osaühing Comlink";"10725218";"18.01.2010";"Tähtajatu";"Jah";"Toitlustamine";""
"KTO011578";"Piano Solaris OÜ";"11661785";"18.01.2010";"Tähtajatu";"Jah";"Toitlustamine";""
"KTO011566";"Osaühing Kadri Tare";"10405330";"14.01.2010";"Tähtajatu";"Jah";"Toitlustamine";""
"KTO011559";"OÜ Naan";"11756416";"12.01.2010";"Tähtajatu";"Jah";"Toitlustamine";""
"KTO011555";"OÜ Royalplanet";"11629617";"11.01.2010";"Tähtajatu";"Jah";"Toitlustamine";""
"KTO011547";"Profectus OÜ";"11712991";"06.01.2010";"Tähtajatu";"Jah";"Toitlustamine";""
"KTO011542";"OÜ Akdeniz";"11311720";"05.01.2010";"Tähtajatu";"Jah";"Toitlustamine";""
"KTO011544";"Osaühing Sulps";"11446455";"05.01.2010";"Tähtajatu";"Jah";"Toitlustamine";""
"KTO011540";"Kernu Kadakas OÜ";"11793044";"31.12.2009";"Tähtajatu";"Jah";"Toitlustamine";""
"KTO011527";"Mittetulundusühing Roosna-Alliku Mõis";"80215789";"29.12.2009";"Tähtajatu";"Jah";"Toitlustamine";""
"KTO011507";"OÜ SPA Tours";"11693733";"18.12.2009";"Tähtajatu";"Jah";"Toitlustamine";""
"KTO011508";"Triimoon Trade OÜ";"11788014";"18.12.2009";"Tähtajatu";"Jah";"Toitlustamine";""
"KTO011505";"Osaühing Advance Avenue";"11598029";"17.12.2009";"Tähtajatu";"Jah";"Toitlustamine";""
"KTO011499";"Möku OÜ";"11672286";"16.12.2009";"Tähtajatu";"Jah";"Toitlustamine";""
"KTO011503";"OÜ Maxiteam";"11668014";"16.12.2009";"Tähtajatu";"Jah";"Toitlustamine";""
"KTO011488";"Supelsaksad OÜ";"11702165";"14.12.2009";"Tähtajatu";"Jah";"Toitlustamine";""
"KTO011486";"CP GROUP OÜ";"11714613";"11.12.2009";"Tähtajatu";"Jah";"Toitlustamine";""
"KTO011479";"OÜ Roheline Õun";"11229036";"10.12.2009";"Tähtajatu";"Jah";"Toitlustamine";""
"KTO011478";"Condimento OÜ";"11625364";"10.12.2009";"Tähtajatu";"Jah";"Toitlustamine";""
"KTO011461";"OÜ M&T ECC";"11658731";"03.12.2009";"Tähtajatu";"Jah";"Toitlustamine";""
"KTO011457";"Jõgeva Valla Kultuur";"75003298";"03.12.2009";"Tähtajatu";"Jah";"Toitlustamine";""
"KTO011456";"Aktsiaselts GMP Grupp";"10109324";"02.12.2009";"Tähtajatu";"Jah";"Toitlustamine";""
"KTO011453";"Osaühing Pellando";"11275266";"02.12.2009";"Tähtajatu";"Jah";"Toitlustamine";""
"KTO011451";"Volli Grill OÜ";"11633814";"02.12.2009";"Tähtajatu";"Jah";"Toitlustamine";""
"KTO011445";"MegaPower OÜ";"11517485";"01.12.2009";"Tähtajatu";"Jah";"Toitlustamine";""
"KTO011450";"OÜ Leva Loppan";"11531673";"01.12.2009";"Tähtajatu";"Jah";"Toitlustamine";""
"KTO011441";"OÜ Laglepesa";"11649732";"30.11.2009";"Tähtajatu";"Jah";"Toitlustamine";""
"KTO011444";"RESTORAN TRI OÜ";"11683114";"30.11.2009";"Tähtajatu";"Jah";"Toitlustamine";""
"KTO011423";"U&K TOITLUSTUS OÜ";"11758355";"26.11.2009";"Tähtajatu";"Jah";"Toitlustamine";""
"KTO011429";"Osaühing Anne Toidud";"11759478";"26.11.2009";"Tähtajatu";"Jah";"Toitlustamine";""
"KTO011415";"Jahimaja OÜ";"11231760";"24.11.2009";"Tähtajatu";"Jah";"Toitlustamine";""
"KTO011403";"Mimino OÜ";"11683077";"19.11.2009";"Tähtajatu";"Jah";"Toitlustamine";""
"KTO011393";"Agiato OÜ";"11700373";"17.11.2009";"Tähtajatu";"Jah";"Toitlustamine";""
"KTO011387";"OÜ McKenzie Invest";"10951185";"13.11.2009";"Tähtajatu";"Jah";"Toitlustamine";""
"KTO011384";"aktsiaselts SAME-SPORT";"10102138";"13.11.2009";"Tähtajatu";"Jah";"Toitlustamine";""
"KTO011376";"PJV Halduskoda OÜ";"11721731";"11.11.2009";"Tähtajatu";"Jah";"Toitlustamine";""
"KTO011374";"Osaühing Maitsest Maitsesse";"11154278";"10.11.2009";"Tähtajatu";"Jah";"Toitlustamine";""
"KTO011366";"Reval Köök OÜ";"11734834";"06.11.2009";"Tähtajatu";"Jah";"Toitlustamine";""
"KTO011360";"Astri Buffet OÜ";"11602110";"05.11.2009";"Tähtajatu";"Jah";"Toitlustamine";""
"KTO011355";"OÜ Vesipiip";"11523867";"04.11.2009";"Tähtajatu";"Jah";"Toitlustamine";""
"KTO011341";"Billimor OÜ";"10228069";"27.10.2009";"Tähtajatu";"Jah";"Toitlustamine";""
"KTO011322";"osaühing Ratsukievari";"10764342";"13.10.2009";"Tähtajatu";"Jah";"Toitlustamine";""
"KTO011320";"Osaühing Hiieleek";"11714794";"12.10.2009";"Tähtajatu";"Jah";"Toitlustamine";""
"KTO011300";"AS Tallinna Kontserdimaja";"11514334";"08.10.2009";"Tähtajatu";"Jah";"Toitlustamine";""
"KTO011291";"ODIL Eesti OÜ";"11692359";"06.10.2009";"Tähtajatu";"Jah";"Toitlustamine";""
"KTO011285";"osaühing PROGRESSFOON";"11207247";"06.10.2009";"Tähtajatu";"Jah";"Toitlustamine";""
"KTO011284";"osaühing Saare Partner";"11062837";"05.10.2009";"Tähtajatu";"Jah";"Toitlustamine";""
"KTO011283";"OÜ Risco";"11700858";"02.10.2009";"Tähtajatu";"Jah";"Toitlustamine";""
"KTO011282";"osaühing Creole";"10151639";"02.10.2009";"Tähtajatu";"Jah";"Toitlustamine";""
"KTO011271";"OÜ Nameteks";"11689370";"30.09.2009";"Tähtajatu";"Jah";"Toitlustamine";""
"KTO011269";"Pizzakaubandus OÜ";"11673624";"30.09.2009";"Tähtajatu";"Jah";"Toitlustamine";""
"KTO011263";"Osaühing Kuremäe Matkad";"10734074";"28.09.2009";"Tähtajatu";"Jah";"Toitlustamine";""
"KTO011234";"Airo Catering Services Eesti Osaühing";"10195447";"22.09.2009";"Tähtajatu";"Jah";"Toitlustamine";""
"KTO011223";"Osaühing PÕHJA VALDUS";"10266584";"16.09.2009";"Tähtajatu";"Jah";"Toitlustamine";""
"KTO011203";"UÜ PAVLJANA";"11689463";"11.09.2009";"Tähtajatu";"Jah";"Toitlustamine";""
"KTO011174";"Puhu Risti Söögimaja OÜ";"11264831";"07.09.2009";"Tähtajatu";"Jah";"Toitlustamine";""
"KTO011165";"OÜ Rõngu Trahter";"11654392";"03.09.2009";"Tähtajatu";"Jah";"Toitlustamine";""
"KTO011057";"Osaühing Veniete";"10654180";"14.08.2009";"Tähtajatu";"Jah";"Toitlustamine";""
"KTO011050";"Osaühing Rest Best";"10931550";"14.08.2009";"Tähtajatu";"Jah";"Toitlustamine";""
"KTO011055";"Osaühing Veniete";"10654180";"14.08.2009";"Tähtajatu";"Jah";"Toitlustamine";""
"KTO011043";"EdelaVara Aktsiaselts";"10702335";"13.08.2009";"Tähtajatu";"Jah";"Toitlustamine";""
"KTO011041";"EdelaVara Aktsiaselts";"10702335";"13.08.2009";"Tähtajatu";"Jah";"Toitlustamine";""
"KTO011038";"Baltic Restaurants Estonia AS";"11391363";"13.08.2009";"Tähtajatu";"Jah";"Toitlustamine";""
"KTO011039";"EdelaVara Aktsiaselts";"10702335";"13.08.2009";"Tähtajatu";"Jah";"Toitlustamine";""
"KTO011042";"EdelaVara Aktsiaselts";"10702335";"13.08.2009";"Tähtajatu";"Jah";"Toitlustamine";""
"KTO011022";"osaühing LÖWENRUH";"11283478";"12.08.2009";"Tähtajatu";"Jah";"Toitlustamine";""
"KTO011021";"Veinikivi OÜ";"11691591";"12.08.2009";"Tähtajatu";"Jah";"Toitlustamine";""
"KTO010983";"OÜ Plus Kohvikud";"11465222";"07.08.2009";"Tähtajatu";"Jah";"Toitlustamine";""
"KTO010941";"Kevadekalad OÜ";"11638734";"04.08.2009";"Tähtajatu";"Jah";"Toitlustamine";""
"KTO010901";"Peetri Grupp OÜ";"11692283";"31.07.2009";"Tähtajatu";"Jah";"Toitlustamine";""
"KTO010872";"Veskaru OÜ";"10112935";"28.07.2009";"Tähtajatu";"Jah";"Toitlustamine";""
"KTO010843";"OÜ Slaker";"10536090";"23.07.2009";"Tähtajatu";"Jah";"Toitlustamine";""
"KTO010750";"OÜ Valerii";"11233078";"16.07.2009";"Tähtajatu";"Jah";"Toitlustamine";""
"KTO010675";"VIRUMAA KINNISVARAARENDUSE OÜ";"10773499";"10.07.2009";"Tähtajatu";"Jah";"Toitlustamine";""
"KTO010645";"Anni OÜ";"11669195";"07.07.2009";"Tähtajatu";"Jah";"Toitlustamine";""
"KTO010624";"osaühing Dorpat";"11349438";"06.07.2009";"Tähtajatu";"Jah";"Toitlustamine";""
"KTO010591";"OÜ Ventoluks";"11274373";"03.07.2009";"Tähtajatu";"Jah";"Toitlustamine";""
"KTO010598";"osaühing EVERAL TRADING";"11451645";"03.07.2009";"Tähtajatu";"Jah";"Toitlustamine";""
"KTO010615";"Tulundusühistu VEAGLES";"10337858";"03.07.2009";"Tähtajatu";"Jah";"Toitlustamine";""
"KTO010528";"Chakra OÜ";"11548592";"29.06.2009";"Tähtajatu";"Jah";"Toitlustamine";""
"KTO010482";"IBIZA OÜ";"11555669";"25.06.2009";"Tähtajatu";"Jah";"Toitlustamine";""
"KTO010455";"Cuprum Osaühing";"11633659";"22.06.2009";"Tähtajatu";"Jah";"Toitlustamine";""
"KTO010406";"osaühing MaineGrupp";"10787062";"19.06.2009";"Tähtajatu";"Jah";"Toitlustamine";""
"KTO010324";"Venusclub Osaühing";"11607567";"18.06.2009";"Tähtajatu";"Jah";"Toitlustamine";""
"KTO010318";"Aktsiaselts Kihnu Veeteed";"10867071";"17.06.2009";"Tähtajatu";"Jah";"Toitlustamine";""
"KTO010294";"Osaühing Muhu Jaanalind";"10659438";"16.06.2009";"Tähtajatu";"Jah";"Toitlustamine";""
"KTO010292";"Osaühing ""Pajula""";"10006995";"16.06.2009";"Tähtajatu";"Jah";"Toitlustamine";""
"KTO010244";"KARMAL OÜ";"11612769";"12.06.2009";"Tähtajatu";"Jah";"Toitlustamine";""
"KTO010262";"LIS Investeeringute OÜ";"11573288";"12.06.2009";"Tähtajatu";"Jah";"Toitlustamine";""
"KTO010208";"ELRO INVESTEERINGUTE OÜ";"11405007";"10.06.2009";"Tähtajatu";"Jah";"Toitlustamine";""
"KTO010159";"A&T Prisce OÜ";"11214891";"04.06.2009";"Tähtajatu";"Jah";"Toitlustamine";""
"KTO010145";"Osaühing GENEVA";"10338183";"04.06.2009";"Tähtajatu";"Jah";"Toitlustamine";""
"KTO010148";"Osaühing Hunt-Fish Group";"11218512";"04.06.2009";"Tähtajatu";"Jah";"Toitlustamine";""
"KTO010132";"Osaühing BREVINI";"10636176";"03.06.2009";"Tähtajatu";"Jah";"Toitlustamine";""
"KTO010134";"OÜ Uulu Kohvik";"11636920";"03.06.2009";"Tähtajatu";"Jah";"Toitlustamine";""
"KTO010124";"tulundusühistu ?eiker";"10060629";"02.06.2009";"Tähtajatu";"Jah";"Toitlustamine";""
"KTO010101";"Oserv OÜ";"11463536";"01.06.2009";"Tähtajatu";"Jah";"Toitlustamine";""
"KTO010024";"OÜ Arefonte Chemicals";"10574433";"26.05.2009";"Tähtajatu";"Jah";"Toitlustamine";""
"KTO010027";"Osaühing BEK";"10425255";"26.05.2009";"Tähtajatu";"Jah";"Toitlustamine";""
"KTO010026";"Hendrik Hansen Skulptuuristuudio OÜ";"11228019";"26.05.2009";"Tähtajatu";"Jah";"Toitlustamine";""
"KTO010015";"Bravo Catering OÜ";"11103513";"25.05.2009";"Tähtajatu";"Jah";"Toitlustamine";""
"KTO010010";"Lõunaranna Investeeringud OÜ";"10919477";"25.05.2009";"Tähtajatu";"Jah";"Toitlustamine";""
"KTO009980";"MÄRJAMAA TARBIJATE ÜHISTU";"10055947";"19.05.2009";"Tähtajatu";"Jah";"Toitlustamine";""
"KTO009903";"Osaühing Pitas";"11526107";"07.05.2009";"Tähtajatu";"Jah";"Toitlustamine";""
"KTO009901";"OÜ La Passion";"11558923";"07.05.2009";"Tähtajatu";"Jah";"Toitlustamine";""
"KTO009875";"Restoran Dominic OÜ";"11305033";"05.05.2009";"Tähtajatu";"Jah";"Toitlustamine";""
"KTO009849";"PerfectDeal Osaühing";"11052253";"29.04.2009";"Tähtajatu";"Jah";"Toitlustamine";""
"KTO009813";"TallinnHotels OÜ";"11084782";"24.04.2009";"Tähtajatu";"Jah";"Toitlustamine";""
"KTO009816";"Mairi Notton";"11609164";"24.04.2009";"Tähtajatu";"Jah";"Toitlustamine";""
"KTO009801";"Aktsiaselts Tallink Grupp";"10238429";"21.04.2009";"Tähtajatu";"Jah";"Toitlustamine";""
"KTO009789";"aktsiaselts ""Johnny""";"10080098";"17.04.2009";"Tähtajatu";"Jah";"Toitlustamine";""
"KTO009784";"Voka Mõis Osaühing";"11565030";"16.04.2009";"Tähtajatu";"Jah";"Toitlustamine";""
"KTO009785";"OÜ Lehesaare";"11540648";"16.04.2009";"Tähtajatu";"Jah";"Toitlustamine";""
"KTO009772";"Freespeed OÜ";"11608087";"15.04.2009";"Tähtajatu";"Jah";"Toitlustamine";""
"KTO009778";"OÜ von Ramm";"10464232";"15.04.2009";"Tähtajatu";"Jah";"Toitlustamine";""
"KTO009777";"Osaühing Tõnis ja Pojad";"10250643";"15.04.2009";"Tähtajatu";"Jah";"Toitlustamine";""
"KTO009763";"OÜ Feldmanni Köök";"10742323";"13.04.2009";"Tähtajatu";"Jah";"Toitlustamine";""
"KTO009764";"Muhoroni Capsabet OÜ";"11582117";"13.04.2009";"Tähtajatu";"Jah";"Toitlustamine";""
"KTO009762";"OÜ Suurjärve KM";"11630833";"13.04.2009";"Tähtajatu";"Jah";"Toitlustamine";""
"KTO009752";"Neuemark OÜ";"10966152";"09.04.2009";"Tähtajatu";"Jah";"Toitlustamine";""
"KTO009749";"Osaühing Manderon";"10530928";"08.04.2009";"Tähtajatu";"Jah";"Toitlustamine";""
"KTO009722";"Album OÜ";"11612284";"01.04.2009";"Tähtajatu";"Jah";"Toitlustamine";""
"KTO009724";"Astri Buffet OÜ";"11602110";"01.04.2009";"Tähtajatu";"Jah";"Toitlustamine";""
"KTO009725";"Astri Buffet OÜ";"11602110";"01.04.2009";"Tähtajatu";"Jah";"Toitlustamine";""
"KTO009709";"OÜ PRUHA";"11511695";"25.03.2009";"Tähtajatu";"Jah";"Toitlustamine";""
"KTO009685";"OÜ Feeter";"10195364";"11.03.2009";"Tähtajatu";"Jah";"Toitlustamine";""
"KTO009679";"Portelain Consult OÜ";"11143493";"06.03.2009";"Tähtajatu";"Jah";"Toitlustamine";""
"KTO009673";"Osaühing EPITET";"11476697";"04.03.2009";"Tähtajatu";"Jah";"Toitlustamine";""
"KTO009642";"Osaühing TLG HOTELL";"10952552";"18.02.2009";"Tähtajatu";"Jah";"Toitlustamine";""
"KTO009639";"Aktsiaselts AUTOTRANS-NARVA";"10228661";"18.02.2009";"Tähtajatu";"Jah";"Toitlustamine";""
"KTO009636";"THEA RAHUOJA JORRU KOHVIK-BAAR";"10680786";"17.02.2009";"Tähtajatu";"Jah";"Toitlustamine";""
"KTO009621";"OÜ Noortelt Noortele";"11570249";"12.02.2009";"Tähtajatu";"Jah";"Toitlustamine";""
"KTO009606";"Ingli puudutus OÜ";"11493193";"10.02.2009";"Tähtajatu";"Jah";"Toitlustamine";""
"KTO009600";"Sushi Cat OÜ";"11510649";"05.02.2009";"Tähtajatu";"Jah";"Toitlustamine";""
"KTO009581";"Hansahotell - Tartu OÜ";"10914801";"28.01.2009";"Tähtajatu";"Jah";"Toitlustamine";""
"KTO009562";"osaühing Pak L&P";"10323939";"16.01.2009";"Tähtajatu";"Jah";"Toitlustamine";""
"KTO009546";"OÜ KADAKA BAAR";"10247894";"08.01.2009";"Tähtajatu";"Jah";"Toitlustamine";""
"KTO009530";"aktsiaselts VÄRSKA SANATOORIUM";"10243330";"31.12.2008";"Tähtajatu";"Jah";"Toitlustamine";""
"KTO009517";"OÜ Eduger";"11544453";"30.12.2008";"Tähtajatu";"Jah";"Toitlustamine";""
"KTO009483";"OÜ Erki.S.";"11540314";"19.12.2008";"Tähtajatu";"Jah";"Toitlustamine";""
"KTO009481";"JÄRVA TARBIJATE ÜHISTU";"10097762";"19.12.2008";"Tähtajatu";"Jah";"Toitlustamine";""
"KTO009474";"Osaühing Klaasimees";"10208724";"17.12.2008";"Tähtajatu";"Jah";"Toitlustamine";""
"KTO009458";"Müstigue OÜ";"11538346";"10.12.2008";"Tähtajatu";"Jah";"Toitlustamine";""
"KTO009455";"Rosmaleen Osaühing";"11522753";"09.12.2008";"Tähtajatu";"Jah";"Toitlustamine";""
"KTO009446";"Osaühing SAMBAR";"10077498";"05.12.2008";"Tähtajatu";"Jah";"Toitlustamine";""
"KTO009441";"Osaühing Viljandi KEK";"10216238";"04.12.2008";"Tähtajatu";"Jah";"Toitlustamine";""
"KTO009428";"EUROVESKI OÜ";"11376412";"28.11.2008";"Tähtajatu";"Jah";"Toitlustamine";""
"KTO009426";"Osaühing Esperan";"10711179";"28.11.2008";"Tähtajatu";"Jah";"Toitlustamine";""
"KTO009421";"OÜ Parem Kinnisvara";"10911412";"26.11.2008";"Tähtajatu";"Jah";"Toitlustamine";""
"KTO009416";"Osaühing POSITIVUS";"11334508";"24.11.2008";"Tähtajatu";"Jah";"Toitlustamine";""
"KTO009411";"Osaühing Paleton";"10656380";"21.11.2008";"Tähtajatu";"Jah";"Toitlustamine";""
"KTO009382";"Aktsiaselts Vinni Spordikompleks";"10445714";"10.11.2008";"Tähtajatu";"Jah";"Toitlustamine";""
"KTO009383";"Pauline Catering OÜ";"11404255";"10.11.2008";"Tähtajatu";"Jah";"Toitlustamine";""
"KTO009378";"Artur Osaühing";"11482232";"06.11.2008";"Tähtajatu";"Jah";"Toitlustamine";""
"KTO009376";"Coop Põlva Tarbijate Ühistu";"10051286";"05.11.2008";"Tähtajatu";"Jah";"Toitlustamine";""
"KTO009371";"OÜ LEXTRADE";"10409813";"04.11.2008";"Tähtajatu";"Jah";"Toitlustamine";""
"KTO009367";"Mamta Catering OÜ";"10907853";"31.10.2008";"Tähtajatu";"Jah";"Toitlustamine";""
"KTO009359";"Vihula Manor Hospitality Osaühing";"11481633";"30.10.2008";"Tähtajatu";"Jah";"Toitlustamine";""
"KTO009350";"DA VINCI RESTORANID OÜ";"11384908";"24.10.2008";"Tähtajatu";"Jah";"Toitlustamine";""
"KTO009328";"Cilli OÜ";"11429858";"20.10.2008";"Tähtajatu";"Jah";"Toitlustamine";""
"KTO009292";"OÜ Scarlet Catering";"11479170";"02.10.2008";"Tähtajatu";"Jah";"Toitlustamine";""
"KTO009286";"Veskaru OÜ";"10112935";"30.09.2008";"Tähtajatu";"Jah";"Toitlustamine";""
"KTO009277";"Osaühing Jeeb";"10794679";"26.09.2008";"Tähtajatu";"Jah";"Toitlustamine";""
"KTO009234";"Rentuno OÜ";"11499818";"18.09.2008";"Tähtajatu";"Jah";"Toitlustamine";""
"KTO009193";"Osaühing Euterpe";"10644075";"11.09.2008";"Tähtajatu";"Jah";"Toitlustamine";""
"KTO009187";"OSAÜHING LANDVETER";"11434196";"10.09.2008";"Tähtajatu";"Jah";"Toitlustamine";""
"KTO009175";"Osaühing Comlink";"10725218";"09.09.2008";"Tähtajatu";"Jah";"Toitlustamine";""
"KTO009174";"Villa Thai OÜ";"11531812";"08.09.2008";"Tähtajatu";"Jah";"Toitlustamine";""
"KTO009164";"OÜ ELEKAASIK-RIIN";"11103140";"04.09.2008";"Tähtajatu";"Jah";"Toitlustamine";""
"KTO009153";"osaühing ""LEDIN""";"10152142";"03.09.2008";"Tähtajatu";"Jah";"Toitlustamine";""
"KTO009122";"Osaühing MM-CONTRA";"10228968";"29.08.2008";"Tähtajatu";"Jah";"Toitlustamine";""
"KTO009100";"OÜ Kalme-Veski";"10739367";"26.08.2008";"Tähtajatu";"Jah";"Toitlustamine";""
"KTO009098";"osaühing Sensum";"10539026";"25.08.2008";"Tähtajatu";"Jah";"Toitlustamine";""
"KTO009092";"Aktsiaselts Kihnu Veeteed";"10867071";"22.08.2008";"Tähtajatu";"Jah";"Toitlustamine";""
"KTO009059";"Impuls EE OÜ";"10863512";"15.08.2008";"Tähtajatu";"Jah";"Toitlustamine";""
"KTO009046";"DIETER HELMUT WILLI HÖLSCHER";"11336163";"14.08.2008";"Tähtajatu";"Jah";"Toitlustamine";""
"KTO009040";"Haiba Rahvamaja";"75011406";"14.08.2008";"Tähtajatu";"Jah";"Toitlustamine";""
"KTO008973";"Kungla Investeeringu Osaühing";"10103126";"06.08.2008";"Tähtajatu";"Jah";"Toitlustamine";""
"KTO008952";"Aktsiaselts Kihnu Veeteed";"10867071";"04.08.2008";"Tähtajatu";"Jah";"Toitlustamine";""
"KTO008893";"osaühing SELLERSON";"11087837";"28.07.2008";"Tähtajatu";"Jah";"Toitlustamine";""
"KTO008896";"Chef Chef OÜ";"11495476";"28.07.2008";"Tähtajatu";"Jah";"Toitlustamine";""
"KTO008884";"OÜ Peopaik";"11498842";"25.07.2008";"Tähtajatu";"Jah";"Toitlustamine";""
"KTO008880";"Osaühing Kipi-Koovi";"11247850";"24.07.2008";"Tähtajatu";"Jah";"Toitlustamine";""
"KTO008862";"Catering OÜ";"10784899";"22.07.2008";"Tähtajatu";"Jah";"Toitlustamine";""
"KTO008840";"MELLSON GRUPP OÜ";"10790187";"18.07.2008";"Tähtajatu";"Jah";"Toitlustamine";""
"KTO008808";"Osaühing Sillaääre";"11394829";"16.07.2008";"Tähtajatu";"Jah";"Toitlustamine";""
"KTO008732";"Ida-India Kompanii OÜ";"11495080";"09.07.2008";"Tähtajatu";"Jah";"Toitlustamine";""
"KTO008669";"Rasa Trading Company AS";"10588230";"02.07.2008";"Tähtajatu";"Jah";"Toitlustamine";""
"KTO008637";"Sihtasutus Jõulumäe Tervisespordikeskus";"90005113";"30.06.2008";"Tähtajatu";"Jah";"Toitlustamine";""
"KTO008473";"Kamoobia OÜ";"11015364";"19.06.2008";"Tähtajatu";"Jah";"Toitlustamine";""
"KTO008327";"Spring Cafe OÜ";"11450976";"06.06.2008";"Tähtajatu";"Jah";"Toitlustamine";""
"KTO008319";"Seto Line Reisid OÜ";"11438981";"06.06.2008";"Tähtajatu";"Jah";"Toitlustamine";""
"KTO008294";"osaühing Starmaker";"10412838";"04.06.2008";"Tähtajatu";"Jah";"Toitlustamine";""
"KTO008279";"Osaühing ANITA TUUR";"11129642";"03.06.2008";"Tähtajatu";"Jah";"Toitlustamine";""
"KTO008277";"OÜ LAVU ja KA";"10854177";"03.06.2008";"Tähtajatu";"Jah";"Toitlustamine";""
"KTO008189";"OSAÜHING LEIDREK";"10546444";"26.05.2008";"Tähtajatu";"Jah";"Toitlustamine";""
"KTO008146";"sihtasutus Eesti Lennundusmuuseum";"90001747";"19.05.2008";"Tähtajatu";"Jah";"Toitlustamine";""
"KTO008137";"Dvinjaninov osaühing";"10515254";"16.05.2008";"Tähtajatu";"Jah";"Toitlustamine";""
"KTO008142";"OÜ REBASE SÖÖGITUBA";"11441061";"16.05.2008";"Tähtajatu";"Jah";"Toitlustamine";""
"KTO008118";"Osaühing LINAVURT";"10928602";"13.05.2008";"Tähtajatu";"Jah";"Toitlustamine";""
"KTO008117";"OSAÜHING KAPRIZ SAJUZ";"11503572";"13.05.2008";"Tähtajatu";"Jah";"Toitlustamine";""
"KTO008119";"PIANO Foorum OÜ";"11345209";"13.05.2008";"Tähtajatu";"Jah";"Toitlustamine";""
"KTO008116";"OSAÜHING Elviac";"11142594";"13.05.2008";"Tähtajatu";"Jah";"Toitlustamine";""
"KTO008107";"POPULAR OÜ";"10910588";"09.05.2008";"Tähtajatu";"Jah";"Toitlustamine";""
"KTO008079";"Osaühing GENEVA";"10338183";"06.05.2008";"Tähtajatu";"Jah";"Toitlustamine";""
"KTO008080";"Osaühing GENEVA";"10338183";"06.05.2008";"Tähtajatu";"Jah";"Toitlustamine";""
"KTO008083";"OÜ Aadlipreili";"11408603";"06.05.2008";"Tähtajatu";"Jah";"Toitlustamine";""
"KTO008055";"Osaühing ROCCA HOTELLIGRUPP";"11430382";"30.04.2008";"Tähtajatu";"Jah";"Toitlustamine";""
"KTO008061";"URMAS ILUMÄE";"10745209";"30.04.2008";"Tähtajatu";"Jah";"Toitlustamine";""
"KTO008039";"OÜ Malakhat";"11436947";"28.04.2008";"Tähtajatu";"Jah";"Toitlustamine";""
"KTO008044";"Piko Hobikross Osaühing";"10949704";"28.04.2008";"Tähtajatu";"Jah";"Toitlustamine";""
"KTO008042";"AS Wasa";"10358725";"28.04.2008";"Tähtajatu";"Jah";"Toitlustamine";""
"KTO008015";"Aqva Hotels Osaühing";"11236415";"22.04.2008";"Tähtajatu";"Jah";"Toitlustamine";""
"KTO008014";"Aqva Hotels Osaühing";"11236415";"22.04.2008";"Tähtajatu";"Jah";"Toitlustamine";""
"KTO008016";"Aqva Hotels Osaühing";"11236415";"22.04.2008";"Tähtajatu";"Jah";"Toitlustamine";""
"KTO008001";"Aktsiaselts Tallink Grupp";"10238429";"18.04.2008";"Tähtajatu";"Jah";"Toitlustamine";""
"KTO007999";"OÜ Laitamm & Ko";"10924662";"17.04.2008";"Tähtajatu";"Jah";"Toitlustamine";""
"KTO007993";"osaühing Piiri Pagar";"11136406";"17.04.2008";"Tähtajatu";"Jah";"Toitlustamine";""
"KTO007955";"Baltic Restaurants Estonia AS";"11391363";"02.04.2008";"Tähtajatu";"Jah";"Toitlustamine";""
"KTO007949";"Benita Kodu AS";"11314032";"26.03.2008";"Tähtajatu";"Jah";"Toitlustamine";""
"KTO007937";"Selts Raeküla";"80159370";"20.03.2008";"Tähtajatu";"Jah";"Toitlustamine";""
"KTO007927";"Ecopress OÜ";"10626539";"13.03.2008";"Tähtajatu";"Jah";"Toitlustamine";""
"KTO007926";"Ecopress OÜ";"10626539";"13.03.2008";"Tähtajatu";"Jah";"Toitlustamine";""
"KTO007922";"RAUDITE Osaühing";"11435631";"13.03.2008";"Tähtajatu";"Jah";"Toitlustamine";""
"KTO007910";"NOP OÜ";"11430471";"07.03.2008";"Tähtajatu";"Jah";"Toitlustamine";""
"KTO007896";"osaühing VANEMUISE KOHVIK";"10051694";"03.03.2008";"Tähtajatu";"Jah";"Toitlustamine";""
"KTO007891";"Osaühing JOOSAND";"10186922";"29.02.2008";"Tähtajatu";"Jah";"Toitlustamine";""
"KTO007893";"Tamula OÜ";"10985592";"29.02.2008";"Tähtajatu";"Jah";"Toitlustamine";""
"KTO007894";"Osaühing LUCULLUS";"10941755";"29.02.2008";"Tähtajatu";"Jah";"Toitlustamine";""
"KTO007892";"ATSI VEOD OÜ";"11045307";"29.02.2008";"Tähtajatu";"Jah";"Toitlustamine";""
"KTO007883";"Helitos Trade OÜ";"11334000";"27.02.2008";"Tähtajatu";"Jah";"Toitlustamine";""
"KTO007873";"Kaerajaan OÜ";"10622560";"22.02.2008";"Tähtajatu";"Jah";"Toitlustamine";""
"KTO007847";"AIA TALU";"10445915";"11.02.2008";"Tähtajatu";"Jah";"Toitlustamine";""
"KTO007842";"Osaühing Paan";"10170772";"08.02.2008";"Tähtajatu";"Jah";"Toitlustamine";""
"KTO007841";"Osaühing Reimerland";"11435793";"08.02.2008";"Tähtajatu";"Jah";"Toitlustamine";""
"KTO007839";"Trevmoks OÜ";"11140508";"07.02.2008";"Tähtajatu";"Jah";"Toitlustamine";""
"KTO007830";"OLEG ORLOV";"10849021";"06.02.2008";"Tähtajatu";"Jah";"Toitlustamine";""
"KTO007824";"OÜ ARIPALTE";"11078005";"04.02.2008";"Tähtajatu";"Jah";"Toitlustamine";""
"KTO007815";"Pelf OÜ";"10567280";"28.01.2008";"Tähtajatu";"Jah";"Toitlustamine";""
"KTO007808";"osaühing Kaasiku Äri";"11105895";"22.01.2008";"Tähtajatu";"Jah";"Toitlustamine";""
"KTO007805";"osaühing Keila Tervisekeskus";"10571548";"18.01.2008";"Tähtajatu";"Jah";"Toitlustamine";""
"KTO007804";"Osaühing Harrelson";"10979137";"17.01.2008";"Tähtajatu";"Jah";"Toitlustamine";""
"KTO007800";"OÜ Chedi";"11223826";"15.01.2008";"Tähtajatu";"Jah";"Toitlustamine";""
"KTO007797";"Enadipe Kemambil OÜ";"10935772";"14.01.2008";"Tähtajatu";"Jah";"Toitlustamine";""
"KTO007791";"Osaühing Tirumala";"10971928";"08.01.2008";"Tähtajatu";"Jah";"Toitlustamine";""
"KTO007774";"Sihtasutus Uue Kunsti Muuseum";"90004237";"21.12.2007";"Tähtajatu";"Jah";"Toitlustamine";""
"KTO007767";"MODUREN GRUPP OÜ";"11406403";"19.12.2007";"Tähtajatu";"Jah";"Toitlustamine";""
"KTO007758";"PJK Haldus OÜ";"11423137";"13.12.2007";"Tähtajatu";"Jah";"Toitlustamine";""
"KTO007740";"Samisa Grupp OÜ";"11385061";"06.12.2007";"Tähtajatu";"Jah";"Toitlustamine";""
"KTO007734";"Osaühing Nordic Hotels";"11149337";"04.12.2007";"Tähtajatu";"Jah";"Toitlustamine";""
"KTO007736";"Osaühing Nordic Hotels";"11149337";"04.12.2007";"Tähtajatu";"Jah";"Toitlustamine";""
"KTO007735";"Osaühing Nordic Hotels";"11149337";"04.12.2007";"Tähtajatu";"Jah";"Toitlustamine";""
"KTO007728";"OÜ Swissotel Estonia";"11112305";"03.12.2007";"Tähtajatu";"Jah";"Toitlustamine";""
"KTO007726";"OÜ Swissotel Estonia";"11112305";"03.12.2007";"Tähtajatu";"Jah";"Toitlustamine";""
"KTO007725";"OÜ Swissotel Estonia";"11112305";"03.12.2007";"Tähtajatu";"Jah";"Toitlustamine";""
"KTO007730";"OÜ Swissotel Estonia";"11112305";"03.12.2007";"Tähtajatu";"Jah";"Toitlustamine";""
"KTO007729";"OÜ Swissotel Estonia";"11112305";"03.12.2007";"Tähtajatu";"Jah";"Toitlustamine";""
"KTO007718";"Osaühing Comlink";"10725218";"30.11.2007";"Tähtajatu";"Jah";"Toitlustamine";""
"KTO007707";"Sihtasutus Eesti Kontsert";"90012596";"29.11.2007";"Tähtajatu";"Jah";"Toitlustamine";""
"KTO007694";"Artaksi Veod OÜ";"11397609";"23.11.2007";"Tähtajatu";"Jah";"Toitlustamine";""
"KTO007692";"OÜ TIIVAD";"10175083";"22.11.2007";"Tähtajatu";"Jah";"Toitlustamine";""
"KTO007676";"Aktsiaselts AGDECK";"10266845";"13.11.2007";"Tähtajatu";"Jah";"Toitlustamine";""
"KTO007675";"Aktsiaselts Tallink Grupp";"10238429";"13.11.2007";"Tähtajatu";"Jah";"Toitlustamine";""
"KTO007671";"ELLENI PAGARIÄRI Osaühing";"10837905";"08.11.2007";"Tähtajatu";"Jah";"Toitlustamine";""
"KTO007663";"aktsiaselts Olerex";"10136870";"06.11.2007";"Tähtajatu";"Jah";"Toitlustamine";""
"KTO007650";"EGL Arendus Osaühing";"10672580";"31.10.2007";"Tähtajatu";"Jah";"Toitlustamine";""
"KTO007635";"VIRUMAA KINNISVARAARENDUSE OÜ";"10773499";"22.10.2007";"Tähtajatu";"Jah";"Toitlustamine";""
"KTO007627";"PRO LOFT OÜ";"11397727";"16.10.2007";"Tähtajatu";"Jah";"Toitlustamine";""
"KTO007617";"Aktsiaselts Johan GTJ";"10296289";"09.10.2007";"Tähtajatu";"Jah";"Toitlustamine";""
"KTO007592";"SKM SAKO Osaühing";"11335502";"01.10.2007";"Tähtajatu";"Jah";"Toitlustamine";""
"KTO007590";"Baltic Restaurants Estonia AS";"11391363";"28.09.2007";"Tähtajatu";"Jah";"Toitlustamine";""
"KTO007580";"Baltic Restaurants Estonia AS";"11391363";"28.09.2007";"Tähtajatu";"Jah";"Toitlustamine";""
"KTO007577";"Baltic Restaurants Estonia AS";"11391363";"28.09.2007";"Tähtajatu";"Jah";"Toitlustamine";""
"KTO007589";"Baltic Restaurants Estonia AS";"11391363";"28.09.2007";"Tähtajatu";"Jah";"Toitlustamine";""
"KTO007579";"Baltic Restaurants Estonia AS";"11391363";"28.09.2007";"Tähtajatu";"Jah";"Toitlustamine";""
"KTO007570";"Lilywhite OÜ";"11356912";"27.09.2007";"Tähtajatu";"Jah";"Toitlustamine";""
"KTO007564";"OÜ Unidomen";"11397615";"25.09.2007";"Tähtajatu";"Jah";"Toitlustamine";""
"KTO007561";"Aktsiaselts Tallink Grupp";"10238429";"25.09.2007";"Tähtajatu";"Jah";"Toitlustamine";""
"KTO007516";"Osaühing Marengel";"11185296";"13.09.2007";"Tähtajatu";"Jah";"Toitlustamine";""
"KTO007473";"Osaühing Merintal";"11352104";"03.09.2007";"Tähtajatu";"Jah";"Toitlustamine";""
"KTO007446";"Osaühing Tasskohvi";"11322557";"27.08.2007";"Tähtajatu";"Jah";"Toitlustamine";""
"KTO007404";"Osaühing Hobbykarting";"10941152";"17.08.2007";"Tähtajatu";"Jah";"Toitlustamine";""
"KTO007371";"Pauline Catering OÜ";"11404255";"10.08.2007";"Tähtajatu";"Jah";"Toitlustamine";""
"KTO007333";"Viking Forell OÜ";"11266801";"06.08.2007";"Tähtajatu";"Jah";"Toitlustamine";""
"KTO007259";"Osaühing Havers";"10085894";"25.07.2007";"Tähtajatu";"Jah";"Toitlustamine";""
"KTO007210";"Jiang Xia Kaubanduse Osaühing";"10178868";"19.07.2007";"Tähtajatu";"Jah";"Toitlustamine";""
"KTO007205";"Osaühing Laiamäe Talu";"10854105";"18.07.2007";"Tähtajatu";"Jah";"Toitlustamine";""
"KTO007188";"Oru-A2 osaühing";"11132420";"17.07.2007";"Tähtajatu";"Jah";"Toitlustamine";""
"KTO007184";"osaühing Dorpat";"11349438";"13.07.2007";"Tähtajatu";"Jah";"Toitlustamine";""
"KTO007120";"OÜ Mutamor";"10514102";"06.07.2007";"Tähtajatu";"Jah";"Toitlustamine";""
"KTO007059";"FIE Eve Sinisalu";"10944593";"02.07.2007";"Tähtajatu";"Jah";"Toitlustamine";""
"KTO007020";"Osaühing Krylvi";"10405399";"29.06.2007";"Tähtajatu";"Jah";"Toitlustamine";""
"KTO007047";"Kungla Investeeringu Osaühing";"10103126";"29.06.2007";"Tähtajatu";"Jah";"Toitlustamine";""
"KTO007036";"OÜ Marex Grupp";"11173790";"29.06.2007";"Tähtajatu";"Jah";"Toitlustamine";""
"KTO006992";"AS GoRail";"10541949";"27.06.2007";"Tähtajatu";"Jah";"Toitlustamine";""
"KTO006981";"OÜ McKenzie Invest";"10951185";"26.06.2007";"Tähtajatu";"Jah";"Toitlustamine";""
"KTO006973";"Kungla Investeeringu Osaühing";"10103126";"25.06.2007";"Tähtajatu";"Jah";"Toitlustamine";""
"KTO006895";"osaühing East West Foods";"10918147";"21.06.2007";"Tähtajatu";"Jah";"Toitlustamine";""
"KTO006904";"VU PARTNER OÜ";"10386294";"21.06.2007";"Tähtajatu";"Jah";"Toitlustamine";""
"KTO006872";"Hiiumaa Rannapaargu OÜ";"11393445";"20.06.2007";"Tähtajatu";"Jah";"Toitlustamine";""
"KTO006818";"PÄRNA talu";"10786237";"15.06.2007";"Tähtajatu";"Jah";"Toitlustamine";""
"KTO006803";"Osaühing Korall A.H.T.";"10296332";"14.06.2007";"Tähtajatu";"Jah";"Toitlustamine";""
"KTO006708";"Osaühing Saare Värav";"11363258";"05.06.2007";"Tähtajatu";"Jah";"Toitlustamine";""
"KTO006672";"Roosikrantsi Hotell OÜ";"11361907";"31.05.2007";"Tähtajatu";"Jah";"Toitlustamine";""
"KTO006660";"PIERRE et KONTSOW OÜ";"11037911";"30.05.2007";"Tähtajatu";"Jah";"Toitlustamine";""
"KTO006638";"KIKAS & REISID OÜ";"10766157";"28.05.2007";"Tähtajatu";"Jah";"Toitlustamine";""
"KTO006643";"Osaühing TIKVEL";"10854275";"28.05.2007";"Tähtajatu";"Jah";"Toitlustamine";""
"KTO006639";"osaühing Vanatoa Turismitalu";"11352819";"28.05.2007";"Tähtajatu";"Jah";"Toitlustamine";""
"KTO006633";"Osaühing Ehakas";"11322675";"25.05.2007";"Tähtajatu";"Jah";"Toitlustamine";""
"KTO006592";"Osaühing POSITIVUS";"11334508";"18.05.2007";"Tähtajatu";"Jah";"Toitlustamine";""
"KTO006567";"AS GoRail";"10541949";"16.05.2007";"Tähtajatu";"Jah";"Toitlustamine";""
"KTO006569";"AS GoRail";"10541949";"16.05.2007";"Tähtajatu";"Jah";"Toitlustamine";""
"KTO006568";"AS GoRail";"10541949";"16.05.2007";"Tähtajatu";"Jah";"Toitlustamine";""
"KTO006543";"OÜ CAFE VELVET";"11212900";"09.05.2007";"Tähtajatu";"Jah";"Toitlustamine";""
"KTO006540";"O.K. Neeruti Aktsiaselts";"10371453";"09.05.2007";"Tähtajatu";"Jah";"Toitlustamine";""
"KTO006539";"SEVENOIL EST OÜ";"11076302";"08.05.2007";"Tähtajatu";"Jah";"Toitlustamine";""
"KTO006521";"Tehnovorm osaühing";"10903097";"04.05.2007";"Tähtajatu";"Jah";"Toitlustamine";""
"KTO006517";"Osaühing SILDEX";"10963774";"03.05.2007";"Tähtajatu";"Jah";"Toitlustamine";""
"KTO006490";"Osaühing RIKAS-VO";"11292230";"27.04.2007";"Tähtajatu";"Jah";"Toitlustamine";""
"KTO006487";"OÜ Efendi";"10382853";"27.04.2007";"Tähtajatu";"Jah";"Toitlustamine";""
"KTO006483";"OÜ Hotell Telegraaf";"11033876";"26.04.2007";"Tähtajatu";"Jah";"Toitlustamine";""
"KTO006484";"OÜ Hotell Telegraaf";"11033876";"26.04.2007";"Tähtajatu";"Jah";"Toitlustamine";""
"KTO006475";"osaühing Treselle";"10984463";"24.04.2007";"Tähtajatu";"Jah";"Toitlustamine";""
"KTO006478";"OÜ Pintmann Grupp";"10435791";"24.04.2007";"Tähtajatu";"Jah";"Toitlustamine";""
"KTO006471";"EventLab OÜ";"10903832";"23.04.2007";"Tähtajatu";"Jah";"Toitlustamine";""
"KTO006458";"OÜ ILMARADA";"11135186";"20.04.2007";"Tähtajatu";"Jah";"Toitlustamine";""
"KTO006462";"Osaühing Handell";"10703955";"20.04.2007";"Tähtajatu";"Jah";"Toitlustamine";""
"KTO006454";"Gregmart OÜ";"11141057";"19.04.2007";"Tähtajatu";"Jah";"Toitlustamine";""
"KTO006446";"Aktsiaselts Tallink Grupp";"10238429";"17.04.2007";"Tähtajatu";"Jah";"Toitlustamine";""
"KTO006439";"osaühing St.Patrick's";"10571502";"16.04.2007";"Tähtajatu";"Jah";"Toitlustamine";""
"KTO006423";"füüsilisest isikust ettevõtja Juta Pae";"10033118";"13.04.2007";"Tähtajatu";"Jah";"Toitlustamine";""
"KTO006414";"aktsiaselts Sanatoorium Tervis";"10044777";"10.04.2007";"Tähtajatu";"Jah";"Toitlustamine";""
"KTO006392";"osaühing Timmhar";"11321658";"30.03.2007";"Tähtajatu";"Jah";"Toitlustamine";""
"KTO006385";"Osaühing Evermark";"11278879";"26.03.2007";"Tähtajatu";"Jah";"Toitlustamine";""
"KTO006384";"OSAÜHING ALMIRANIX";"11334448";"23.03.2007";"Tähtajatu";"Jah";"Toitlustamine";""
"KTO006362";"Osaühing TLG HOTELL";"10952552";"13.03.2007";"Tähtajatu";"Jah";"Toitlustamine";""
"KTO006359";"Osaühing TLG HOTELL";"10952552";"13.03.2007";"Tähtajatu";"Jah";"Toitlustamine";""
"KTO006360";"Osaühing TLG HOTELL";"10952552";"13.03.2007";"Tähtajatu";"Jah";"Toitlustamine";""
"KTO006361";"Osaühing TLG HOTELL";"10952552";"13.03.2007";"Tähtajatu";"Jah";"Toitlustamine";""
"KTO006346";"Osaühing Tuuleveski";"10008480";"06.03.2007";"Tähtajatu";"Jah";"Toitlustamine";""
"KTO006340";"Osaühing Esperan";"10711179";"01.03.2007";"Tähtajatu";"Jah";"Toitlustamine";""
"KTO006325";"Loteman OÜ";"11289216";"23.02.2007";"Tähtajatu";"Jah";"Toitlustamine";""
"KTO006318";"VINS-SV OÜ";"11342146";"20.02.2007";"Tähtajatu";"Jah";"Toitlustamine";""
"KTO006279";"OÜ Vanaema köök";"14348669";"31.01.2007";"Tähtajatu";"Jah";"Toitlustamine";""
"KTO006280";"OÜ Vanaema köök";"14348669";"31.01.2007";"Tähtajatu";"Jah";"Toitlustamine";""
"KTO006273";"ARM Services OÜ";"11254577";"29.01.2007";"Tähtajatu";"Jah";"Toitlustamine";""
"KTO006270";"Kungla Investeeringu Osaühing";"10103126";"26.01.2007";"Tähtajatu";"Jah";"Toitlustamine";""
"KTO006255";"OÜ Kuppel";"10936406";"18.01.2007";"Tähtajatu";"Jah";"Toitlustamine";""
"KTO006239";"SIMEAG PROJEKTID OSAÜHING";"11185451";"11.01.2007";"Tähtajatu";"Jah";"Toitlustamine";""
"KTO006238";"osaühing Särts A &T";"10118754";"10.01.2007";"Tähtajatu";"Jah";"Toitlustamine";""
"KTO006232";"Lihula Kultuurimaja";"75022389";"04.01.2007";"Tähtajatu";"Jah";"Toitlustamine";""
"KTO006228";"Astikom OÜ";"11201479";"02.01.2007";"Tähtajatu";"Jah";"Toitlustamine";""
"KTO006215";"OSAÜHING BON-HI";"10156571";"27.12.2006";"Tähtajatu";"Jah";"Toitlustamine";""
"KTO006203";"Osaühing Korrin";"10144409";"21.12.2006";"Tähtajatu";"Jah";"Toitlustamine";""
"KTO006183";"Osaühing MAALETOR";"10578303";"12.12.2006";"Tähtajatu";"Jah";"Toitlustamine";""
"KTO006184";"Hiiekivi Osaühing";"10589270";"12.12.2006";"Tähtajatu";"Jah";"Toitlustamine";""
"KTO006166";"OÜ A & R";"11112216";"05.12.2006";"Tähtajatu";"Jah";"Toitlustamine";""
"KTO006163";"OÜ Kivimäe Hostel";"11204220";"01.12.2006";"Tähtajatu";"Jah";"Toitlustamine";""
"KTO006156";"OÜ Ventoluks";"11274373";"30.11.2006";"Tähtajatu";"Jah";"Toitlustamine";""
"KTO006126";"OÜ Garsmille";"11204088";"16.11.2006";"Tähtajatu";"Jah";"Toitlustamine";""
"KTO006112";"Osaühing Hansacatering";"10591746";"09.11.2006";"Tähtajatu";"Jah";"Toitlustamine";""
"KTO006101";"Toiduteenuse OÜ";"11284905";"02.11.2006";"Tähtajatu";"Jah";"Toitlustamine";""
"KTO006100";"Osaühing KEANO";"10972827";"01.11.2006";"Tähtajatu";"Jah";"Toitlustamine";""
"KTO006084";"AS Sokotel";"10953787";"26.10.2006";"Tähtajatu";"Jah";"Toitlustamine";""
"KTO006078";"Osaühing Hansacatering";"10591746";"18.10.2006";"Tähtajatu";"Jah";"Toitlustamine";""
"KTO006064";"TXHTC OÜ";"11253744";"13.10.2006";"Tähtajatu";"Jah";"Toitlustamine";""
"KTO006038";"osaühing PEETRI CATERING";"11228404";"29.09.2006";"Tähtajatu";"Jah";"Toitlustamine";""
"KTO006033";"Olive Hospitality OÜ";"11192283";"28.09.2006";"Tähtajatu";"Jah";"Toitlustamine";""
"KTO006034";"Olive Hospitality OÜ";"11192283";"28.09.2006";"Tähtajatu";"Jah";"Toitlustamine";""
"KTO006036";"BellAnita OÜ";"10820661";"28.09.2006";"Tähtajatu";"Jah";"Toitlustamine";""
"KTO006027";"Kungla Investeeringu Osaühing";"10103126";"26.09.2006";"Tähtajatu";"Jah";"Toitlustamine";""
"KTO005910";"Konvor OÜ";"10333240";"23.08.2006";"Tähtajatu";"Jah";"Toitlustamine";""
"KTO005909";"VALENTINA SARIK";"10628061";"22.08.2006";"Tähtajatu";"Jah";"Toitlustamine";""
"KTO005906";"Osaühing TUULMER";"11273385";"22.08.2006";"Tähtajatu";"Jah";"Toitlustamine";""
"KTO005908";"OÜ EVELAIN KÖÖK";"11076271";"22.08.2006";"Tähtajatu";"Jah";"Toitlustamine";""
"KTO005894";"osaühing Soneburg";"11249240";"18.08.2006";"Tähtajatu";"Jah";"Toitlustamine";""
"KTO005830";"ILL & RO OÜ";"10677778";"08.08.2006";"Tähtajatu";"Jah";"Toitlustamine";""
"KTO005777";"OÜ Ööklubi Maasikas";"11169185";"28.07.2006";"Tähtajatu";"Jah";"Toitlustamine";""
"KTO005767";"OÜ McKenzie Invest";"10951185";"27.07.2006";"Tähtajatu";"Jah";"Toitlustamine";""
"KTO005754";"Soopärl OÜ";"11261258";"26.07.2006";"Tähtajatu";"Jah";"Toitlustamine";""
"KTO005745";"Trafacon OÜ";"10187376";"25.07.2006";"Tähtajatu";"Jah";"Toitlustamine";""
"KTO005724";"osaühing Kello Talu";"11133619";"21.07.2006";"Tähtajatu";"Jah";"Toitlustamine";""
"KTO005664";"RUUNAWERE HOTELL OÜ";"10403348";"13.07.2006";"Tähtajatu";"Jah";"Toitlustamine";""
"KTO005671";"osaühing Piiri Pagar";"11136406";"13.07.2006";"Tähtajatu";"Jah";"Toitlustamine";""
"KTO005640";"OSAÜHING KÖÖGIKRATT";"10304304";"10.07.2006";"Tähtajatu";"Jah";"Toitlustamine";""
"KTO005580";"Natalija Gukova";"11235657";"04.07.2006";"Tähtajatu";"Jah";"Toitlustamine";""
"KTO005390";"OÜ COPS & MAX";"10970774";"19.06.2006";"Tähtajatu";"Jah";"Toitlustamine";""
"KTO005348";"Tuuleveski Arenduse OÜ";"10847594";"14.06.2006";"Tähtajatu";"Jah";"Toitlustamine";""
"KTO005344";"ROSENI MAJAD OÜ";"10618250";"13.06.2006";"Tähtajatu";"Jah";"Toitlustamine";""
"KTO005224";"TallinnHotels OÜ";"11084782";"31.05.2006";"Tähtajatu";"Jah";"Toitlustamine";""
"KTO005211";"Aktsiaselts DZINGEL";"10379414";"30.05.2006";"Tähtajatu";"Jah";"Toitlustamine";""
"KTO005208";"OÜ ESTFORCE";"11239328";"29.05.2006";"Tähtajatu";"Jah";"Toitlustamine";""
"KTO005144";"Osaühing Ranissa";"10368793";"18.05.2006";"Tähtajatu";"Jah";"Toitlustamine";""
"KTO005117";"Osaühing KAUKSI RAND";"10196955";"15.05.2006";"Tähtajatu";"Jah";"Toitlustamine";""
"KTO005099";"OSAÜHING A.G.M. KAUBANDUS";"11101974";"10.05.2006";"Tähtajatu";"Jah";"Toitlustamine";""
"KTO005076";"Osaühing Allodium";"11130846";"05.05.2006";"Tähtajatu";"Jah";"Toitlustamine";""
"KTO005053";"Osaühing KUTER";"10510386";"28.04.2006";"Tähtajatu";"Jah";"Toitlustamine";""
"KTO005059";"Osaühing Jõeoru Villa";"11231085";"28.04.2006";"Tähtajatu";"Jah";"Toitlustamine";""
"KTO005040";"Aktsiaselts Tallinna Lennujaam";"10349560";"25.04.2006";"Tähtajatu";"Jah";"Toitlustamine";""
"KTO005032";"osaühing Pootsel";"10033437";"24.04.2006";"Tähtajatu";"Jah";"Toitlustamine";""
"KTO005018";"AARE REBBAN";"10661607";"19.04.2006";"Tähtajatu";"Jah";"Toitlustamine";""
"KTO005001";"Gustav Cafe OÜ";"11202149";"13.04.2006";"Tähtajatu";"Jah";"Toitlustamine";""
"KTO004994";"osaühing KRISBERT";"11216281";"12.04.2006";"Tähtajatu";"Jah";"Toitlustamine";""
"KTO004992";"Saka Mõis OÜ";"10860821";"12.04.2006";"Tähtajatu";"Jah";"Toitlustamine";""
"KTO004998";"Emka Ekspordi Osaühing";"10185242";"12.04.2006";"Tähtajatu";"Jah";"Toitlustamine";""
"KTO004977";"Foor Jõhvi OÜ";"10032703";"05.04.2006";"Tähtajatu";"Jah";"Toitlustamine";""
"KTO004978";"Osaühing Karmenita";"10817914";"05.04.2006";"Tähtajatu";"Jah";"Toitlustamine";""
"KTO004970";"Osaühing Taagepera Loss";"10151349";"31.03.2006";"Tähtajatu";"Jah";"Toitlustamine";""
"KTO004958";"Osaühing Alfredi pub";"10233455";"23.03.2006";"Tähtajatu";"Jah";"Toitlustamine";""
"KTO004949";"Osaühing KREENIKA";"10400516";"20.03.2006";"Tähtajatu";"Jah";"Toitlustamine";""
"KTO004937";"Osaühing Pressing";"11189006";"10.03.2006";"Tähtajatu";"Jah";"Toitlustamine";""
"KTO004916";"Osaühing RUSANIKA";"11188656";"01.03.2006";"Tähtajatu";"Jah";"Toitlustamine";""
"KTO004913";"OÜ BRITNEY";"10944110";"28.02.2006";"Tähtajatu";"Jah";"Toitlustamine";""
"KTO004897";"SVETLANA VOMM";"11189650";"23.02.2006";"Tähtajatu";"Jah";"Toitlustamine";""
"KTO004867";"OÜ Kalevi Veekeskus";"11053554";"03.02.2006";"Tähtajatu";"Jah";"Toitlustamine";""
"KTO004866";"OÜ Kalevi Veekeskus";"11053554";"03.02.2006";"Tähtajatu";"Jah";"Toitlustamine";""
"KTO004860";"Osaühing Lavora";"11150010";"01.02.2006";"Tähtajatu";"Jah";"Toitlustamine";""
"KTO004859";"Osaühing Lavora";"11150010";"01.02.2006";"Tähtajatu";"Jah";"Toitlustamine";""
"KTO004851";"Osaühing Amberto Invest";"10821850";"27.01.2006";"Tähtajatu";"Jah";"Toitlustamine";""
"KTO004834";"Osaühing Elepak";"10418290";"13.01.2006";"Tähtajatu";"Jah";"Toitlustamine";""
"KTO004826";"Prodask OÜ";"11201084";"06.01.2006";"Tähtajatu";"Jah";"Toitlustamine";""
"KTO004816";"Saare Hotelli Varade OÜ";"10122649";"03.01.2006";"Tähtajatu";"Jah";"Toitlustamine";""
"KTO004812";"OÜ Kalevi Veekeskus";"11053554";"30.12.2005";"Tähtajatu";"Jah";"Toitlustamine";""
"KTO004813";"OÜ Kalevi Veekeskus";"11053554";"30.12.2005";"Tähtajatu";"Jah";"Toitlustamine";""
"KTO004793";"Mehntack OÜ";"11192119";"23.12.2005";"Tähtajatu";"Jah";"Toitlustamine";""
"KTO004792";"Mehntack OÜ";"11192119";"23.12.2005";"Tähtajatu";"Jah";"Toitlustamine";""
"KTO004789";"OÜ Amerim";"10574727";"22.12.2005";"Tähtajatu";"Jah";"Toitlustamine";""
"KTO004784";"Osaühing Forellipüük";"11167173";"21.12.2005";"Tähtajatu";"Jah";"Toitlustamine";""
"KTO004768";"Hiiekivi Osaühing";"10589270";"14.12.2005";"Tähtajatu";"Jah";"Toitlustamine";""
"KTO004749";"OÜ Arturi Juures";"11185669";"02.12.2005";"Tähtajatu";"Jah";"Toitlustamine";""
"KTO004746";"osaühing East West Foods";"10918147";"02.12.2005";"Tähtajatu";"Jah";"Toitlustamine";""
"KTO004728";"Eesti Rahva Muuseum";"70005536";"24.11.2005";"Tähtajatu";"Jah";"Toitlustamine";""
"KTO004724";"Osaühing Granqvistal";"10309112";"22.11.2005";"Tähtajatu";"Jah";"Toitlustamine";""
"KTO004695";"OÜ PADU HOTELL";"11177983";"09.11.2005";"Tähtajatu";"Jah";"Toitlustamine";""
"KTO004671";"OÜ Matias WB";"11151972";"01.11.2005";"Tähtajatu";"Jah";"Toitlustamine";""
"KTO004650";"Abja Tarbijate Ühistu";"10274307";"21.10.2005";"Tähtajatu";"Jah";"Toitlustamine";""
"KTO004644";"Aktsiaselts NARVA-JÕESUU SANATOORIUM";"10228767";"19.10.2005";"Tähtajatu";"Jah";"Toitlustamine";""
"KTO004639";"OÜ Pintmann Grupp";"10435791";"18.10.2005";"Tähtajatu";"Jah";"Toitlustamine";""
"KTO004636";"Põlluääre Hostel OÜ";"10952902";"17.10.2005";"Tähtajatu";"Jah";"Toitlustamine";""
"KTO004626";"Osaühing KESSUKE";"11102844";"07.10.2005";"Tähtajatu";"Jah";"Toitlustamine";""
"KTO004604";"Osaühing Asmark";"10359191";"30.09.2005";"Tähtajatu";"Jah";"Toitlustamine";""
"KTO004603";"OÜ Jagula";"10831417";"30.09.2005";"Tähtajatu";"Jah";"Toitlustamine";""
"KTO004596";"Osaühing TIGRAN PLUS";"10161833";"28.09.2005";"Tähtajatu";"Jah";"Toitlustamine";""
"KTO004590";"Soodla Kaupluse Osaühing";"10332105";"26.09.2005";"Tähtajatu";"Jah";"Toitlustamine";""
"KTO004589";"Osaühing Vallimägi";"11131107";"23.09.2005";"Tähtajatu";"Jah";"Toitlustamine";""
"KTO004563";"Aktsiaselts TOILA SANATOORIUM";"10338119";"19.09.2005";"Tähtajatu";"Jah";"Toitlustamine";""
"KTO004552";"TRIVOLI OÜ";"10202992";"16.09.2005";"Tähtajatu";"Jah";"Toitlustamine";""
"KTO004554";"EKOKÖÖK Osaühing";"11033497";"16.09.2005";"Tähtajatu";"Jah";"Toitlustamine";""
"KTO004546";"Osaühing Firreto";"10826882";"14.09.2005";"Tähtajatu";"Jah";"Toitlustamine";""
"KTO004526";"osaühing Asaliin";"10175048";"12.09.2005";"Tähtajatu";"Jah";"Toitlustamine";""
"KTO004520";"Andilaid OÜ";"11150636";"09.09.2005";"Tähtajatu";"Jah";"Toitlustamine";""
"KTO004465";"OSAÜHING ÖKUL";"11148823";"30.08.2005";"Tähtajatu";"Jah";"Toitlustamine";""
"KTO004418";"Osaühing Travel Balt";"10972649";"18.08.2005";"Tähtajatu";"Jah";"Toitlustamine";""
"KTO004380";"ROSENI MAJAD OÜ";"10618250";"11.08.2005";"Tähtajatu";"Jah";"Toitlustamine";""
"KTO004369";"Aktsiaselts Pihlaka";"10339030";"10.08.2005";"Tähtajatu";"Jah";"Toitlustamine";""
"KTO004363";"Kungla Investeeringu Osaühing";"10103126";"09.08.2005";"Tähtajatu";"Jah";"Toitlustamine";""
"KTO004306";"OÜ Aasa Kohvik";"11137630";"29.07.2005";"Tähtajatu";"Jah";"Toitlustamine";""
"KTO004278";"Osaühing Sassimaja";"10414895";"27.07.2005";"Tähtajatu";"Jah";"Toitlustamine";""
"KTO004236";"Osaühing LUCULLUS";"10941755";"21.07.2005";"Tähtajatu";"Jah";"Toitlustamine";""
"KTO004175";"Season Caffee OÜ";"11106405";"13.07.2005";"Tähtajatu";"Jah";"Toitlustamine";""
"KTO004165";"Glabor OÜ";"10394715";"12.07.2005";"Tähtajatu";"Jah";"Toitlustamine";""
"KTO004116";"TRIVOLI OÜ";"10202992";"05.07.2005";"Tähtajatu";"Jah";"Toitlustamine";""
"KTO004092";"OSAÜHING A.G.M. KAUBANDUS";"11101974";"01.07.2005";"Tähtajatu";"Jah";"Toitlustamine";""
"KTO004091";"OÜ KEEPING";"10972603";"01.07.2005";"Tähtajatu";"Jah";"Toitlustamine";""
"KTO004079";"OÜ MANN GRUPP";"10797040";"01.07.2005";"Tähtajatu";"Jah";"Toitlustamine";""
"KTO004069";"Sistem OÜ";"10882679";"30.06.2005";"Tähtajatu";"Jah";"Toitlustamine";""
"KTO004038";"osaühing VANA BAKU";"11035332";"28.06.2005";"Tähtajatu";"Jah";"Toitlustamine";""
"KTO004043";"REVELIN OÜ";"10767984";"28.06.2005";"Tähtajatu";"Jah";"Toitlustamine";""
"KTO004005";"Nunne Kvartal OÜ";"12998104";"27.06.2005";"Tähtajatu";"Jah";"Toitlustamine";""
"KTO003952";"Osaühing Kingexport";"10441509";"22.06.2005";"Tähtajatu";"Jah";"Toitlustamine";""
"KTO003956";"osaühing PAVERIN";"10125843";"22.06.2005";"Tähtajatu";"Jah";"Toitlustamine";""
"KTO003943";"Osaühing WESMO";"10293730";"22.06.2005";"Tähtajatu";"Jah";"Toitlustamine";""
"KTO003977";"osaühing PELLENEC";"10436193";"22.06.2005";"Tähtajatu";"Jah";"Toitlustamine";""
"KTO003931";"Osaühing PD Grupp";"11144340";"21.06.2005";"Tähtajatu";"Jah";"Toitlustamine";""
"KTO003914";"OÜ KRANTSI KÕRTS";"10823932";"21.06.2005";"Tähtajatu";"Jah";"Toitlustamine";""
"KTO003859";"OSAÜHING RIXMERI";"10237306";"17.06.2005";"Tähtajatu";"Jah";"Toitlustamine";""
"KTO003845";"Osaühing Arensburg";"10358694";"16.06.2005";"Tähtajatu";"Jah";"Toitlustamine";""
"KTO003853";"Osaühing Arensburg";"10358694";"16.06.2005";"Tähtajatu";"Jah";"Toitlustamine";""
"KTO003847";"Osaühing TS Partner";"10336575";"16.06.2005";"Tähtajatu";"Jah";"Toitlustamine";""
"KTO003846";"OÜ MISMAR";"10883271";"16.06.2005";"Tähtajatu";"Jah";"Toitlustamine";""
"KTO003835";"osaühing Nimetu Kuressaare";"10415156";"15.06.2005";"Tähtajatu";"Jah";"Toitlustamine";""
"KTO003836";"OÜ MATAFAN";"11104139";"15.06.2005";"Tähtajatu";"Jah";"Toitlustamine";""
"KTO003834";"OÜ Kuressaare Ööklubi";"10902293";"15.06.2005";"Tähtajatu";"Jah";"Toitlustamine";""
"KTO003840";"JULE OÜ";"11135246";"15.06.2005";"Tähtajatu";"Jah";"Toitlustamine";""
"KTO003816";"Mönus Villem osaühing";"10820023";"14.06.2005";"Tähtajatu";"Jah";"Toitlustamine";""
"KTO003801";"DAJANDRA OÜ";"11074237";"13.06.2005";"Tähtajatu";"Jah";"Toitlustamine";""
"KTO003779";"OÜ Hotell Sõnajala";"10366564";"09.06.2005";"Tähtajatu";"Jah";"Toitlustamine";""
"KTO003735";"osaühing LACOSTENA";"11031966";"06.06.2005";"Tähtajatu";"Jah";"Toitlustamine";""
"KTO003731";"Osaühing Aara";"10625758";"06.06.2005";"Tähtajatu";"Jah";"Toitlustamine";""
"KTO003720";"osaühing Kännu Äri";"10968599";"03.06.2005";"Tähtajatu";"Jah";"Toitlustamine";""
"KTO003688";"Elle-Mall Koppelmaa";"10426102";"02.06.2005";"Tähtajatu";"Jah";"Toitlustamine";""
"KTO003675";"osaühing TULIHEIN";"10428638";"01.06.2005";"Tähtajatu";"Jah";"Toitlustamine";""
"KTO003649";"Osaühing ROOSTA PUHKEKÜLA";"10056444";"30.05.2005";"Tähtajatu";"Jah";"Toitlustamine";""
"KTO003616";"Osaühing TE Ehitus";"10119564";"26.05.2005";"Tähtajatu";"Jah";"Toitlustamine";""
"KTO003610";"Hotell Olümpia OÜ";"10041810";"25.05.2005";"Tähtajatu";"Jah";"Toitlustamine";""
"KTO003601";"Hotell Olümpia OÜ";"10041810";"25.05.2005";"Tähtajatu";"Jah";"Toitlustamine";""
"KTO003605";"Hotell Olümpia OÜ";"10041810";"25.05.2005";"Tähtajatu";"Jah";"Toitlustamine";""
"KTO003611";"Hotell Olümpia OÜ";"10041810";"25.05.2005";"Tähtajatu";"Jah";"Toitlustamine";""
"KTO003600";"Hotell Olümpia OÜ";"10041810";"25.05.2005";"Tähtajatu";"Jah";"Toitlustamine";""
"KTO003609";"Hotell Olümpia OÜ";"10041810";"25.05.2005";"Tähtajatu";"Jah";"Toitlustamine";""
"KTO003603";"Hotell Olümpia OÜ";"10041810";"25.05.2005";"Tähtajatu";"Jah";"Toitlustamine";""
"KTO003606";"Hotell Olümpia OÜ";"10041810";"25.05.2005";"Tähtajatu";"Jah";"Toitlustamine";""
"KTO003599";"Hotell Olümpia OÜ";"10041810";"25.05.2005";"Tähtajatu";"Jah";"Toitlustamine";""
"KTO003580";"OÜ Asa Spa";"10083300";"24.05.2005";"Tähtajatu";"Jah";"Toitlustamine";""
"KTO003578";"OÜ Asa Spa";"10083300";"24.05.2005";"Tähtajatu";"Jah";"Toitlustamine";""
"KTO003577";"OÜ Asa Spa";"10083300";"24.05.2005";"Tähtajatu";"Jah";"Toitlustamine";""
"KTO003575";"OÜ Asa Spa";"10083300";"24.05.2005";"Tähtajatu";"Jah";"Toitlustamine";""
"KTO003581";"OÜ Asa Spa";"10083300";"24.05.2005";"Tähtajatu";"Jah";"Toitlustamine";""
"KTO003572";"OÜ Asa Spa";"10083300";"24.05.2005";"Tähtajatu";"Jah";"Toitlustamine";""
"KTO003574";"OÜ Asa Spa";"10083300";"24.05.2005";"Tähtajatu";"Jah";"Toitlustamine";""
"KTO003545";"osaühing SELLERSON";"11087837";"19.05.2005";"Tähtajatu";"Jah";"Toitlustamine";""
"KTO003533";"osaühing Staadioni Hotell";"10104611";"19.05.2005";"Tähtajatu";"Jah";"Toitlustamine";""
"KTO003543";"Osaühing Karleco";"10594199";"19.05.2005";"Tähtajatu";"Jah";"Toitlustamine";""
"KTO003532";"Osaühing Kommerts";"10296645";"19.05.2005";"Tähtajatu";"Jah";"Toitlustamine";""
"KTO003519";"OÜ McKenzie Invest";"10951185";"18.05.2005";"Tähtajatu";"Jah";"Toitlustamine";""
"KTO003485";"Suusakeskuste AS";"10211494";"16.05.2005";"Tähtajatu";"Jah";"Toitlustamine";""
"KTO003479";"Osaühing Õlletare";"10074465";"13.05.2005";"Tähtajatu";"Jah";"Toitlustamine";""
"KTO003463";"TÕRVA KÕRTS OÜ";"11107072";"13.05.2005";"Tähtajatu";"Jah";"Toitlustamine";""
"KTO003477";"OÜ Koknet Invest";"11106658";"13.05.2005";"Tähtajatu";"Jah";"Toitlustamine";""
"KTO003480";"Osaühing Õlletare";"10074465";"13.05.2005";"Tähtajatu";"Jah";"Toitlustamine";""
"KTO003472";"Arke Lihatööstus AS";"10080997";"13.05.2005";"Tähtajatu";"Jah";"Toitlustamine";""
"KTO003460";"Nimeta Management Osaühing";"11080924";"13.05.2005";"Tähtajatu";"Jah";"Toitlustamine";""
"KTO003478";"AIMAR HANSEN";"10755640";"13.05.2005";"Tähtajatu";"Jah";"Toitlustamine";""
"KTO003449";"OÜ Azamar";"10615671";"12.05.2005";"Tähtajatu";"Jah";"Toitlustamine";""
"KTO003437";"Aktsiaselts Talveaed";"10005139";"11.05.2005";"Tähtajatu";"Jah";"Toitlustamine";""
"KTO003412";"Aktsiaselts DZINGEL";"10379414";"10.05.2005";"Tähtajatu";"Jah";"Toitlustamine";""
"KTO003414";"Osaühing ETAPP SN";"10830702";"10.05.2005";"Tähtajatu";"Jah";"Toitlustamine";""
"KTO003421";"OSAÜHING SAUKAS";"10391504";"10.05.2005";"Tähtajatu";"Jah";"Toitlustamine";""
"KTO003405";"Osaühing Tondiraba Tennisekeskus";"10909846";"09.05.2005";"Tähtajatu";"Jah";"Toitlustamine";""
"KTO003403";"Ants Peterson";"10335279";"09.05.2005";"Tähtajatu";"Jah";"Toitlustamine";""
"KTO003390";"OÜ Siilik";"10550032";"06.05.2005";"Tähtajatu";"Jah";"Toitlustamine";""
"KTO003400";"OLDE ESTONIA OÜ";"10887889";"06.05.2005";"Tähtajatu";"Jah";"Toitlustamine";""
"KTO003381";"Neitsitorni kohviku Aktsiaselts";"10392047";"05.05.2005";"Tähtajatu";"Jah";"Toitlustamine";""
"KTO003383";"Citystudio OÜ";"14446099";"05.05.2005";"Tähtajatu";"Jah";"Toitlustamine";""
"KTO003371";"Osaühing Morteron";"10795213";"04.05.2005";"Tähtajatu";"Jah";"Toitlustamine";""
"KTO003362";"osaühing NIELLO";"10150002";"03.05.2005";"Tähtajatu";"Jah";"Toitlustamine";""
"KTO003356";"Lembit Anderson";"10110505";"03.05.2005";"Tähtajatu";"Jah";"Toitlustamine";""
"KTO003350";"aktsiaselts Pühajärve Puhkekodu";"10149335";"03.05.2005";"Tähtajatu";"Jah";"Toitlustamine";""
"KTO003349";"aktsiaselts Pühajärve Puhkekodu";"10149335";"03.05.2005";"Tähtajatu";"Jah";"Toitlustamine";""
"KTO003363";"Sihtasutus Virumaa Muuseumid";"90003278";"03.05.2005";"Tähtajatu";"Jah";"Toitlustamine";""
"KTO003339";"Neitsitorni kohviku Aktsiaselts";"10392047";"02.05.2005";"Tähtajatu";"Jah";"Toitlustamine";""
"KTO003342";"Neitsitorni kohviku Aktsiaselts";"10392047";"02.05.2005";"Tähtajatu";"Jah";"Toitlustamine";""
"KTO003327";"OÜ Grand Hotel Viljandi";"10741690";"02.05.2005";"Tähtajatu";"Jah";"Toitlustamine";""
"KTO003291";"osaühing CAVI";"10984919";"29.04.2005";"Tähtajatu";"Jah";"Toitlustamine";""
"KTO003308";"Osaühing Vana-Tooma Talu";"10741571";"29.04.2005";"Tähtajatu";"Jah";"Toitlustamine";""
"KTO003300";"Sassialex OÜ";"10981756";"29.04.2005";"Tähtajatu";"Jah";"Toitlustamine";""
"KTO003310";"Enadipe Kemambil OÜ";"10935772";"29.04.2005";"Tähtajatu";"Jah";"Toitlustamine";""
"KTO003306";"osaühing Mäesalu Kohvik";"10041655";"29.04.2005";"Tähtajatu";"Jah";"Toitlustamine";""
"KTO003318";"HANSAFOND GRUPP OÜ";"10722527";"29.04.2005";"Tähtajatu";"Jah";"Toitlustamine";""
"KTO003266";"Osaühing Lammasmäe Puhkekeskus";"10572424";"28.04.2005";"Tähtajatu";"Jah";"Toitlustamine";""
"KTO003268";"Osaühing M.M.E.Omelan";"10408363";"28.04.2005";"Tähtajatu";"Jah";"Toitlustamine";""
"KTO003272";"OSAÜHING VETSITALL";"10193477";"28.04.2005";"Tähtajatu";"Jah";"Toitlustamine";""
"KTO003263";"Osaühing Express TR";"10308957";"27.04.2005";"Tähtajatu";"Jah";"Toitlustamine";""
"KTO003249";"Osaühing LK Eined";"10988159";"27.04.2005";"Tähtajatu";"Jah";"Toitlustamine";""
"KTO003259";"Osaühing Top Kinnisvara";"10668868";"27.04.2005";"Tähtajatu";"Jah";"Toitlustamine";""
"KTO003242";"Aktsiaselts Saare Kütus";"10185976";"27.04.2005";"Tähtajatu";"Jah";"Toitlustamine";""
"KTO003207";"AS Sokotel";"10953787";"26.04.2005";"Tähtajatu";"Jah";"Toitlustamine";""
"KTO003212";"osaühing PANTHER TEEMAJA";"10163051";"26.04.2005";"Tähtajatu";"Jah";"Toitlustamine";""
"KTO003236";"Osaühing Kagureis";"10125984";"26.04.2005";"Tähtajatu";"Jah";"Toitlustamine";""
"KTO003234";"Osaühing Kagureis";"10125984";"26.04.2005";"Tähtajatu";"Jah";"Toitlustamine";""
"KTO003173";"osaühing St.Patrick's";"10571502";"25.04.2005";"Tähtajatu";"Jah";"Toitlustamine";""
"KTO003192";"OÜ KATRES";"10383321";"25.04.2005";"Tähtajatu";"Jah";"Toitlustamine";""
"KTO003194";"OÜ Stratoman";"10989609";"25.04.2005";"Tähtajatu";"Jah";"Toitlustamine";""
"KTO003201";"Sihtasutus Virumaa Muuseumid";"90003278";"25.04.2005";"Tähtajatu";"Jah";"Toitlustamine";""
"KTO003181";"Osaühing Jussi Grupp";"10182321";"25.04.2005";"Tähtajatu";"Jah";"Toitlustamine";""
"KTO003183";"Aktsiaselts Sorgent";"10393101";"25.04.2005";"Tähtajatu";"Jah";"Toitlustamine";""
"KTO003202";"Osaühing Adiantro";"10095792";"25.04.2005";"Tähtajatu";"Jah";"Toitlustamine";""
"KTO003179";"OÜ Desito Invest";"10687423";"25.04.2005";"Tähtajatu";"Jah";"Toitlustamine";""
"KTO003188";"Tudengikohvik OÜ";"10676885";"25.04.2005";"Tähtajatu";"Jah";"Toitlustamine";""
"KTO003174";"osaühing St.Patrick's";"10571502";"25.04.2005";"Tähtajatu";"Jah";"Toitlustamine";""
"KTO003165";"OÜ Hermes Pärnu";"10071709";"22.04.2005";"Tähtajatu";"Jah";"Toitlustamine";""
"KTO003168";"Osaühing Sava Pargipaik";"10101144";"22.04.2005";"Tähtajatu";"Jah";"Toitlustamine";""
"KTO003125";"Osaühing IKB";"10161031";"22.04.2005";"Tähtajatu";"Jah";"Toitlustamine";""
"KTO003130";"Kikas OÜ";"10112763";"22.04.2005";"Tähtajatu";"Jah";"Toitlustamine";""
"KTO003144";"osaühing Euro Cactus";"10441515";"22.04.2005";"Tähtajatu";"Jah";"Toitlustamine";""
"KTO003131";"Aktsiaselts Varbla Puhkeküla";"10358671";"22.04.2005";"Tähtajatu";"Jah";"Toitlustamine";""
"KTO003137";"Frozen.BRO OÜ";"10133512";"22.04.2005";"Tähtajatu";"Jah";"Toitlustamine";""
"KTO003097";"osaühing Karni-Voor";"10472007";"21.04.2005";"Tähtajatu";"Jah";"Toitlustamine";""
"KTO003096";"osaühing ANNIMATSI";"10271645";"21.04.2005";"Tähtajatu";"Jah";"Toitlustamine";""
"KTO003101";"OSAÜHING EMART AUTO";"10378871";"21.04.2005";"Tähtajatu";"Jah";"Toitlustamine";""
"KTO003107";"aktsiaselts Sanatoorium Tervis";"10044777";"21.04.2005";"Tähtajatu";"Jah";"Toitlustamine";""
"KTO003117";"Osaühing Ziljano";"10199184";"21.04.2005";"Tähtajatu";"Jah";"Toitlustamine";""
"KTO003106";"aktsiaselts Sanatoorium Tervis";"10044777";"21.04.2005";"Tähtajatu";"Jah";"Toitlustamine";""
"KTO003104";"aktsiaselts Sanatoorium Tervis";"10044777";"21.04.2005";"Tähtajatu";"Jah";"Toitlustamine";""
"KTO003079";"Osaühing Levirando";"10560987";"20.04.2005";"Tähtajatu";"Jah";"Toitlustamine";""
"KTO003086";"OÜ AKORD INVEST";"10827054";"20.04.2005";"Tähtajatu";"Jah";"Toitlustamine";""
"KTO003062";"osaühing Kimsun";"10092322";"20.04.2005";"Tähtajatu";"Jah";"Toitlustamine";""
"KTO003071";"osaühing Sergon Kaubandus";"10481383";"20.04.2005";"Tähtajatu";"Jah";"Toitlustamine";""
"KTO003081";"osaühing ELVO Kaubandus";"10288781";"20.04.2005";"Tähtajatu";"Jah";"Toitlustamine";""
"KTO003080";"Tulundusühistu Kontakt AM";"10122678";"20.04.2005";"Tähtajatu";"Jah";"Toitlustamine";""
"KTO003083";"osaühing KARIMA ELVA";"10183332";"20.04.2005";"Tähtajatu";"Jah";"Toitlustamine";""
"KTO003087";"Sihtasutus Rakvere Teatrimaja";"90003491";"20.04.2005";"Tähtajatu";"Jah";"Toitlustamine";""
"KTO003068";"Osaühing Sunita Trading";"10703599";"20.04.2005";"Tähtajatu";"Jah";"Toitlustamine";""
"KTO003094";"osaühing Bassmet";"10922746";"20.04.2005";"Tähtajatu";"Jah";"Toitlustamine";""
"KTO003055";"Jaagumäe Kaubanduse OÜ";"10804343";"20.04.2005";"Tähtajatu";"Jah";"Toitlustamine";""
"KTO003038";"osaühing Igamehe Pubi";"10564011";"19.04.2005";"Tähtajatu";"Jah";"Toitlustamine";""
"KTO003046";"osaühing Hesian";"10097756";"19.04.2005";"Tähtajatu";"Jah";"Toitlustamine";""
"KTO003041";"osaühing Starmaker";"10412838";"19.04.2005";"Tähtajatu";"Jah";"Toitlustamine";""
"KTO003043";"OÜ ADELOONE";"10670411";"19.04.2005";"Tähtajatu";"Jah";"Toitlustamine";""
"KTO003001";"Osaühing Kurva Kodu";"10610588";"19.04.2005";"Tähtajatu";"Jah";"Toitlustamine";""
"KTO003017";"Osaühing RAUER";"10110942";"19.04.2005";"Tähtajatu";"Jah";"Toitlustamine";""
"KTO002998";"Osaühing JOOSAND";"10186922";"19.04.2005";"Tähtajatu";"Jah";"Toitlustamine";""
"KTO002996";"Pagaripoisid OÜ";"10381865";"19.04.2005";"Tähtajatu";"Jah";"Toitlustamine";""
"KTO003031";"Molumong Dukuzini OÜ";"10589169";"19.04.2005";"Tähtajatu";"Jah";"Toitlustamine";""
"KTO002992";"Osaühing Klubikultuur";"10634384";"19.04.2005";"Tähtajatu";"Jah";"Toitlustamine";""
"KTO002945";"osaühing ""KULDKIRVES""";"10124973";"18.04.2005";"Tähtajatu";"Jah";"Toitlustamine";""
"KTO002974";"OÜ Feeter";"10195364";"18.04.2005";"Tähtajatu";"Jah";"Toitlustamine";""
"KTO002967";"Pagaripoisid OÜ";"10381865";"18.04.2005";"Tähtajatu";"Jah";"Toitlustamine";""
"KTO002948";"Osaühing Kesling";"10550701";"18.04.2005";"Tähtajatu";"Jah";"Toitlustamine";""
"KTO002937";"E.Lage Kaubanduse Osaühing";"10037918";"18.04.2005";"Tähtajatu";"Jah";"Toitlustamine";""
"KTO002983";"Osaühing Kreemela Maxi";"10480188";"18.04.2005";"Tähtajatu";"Jah";"Toitlustamine";""
"KTO002941";"Osaühing Fulton Service";"10858563";"18.04.2005";"Tähtajatu";"Jah";"Toitlustamine";""
"KTO002963";"osaühing Pirita Puhkus";"10363653";"18.04.2005";"Tähtajatu";"Jah";"Toitlustamine";""
"KTO002968";"Pagaripoisid OÜ";"10381865";"18.04.2005";"Tähtajatu";"Jah";"Toitlustamine";""
"KTO002946";"Aktsiaselts Mahtra Teeninduse";"10463860";"18.04.2005";"Tähtajatu";"Jah";"Toitlustamine";""
"KTO002985";"OSAÜHING RELIINA";"10394559";"18.04.2005";"Tähtajatu";"Jah";"Toitlustamine";""
"KTO002908";"Helle Juhkentaal";"10413464";"15.04.2005";"Tähtajatu";"Jah";"Toitlustamine";""
"KTO002886";"AS Wasa";"10358725";"15.04.2005";"Tähtajatu";"Jah";"Toitlustamine";""
"KTO002904";"OÜ NÄKSI";"10422647";"15.04.2005";"Tähtajatu";"Jah";"Toitlustamine";""
"KTO002882";"osaühing NAOSAR";"10323879";"15.04.2005";"Tähtajatu";"Jah";"Toitlustamine";""
"KTO002850";"OÜ LUUA GRUPP";"10564063";"15.04.2005";"Tähtajatu";"Jah";"Toitlustamine";""
"KTO002927";"aktsiaselts RÄNI HOTELL";"10241466";"15.04.2005";"Tähtajatu";"Jah";"Toitlustamine";""
"KTO002839";"OÜ Toomeoru";"10081330";"15.04.2005";"Tähtajatu";"Jah";"Toitlustamine";""
"KTO002857";"OÜ Teemantid";"10306059";"15.04.2005";"Tähtajatu";"Jah";"Toitlustamine";""
"KTO002842";"AS Wasa";"10358725";"15.04.2005";"Tähtajatu";"Jah";"Toitlustamine";""
"KTO002926";"OSAÜHING GRETA BAAR";"10061014";"15.04.2005";"Tähtajatu";"Jah";"Toitlustamine";""
"KTO002894";"Fee Catering OÜ";"10006067";"15.04.2005";"Tähtajatu";"Jah";"Toitlustamine";""
"KTO002933";"OSAÜHING SARGOLD";"10328339";"15.04.2005";"Tähtajatu";"Jah";"Toitlustamine";""
"KTO002906";"OÜ PORRI & KO";"10715835";"15.04.2005";"Tähtajatu";"Jah";"Toitlustamine";""
"KTO002909";"Osaühing Stateksi";"10007865";"15.04.2005";"Tähtajatu";"Jah";"Toitlustamine";""
"KTO002880";"Fee Catering OÜ";"10006067";"15.04.2005";"Tähtajatu";"Jah";"Toitlustamine";""
"KTO002915";"Osaühing Geldias Grupp";"10731532";"15.04.2005";"Tähtajatu";"Jah";"Toitlustamine";""
"KTO002912";"BUENO OÜ";"10320823";"15.04.2005";"Tähtajatu";"Jah";"Toitlustamine";""
"KTO002841";"Abja Tarbijate Ühistu";"10274307";"15.04.2005";"Tähtajatu";"Jah";"Toitlustamine";""
"KTO002836";"Matmar Toitlustuse OÜ";"10929607";"15.04.2005";"Tähtajatu";"Jah";"Toitlustamine";""
"KTO002832";"Osaühing VÕSU GRILLBAAR";"10196180";"15.04.2005";"Tähtajatu";"Jah";"Toitlustamine";""
"KTO002888";"Aktsiaselts Tampe";"10348543";"15.04.2005";"Tähtajatu";"Jah";"Toitlustamine";""
"KTO002899";"osaühing Ravelte";"10623972";"15.04.2005";"Tähtajatu";"Jah";"Toitlustamine";""
"KTO002920";"Padise Grupp OÜ";"10378604";"15.04.2005";"Tähtajatu";"Jah";"Toitlustamine";""
"KTO002922";"Osaühing Merike";"10836024";"15.04.2005";"Tähtajatu";"Jah";"Toitlustamine";""
"KTO002793";"Bamba Lounge & Piljard OÜ";"10047445";"14.04.2005";"Tähtajatu";"Jah";"Toitlustamine";""
"KTO002765";"Aktsiaselts AGDECK";"10266845";"14.04.2005";"Tähtajatu";"Jah";"Toitlustamine";""
"KTO002756";"OÜ Exo Trade";"10454682";"14.04.2005";"Tähtajatu";"Jah";"Toitlustamine";""
"KTO002763";"Aktsiaselts AGDECK";"10266845";"14.04.2005";"Tähtajatu";"Jah";"Toitlustamine";""
"KTO002774";"Aktsiaselts Schlössle Hotel Group";"10509288";"14.04.2005";"Tähtajatu";"Jah";"Toitlustamine";""
"KTO002822";"Osaühing Ozon";"10993261";"14.04.2005";"Tähtajatu";"Jah";"Toitlustamine";""
"KTO002805";"Rakvere Metsamajand OÜ";"10045966";"14.04.2005";"Tähtajatu";"Jah";"Toitlustamine";""
"KTO002813";"aktsiaselts Neli Kuningat";"10561604";"14.04.2005";"Tähtajatu";"Jah";"Toitlustamine";""
"KTO002771";"osaühing Dorell";"10073069";"14.04.2005";"Tähtajatu";"Jah";"Toitlustamine";""
"KTO002820";"Hillar Kelti Tamme äri";"10085799";"14.04.2005";"Tähtajatu";"Jah";"Toitlustamine";""
"KTO002753";"Osaühing Reelingu";"10931107";"14.04.2005";"Tähtajatu";"Jah";"Toitlustamine";""
"KTO002801";"Coop Põlva Tarbijate Ühistu";"10051286";"14.04.2005";"Tähtajatu";"Jah";"Toitlustamine";""
"KTO002828";"Osaühing REFKOMP";"10113099";"14.04.2005";"Tähtajatu";"Jah";"Toitlustamine";""
"KTO002758";"Osaühing Kalamees";"10124424";"14.04.2005";"Tähtajatu";"Jah";"Toitlustamine";""
"KTO002755";"Ljudmilla Jurjeva";"10163522";"14.04.2005";"Tähtajatu";"Jah";"Toitlustamine";""
"KTO002766";"osaühing Piho & Ko";"10738698";"14.04.2005";"Tähtajatu";"Jah";"Toitlustamine";""
"KTO002740";"aktsiaselts Adavere Agro";"10171470";"13.04.2005";"Tähtajatu";"Jah";"Toitlustamine";""
"KTO002723";"OÜ IGOLEG TOITLUSTAMINE";"10885873";"13.04.2005";"Tähtajatu";"Jah";"Toitlustamine";""
"KTO002715";"OÜ FASTEREN";"10853488";"13.04.2005";"Tähtajatu";"Jah";"Toitlustamine";""
"KTO002697";"Eda Põlluveer";"10531649";"13.04.2005";"Tähtajatu";"Jah";"Toitlustamine";""
"KTO002743";"Osaühing VIATOR VITA";"10669035";"13.04.2005";"Tähtajatu";"Jah";"Toitlustamine";""
"KTO002741";"OÜ ÄKSI PUHKEMAJA";"10254641";"13.04.2005";"Tähtajatu";"Jah";"Toitlustamine";""
"KTO002710";"osaühing ""RELVO SPORT-MOTELL""";"10351551";"13.04.2005";"Tähtajatu";"Jah";"Toitlustamine";""
"KTO002711";"osaühing Kaitsmarger";"10212619";"13.04.2005";"Tähtajatu";"Jah";"Toitlustamine";""
"KTO002684";"osaühing Kervan";"10091432";"13.04.2005";"Tähtajatu";"Jah";"Toitlustamine";""
"KTO002703";"Hiiekivi Osaühing";"10589270";"13.04.2005";"Tähtajatu";"Jah";"Toitlustamine";""
"KTO002678";"osaühing MaineGrupp";"10787062";"13.04.2005";"Tähtajatu";"Jah";"Toitlustamine";""
"KTO002732";"täisühing ""EVELIIS""";"10163387";"13.04.2005";"Tähtajatu";"Jah";"Toitlustamine";""
"KTO002688";"osaühing KÄBI PANSIONAAT";"10219716";"13.04.2005";"Tähtajatu";"Jah";"Toitlustamine";""
"KTO002737";"Club Hollywood OÜ";"10403779";"13.04.2005";"Tähtajatu";"Jah";"Toitlustamine";""
"KTO002728";"Silva-Agro OÜ";"10136628";"13.04.2005";"Tähtajatu";"Jah";"Toitlustamine";""
"KTO002718";"OÜ IGOLEG TOITLUSTAMINE";"10885873";"13.04.2005";"Tähtajatu";"Jah";"Toitlustamine";""
"KTO002700";"osaühing Carlos Cafe";"10837880";"13.04.2005";"Tähtajatu";"Jah";"Toitlustamine";""
"KTO002708";"OSAÜHING KOTKA- RIST";"10188631";"13.04.2005";"Tähtajatu";"Jah";"Toitlustamine";""
"KTO002675";"MERITON HOTELS OÜ";"10048350";"12.04.2005";"Tähtajatu";"Jah";"Toitlustamine";""
"KTO002644";"osaühing Theodor VVH";"10130318";"12.04.2005";"Tähtajatu";"Jah";"Toitlustamine";""
"KTO002654";"OÜ ARIPALTE";"11078005";"12.04.2005";"Tähtajatu";"Jah";"Toitlustamine";""
"KTO002671";"MERITON HOTELS OÜ";"10048350";"12.04.2005";"Tähtajatu";"Jah";"Toitlustamine";""
"KTO002631";"Bamba Lounge & Piljard OÜ";"10047445";"12.04.2005";"Tähtajatu";"Jah";"Toitlustamine";""
"KTO002660";"Ugandi Toitlustus OÜ";"10244714";"12.04.2005";"Tähtajatu";"Jah";"Toitlustamine";""
"KTO002629";"Bamba Lounge & Piljard OÜ";"10047445";"12.04.2005";"Tähtajatu";"Jah";"Toitlustamine";""
"KTO002663";"osaühing PIZZA GRANDE";"10714858";"12.04.2005";"Tähtajatu";"Jah";"Toitlustamine";""
"KTO002653";"OÜ KARUPESA HOTELL";"11006552";"12.04.2005";"Tähtajatu";"Jah";"Toitlustamine";""
"KTO002672";"MERITON HOTELS OÜ";"10048350";"12.04.2005";"Tähtajatu";"Jah";"Toitlustamine";""
"KTO002635";"Aktsiaselts Kaarma KT";"10046003";"12.04.2005";"Tähtajatu";"Jah";"Toitlustamine";""
"KTO002627";"Oxforell OÜ";"10871664";"12.04.2005";"Tähtajatu";"Jah";"Toitlustamine";""
"KTO002636";"OSAÜHING KÖÖGIKRATT";"10304304";"12.04.2005";"Tähtajatu";"Jah";"Toitlustamine";""
"KTO002640";"osaühing Carramba";"10118145";"12.04.2005";"Tähtajatu";"Jah";"Toitlustamine";""
"KTO002652";"OÜ KARUPESA HOTELL";"11006552";"12.04.2005";"Tähtajatu";"Jah";"Toitlustamine";""
"KTO002632";"OÜ ALTMÕISA";"10835792";"12.04.2005";"Tähtajatu";"Jah";"Toitlustamine";""
"KTO002606";"Osaühing ?abet Kaubandus";"10568836";"11.04.2005";"Tähtajatu";"Jah";"Toitlustamine";""
"KTO002607";"Osaühing ?abet Kaubandus";"10568836";"11.04.2005";"Tähtajatu";"Jah";"Toitlustamine";""
"KTO002594";"OÜ ANTI JA PARTNERID";"10352378";"11.04.2005";"Tähtajatu";"Jah";"Toitlustamine";""
"KTO002610";"Estonia Spa Hotels AS";"10275471";"11.04.2005";"Tähtajatu";"Jah";"Toitlustamine";""
"KTO002617";"aktsiaselts HEAL";"10075401";"11.04.2005";"Tähtajatu";"Jah";"Toitlustamine";""
"KTO002581";"osaühing Päeva Villa";"10109471";"11.04.2005";"Tähtajatu";"Jah";"Toitlustamine";""
"KTO002614";"Aktsiaselts Saku Maja";"10344321";"11.04.2005";"Tähtajatu";"Jah";"Toitlustamine";""
"KTO002592";"Estonia Spa Hotels AS";"10275471";"11.04.2005";"Tähtajatu";"Jah";"Toitlustamine";""
"KTO002609";"Osaühing ?abet Kaubandus";"10568836";"11.04.2005";"Tähtajatu";"Jah";"Toitlustamine";""
"KTO002616";"aktsiaselts HEAL";"10075401";"11.04.2005";"Tähtajatu";"Jah";"Toitlustamine";""
"KTO002603";"Estonia Spa Hotels AS";"10275471";"11.04.2005";"Tähtajatu";"Jah";"Toitlustamine";""
"KTO002602";"Estonia Spa Hotels AS";"10275471";"11.04.2005";"Tähtajatu";"Jah";"Toitlustamine";""
"KTO002560";"Osaühing KARHOF";"10885695";"08.04.2005";"Tähtajatu";"Jah";"Toitlustamine";""
"KTO002561";"OÜ Malve TK";"10003363";"08.04.2005";"Tähtajatu";"Jah";"Toitlustamine";""
"KTO002549";"Tulundusühistu Gerkules";"10004418";"08.04.2005";"Tähtajatu";"Jah";"Toitlustamine";""
"KTO002555";"Valge Hotell OÜ";"10467940";"08.04.2005";"Tähtajatu";"Jah";"Toitlustamine";""
"KTO002564";"Osaühing Jäneda Mõis";"10656167";"08.04.2005";"Tähtajatu";"Jah";"Toitlustamine";""
"KTO002559";"Osaühing Jäneda Mõis";"10656167";"08.04.2005";"Tähtajatu";"Jah";"Toitlustamine";""
"KTO002575";"Eesti Meremeeste Misjon";"80060370";"08.04.2005";"Tähtajatu";"Jah";"Toitlustamine";""
"KTO002567";"Osaühing Jäneda Mõis";"10656167";"08.04.2005";"Tähtajatu";"Jah";"Toitlustamine";""
"KTO002546";"JK Taverni Osaühing";"10204075";"07.04.2005";"Tähtajatu";"Jah";"Toitlustamine";""
"KTO002534";"Treegeri Kohviku OÜ";"10094404";"07.04.2005";"Tähtajatu";"Jah";"Toitlustamine";""
"KTO002544";"Osaühing Kariplon";"10813900";"07.04.2005";"Tähtajatu";"Jah";"Toitlustamine";""
"KTO002519";"Osaühing Vengeldo";"10409701";"06.04.2005";"Tähtajatu";"Jah";"Toitlustamine";""
"KTO002515";"VALGE HOBU TRAHTER Osaühing";"10177372";"06.04.2005";"Tähtajatu";"Jah";"Toitlustamine";""
"KTO002514";"osaühing VANEMUISE KOHVIK";"10051694";"06.04.2005";"Tähtajatu";"Jah";"Toitlustamine";""
"KTO002501";"OSAÜHING VIIGARDI";"10391094";"06.04.2005";"Tähtajatu";"Jah";"Toitlustamine";""
"KTO002499";"osaühing Mipron Kaubanduse";"10175962";"06.04.2005";"Tähtajatu";"Jah";"Toitlustamine";""
"KTO002508";"Amintor OÜ";"10553579";"06.04.2005";"Tähtajatu";"Jah";"Toitlustamine";""
"KTO002512";"LAMALIKRIKKO OÜ";"10237186";"06.04.2005";"Tähtajatu";"Jah";"Toitlustamine";""
"KTO002476";"Osaühing Fliis Trade";"10539310";"05.04.2005";"Tähtajatu";"Jah";"Toitlustamine";""
"KTO002480";"Aktsiaselts DZINGEL";"10379414";"05.04.2005";"Tähtajatu";"Jah";"Toitlustamine";""
"KTO002473";"Osaühing Viitna Puhkekeskus";"10196346";"05.04.2005";"Tähtajatu";"Jah";"Toitlustamine";""
"KTO002467";"Osaühing NIKA GRUPP";"10951593";"05.04.2005";"Tähtajatu";"Jah";"Toitlustamine";""
"KTO002472";"AS Hotell Stroomi";"10285216";"05.04.2005";"Tähtajatu";"Jah";"Toitlustamine";""
"KTO002475";"Volmetec Grupp OÜ";"10914579";"05.04.2005";"Tähtajatu";"Jah";"Toitlustamine";""
"KTO002478";"Osaühing Reinup Reisid";"10003376";"05.04.2005";"Tähtajatu";"Jah";"Toitlustamine";""
"KTO002464";"AS Hotell Stroomi";"10285216";"05.04.2005";"Tähtajatu";"Jah";"Toitlustamine";""
"KTO002481";"Aktsiaselts DZINGEL";"10379414";"05.04.2005";"Tähtajatu";"Jah";"Toitlustamine";""
"KTO002442";"OÜ LAANELILL";"10834137";"04.04.2005";"Tähtajatu";"Jah";"Toitlustamine";""
"KTO002440";"SDD06 Holding OÜ";"10851207";"04.04.2005";"Tähtajatu";"Jah";"Toitlustamine";""
"KTO002453";"osaühing ANKROS";"10280162";"04.04.2005";"Tähtajatu";"Jah";"Toitlustamine";""
"KTO002407";"aktsiaselts TARTU NÄITUSED";"10255416";"01.04.2005";"Tähtajatu";"Jah";"Toitlustamine";""
"KTO002430";"Osaühing Central Hotell";"10922249";"01.04.2005";"Tähtajatu";"Jah";"Toitlustamine";""
"KTO002426";"Osaühing Ektarin";"10098603";"01.04.2005";"Tähtajatu";"Jah";"Toitlustamine";""
"KTO002433";"Osaühing Honeywell";"10476620";"01.04.2005";"Tähtajatu";"Jah";"Toitlustamine";""
"KTO002436";"Osaühing Malltop";"10159374";"01.04.2005";"Tähtajatu";"Jah";"Toitlustamine";""
"KTO002418";"Tallinna Raamatutrükikoja Osaühing";"10224203";"01.04.2005";"Tähtajatu";"Jah";"Toitlustamine";""
"KTO002380";"Osaühing ""Ümma Pizza""";"10039090";"31.03.2005";"Tähtajatu";"Jah";"Toitlustamine";""
"KTO002400";"Osaühing MEPA & KO";"10448351";"31.03.2005";"Tähtajatu";"Jah";"Toitlustamine";""
"KTO002398";"Osaühing Kemendro";"10858379";"31.03.2005";"Tähtajatu";"Jah";"Toitlustamine";""
"KTO002387";"Osaühing Mathiesen ja pojad";"10334297";"31.03.2005";"Tähtajatu";"Jah";"Toitlustamine";""
"KTO002397";"Tulundusühistu RADAMENT";"10449126";"31.03.2005";"Tähtajatu";"Jah";"Toitlustamine";""
"KTO002392";"Anadolu Osaühing";"10876319";"31.03.2005";"Tähtajatu";"Jah";"Toitlustamine";""
"KTO002353";"osaühing ZK";"10048143";"30.03.2005";"Tähtajatu";"Jah";"Toitlustamine";""
"KTO002365";"OSAÜHING RAMBUUR TOITLUSTUS";"10700164";"30.03.2005";"Tähtajatu";"Jah";"Toitlustamine";""
"KTO002363";"Aktsiaselts TOILA SANATOORIUM";"10338119";"30.03.2005";"Tähtajatu";"Jah";"Toitlustamine";""
"KTO002355";"Osaühing Paan";"10170772";"30.03.2005";"Tähtajatu";"Jah";"Toitlustamine";""
"KTO002364";"Aktsiaselts TOILA SANATOORIUM";"10338119";"30.03.2005";"Tähtajatu";"Jah";"Toitlustamine";""
"KTO002344";"Kungla Investeeringu Osaühing";"10103126";"29.03.2005";"Tähtajatu";"Jah";"Toitlustamine";""
"KTO002329";"aktsiaselts AA-LAN";"10273940";"29.03.2005";"Tähtajatu";"Jah";"Toitlustamine";""
"KTO002337";"Osaühing Catering Service";"10114265";"29.03.2005";"Tähtajatu";"Jah";"Toitlustamine";""
"KTO002342";"POPULAR OÜ";"10910588";"29.03.2005";"Tähtajatu";"Jah";"Toitlustamine";""
"KTO002328";"osaühing HEPA";"10060753";"29.03.2005";"Tähtajatu";"Jah";"Toitlustamine";""
"KTO002351";"Osaühing Kadri Tare";"10405330";"29.03.2005";"Tähtajatu";"Jah";"Toitlustamine";""
"KTO002320";"LEETSI OÜ";"10135209";"28.03.2005";"Tähtajatu";"Jah";"Toitlustamine";""
"KTO002312";"Osaühing Nurm";"10248273";"28.03.2005";"Tähtajatu";"Jah";"Toitlustamine";""
"KTO002317";"füüsilisest isikust ettevõtja MADIS MÕTTUS'e Kure talu";"10386437";"28.03.2005";"Tähtajatu";"Jah";"Toitlustamine";""
"KTO002304";"OSAÜHING Ketterer";"10708668";"28.03.2005";"Tähtajatu";"Jah";"Toitlustamine";""
"KTO002306";"OÜ Pintmann Grupp";"10435791";"28.03.2005";"Tähtajatu";"Jah";"Toitlustamine";""
"KTO002276";"osaühing ROCCO";"10174346";"24.03.2005";"Tähtajatu";"Jah";"Toitlustamine";""
"KTO002274";"OÜ Gurmania";"10453487";"24.03.2005";"Tähtajatu";"Jah";"Toitlustamine";""
"KTO002292";"Osaühing SAMBAR";"10077498";"24.03.2005";"Tähtajatu";"Jah";"Toitlustamine";""
"KTO002295";"Osaühing SAMBAR";"10077498";"24.03.2005";"Tähtajatu";"Jah";"Toitlustamine";""
"KTO002293";"Osaühing SAMBAR";"10077498";"24.03.2005";"Tähtajatu";"Jah";"Toitlustamine";""
"KTO002285";"Vellosar Kaubanduse OÜ";"10112022";"24.03.2005";"Tähtajatu";"Jah";"Toitlustamine";""
"KTO002259";"OÜ MOOSINÄGU";"10975180";"23.03.2005";"Tähtajatu";"Jah";"Toitlustamine";""
"KTO002267";"Kungla Investeeringu Osaühing";"10103126";"23.03.2005";"Tähtajatu";"Jah";"Toitlustamine";""
"KTO002266";"AS Sokotel";"10953787";"23.03.2005";"Tähtajatu";"Jah";"Toitlustamine";""
"KTO002264";"AS Sokotel";"10953787";"23.03.2005";"Tähtajatu";"Jah";"Toitlustamine";""
"KTO002265";"AS Sokotel";"10953787";"23.03.2005";"Tähtajatu";"Jah";"Toitlustamine";""
"KTO002263";"AS Sokotel";"10953787";"23.03.2005";"Tähtajatu";"Jah";"Toitlustamine";""
"KTO002262";"AS Sokotel";"10953787";"23.03.2005";"Tähtajatu";"Jah";"Toitlustamine";""
"KTO002257";"Grillman OÜ";"10947054";"23.03.2005";"Tähtajatu";"Jah";"Toitlustamine";""
"KTO002258";"osaühing Renne-Pihla";"10065963";"23.03.2005";"Tähtajatu";"Jah";"Toitlustamine";""
"KTO002252";"OSAÜHING CITYPARTNER";"10859775";"23.03.2005";"Tähtajatu";"Jah";"Toitlustamine";""
"KTO002228";"osaühing Kadri";"10044228";"22.03.2005";"Tähtajatu";"Jah";"Toitlustamine";""
"KTO002248";"OÜ LAVU ja KA";"10854177";"22.03.2005";"Tähtajatu";"Jah";"Toitlustamine";""
"KTO002234";"Keila Tarbijate Ühistu";"10088042";"22.03.2005";"Tähtajatu";"Jah";"Toitlustamine";""
"KTO002229";"osaühing Kadri";"10044228";"22.03.2005";"Tähtajatu";"Jah";"Toitlustamine";""
"KTO002211";"osaühing RESTRAKE";"10058360";"21.03.2005";"Tähtajatu";"Jah";"Toitlustamine";""
"KTO002205";"Osaühing Cavaterra";"10025455";"18.03.2005";"Tähtajatu";"Jah";"Toitlustamine";""
"KTO002189";"Osaühing Mäo Grill";"10541725";"18.03.2005";"Tähtajatu";"Jah";"Toitlustamine";""
"KTO002200";"Osaühing Lehtsala";"10094137";"18.03.2005";"Tähtajatu";"Jah";"Toitlustamine";""
"KTO002204";"osaühing Lorrein";"10109092";"18.03.2005";"Tähtajatu";"Jah";"Toitlustamine";""
"KTO002206";"OÜ TERINIPP";"10149306";"18.03.2005";"Tähtajatu";"Jah";"Toitlustamine";""
"KTO002175";"osaühing Tulm";"10044108";"17.03.2005";"Tähtajatu";"Jah";"Toitlustamine";""
"KTO002168";"osaühing Pak L&P";"10323939";"16.03.2005";"Tähtajatu";"Jah";"Toitlustamine";""
"KTO002169";"Osaühing Puuhamaa";"10617291";"16.03.2005";"Tähtajatu";"Jah";"Toitlustamine";""
"KTO002137";"Forum Cinemas OÜ";"10193098";"15.03.2005";"Tähtajatu";"Jah";"Toitlustamine";""
"KTO002150";"Osaühing Keila Gnoom";"10017208";"15.03.2005";"Tähtajatu";"Jah";"Toitlustamine";""
"KTO002135";"Forum Cinemas OÜ";"10193098";"15.03.2005";"Tähtajatu";"Jah";"Toitlustamine";""
"KTO002151";"OSAÜHING HANSACONSTANT & PARTNERID";"10870305";"15.03.2005";"Tähtajatu";"Jah";"Toitlustamine";""
"KTO002148";"Osaühing Lukos";"10234822";"15.03.2005";"Tähtajatu";"Jah";"Toitlustamine";""
"KTO002130";"OSAÜHING RMM TOITLUSTUS";"10188186";"14.03.2005";"Tähtajatu";"Jah";"Toitlustamine";""
"KTO002128";"Osaühing LÕVI";"10612572";"14.03.2005";"Tähtajatu";"Jah";"Toitlustamine";""
"KTO002129";"Osaühing LÕVI";"10612572";"14.03.2005";"Tähtajatu";"Jah";"Toitlustamine";""
"KTO002105";"Osaühing Meie Pubi";"10813039";"11.03.2005";"Tähtajatu";"Jah";"Toitlustamine";""
"KTO002114";"Osaühing Paan";"10170772";"11.03.2005";"Tähtajatu";"Jah";"Toitlustamine";""
"KTO002103";"Osaühing Mäenurga Talu";"10830323";"11.03.2005";"Tähtajatu";"Jah";"Toitlustamine";""
"KTO002108";"Osaühing Paan";"10170772";"11.03.2005";"Tähtajatu";"Jah";"Toitlustamine";""
"KTO002092";"OSAÜHING SHINOK";"11088541";"10.03.2005";"Tähtajatu";"Jah";"Toitlustamine";""
"KTO002097";"osaühing SAILORS";"10090760";"10.03.2005";"Tähtajatu";"Jah";"Toitlustamine";""
"KTO002100";"osaühing Pentum Kaubandus";"10647688";"10.03.2005";"Tähtajatu";"Jah";"Toitlustamine";""
"KTO002096";"osaühing SAILORS";"10090760";"10.03.2005";"Tähtajatu";"Jah";"Toitlustamine";""
"KTO002089";"OÜ VESKISILLA";"10329830";"10.03.2005";"Tähtajatu";"Jah";"Toitlustamine";""
"KTO002102";"Osaühing Finite";"10098141";"10.03.2005";"Tähtajatu";"Jah";"Toitlustamine";""
"KTO002101";"Osaühing Paan";"10170772";"10.03.2005";"Tähtajatu";"Jah";"Toitlustamine";""
"KTO002095";"OÜ Bevega";"10385604";"10.03.2005";"Tähtajatu";"Jah";"Toitlustamine";""
"KTO002099";"Osaühing WIPO";"10420312";"10.03.2005";"Tähtajatu";"Jah";"Toitlustamine";""
"KTO002082";"osaühing Sergon Kaubandus";"10481383";"09.03.2005";"Tähtajatu";"Jah";"Toitlustamine";""
"KTO002081";"osaühing MV & R";"10208492";"09.03.2005";"Tähtajatu";"Jah";"Toitlustamine";""
"KTO002058";"Aktsiaselts Johan GTJ";"10296289";"07.03.2005";"Tähtajatu";"Jah";"Toitlustamine";""
"KTO002054";"osaühing Tarvise Turism";"10020860";"07.03.2005";"Tähtajatu";"Jah";"Toitlustamine";""
"KTO002062";"Lanverst Osaühing";"10349815";"07.03.2005";"Tähtajatu";"Jah";"Toitlustamine";""
"KTO002063";"osaühing Pajuks";"10457166";"07.03.2005";"Tähtajatu";"Jah";"Toitlustamine";""
"KTO002064";"Osaühing Kodulinna Lokaal";"10153325";"07.03.2005";"Tähtajatu";"Jah";"Toitlustamine";""
"KTO002042";"OÜ WESTOIL";"10391728";"04.03.2005";"Tähtajatu";"Jah";"Toitlustamine";""
"KTO002052";"Osaühing Honeywell";"10476620";"04.03.2005";"Tähtajatu";"Jah";"Toitlustamine";""
"KTO002033";"OÜ Peipsi Kalatööstus";"10626350";"03.03.2005";"Tähtajatu";"Jah";"Toitlustamine";""
"KTO002029";"ViaStop Invest OÜ";"10857670";"03.03.2005";"Tähtajatu";"Jah";"Toitlustamine";""
"KTO002009";"Sihtasutus Tehvandi Spordikeskus";"90007715";"01.03.2005";"Tähtajatu";"Jah";"Toitlustamine";""
"KTO001997";"Aktsiaselts TRANSSERVIS-N";"10338071";"01.03.2005";"Tähtajatu";"Jah";"Toitlustamine";""
"KTO002010";"Sihtasutus Tehvandi Spordikeskus";"90007715";"01.03.2005";"Tähtajatu";"Jah";"Toitlustamine";""
"KTO001994";"Tulundusühistu INKERI";"10133127";"01.03.2005";"Tähtajatu";"Jah";"Toitlustamine";""
"KTO001945";"Osaühing Tervise Paradiis";"10559955";"22.02.2005";"Tähtajatu";"Jah";"Toitlustamine";""
"KTO001949";"OÜ KADAKA BAAR";"10247894";"22.02.2005";"Tähtajatu";"Jah";"Toitlustamine";""
"KTO001943";"Osaühing Tervise Paradiis";"10559955";"22.02.2005";"Tähtajatu";"Jah";"Toitlustamine";""
"KTO001947";"Osaühing Tervise Paradiis";"10559955";"22.02.2005";"Tähtajatu";"Jah";"Toitlustamine";""
"KTO001946";"Osaühing Tervise Paradiis";"10559955";"22.02.2005";"Tähtajatu";"Jah";"Toitlustamine";""
"KTO001944";"Osaühing Tervise Paradiis";"10559955";"22.02.2005";"Tähtajatu";"Jah";"Toitlustamine";""
"KTO001955";"OÜ Puulaiu Matkamaja";"10539484";"22.02.2005";"Tähtajatu";"Jah";"Toitlustamine";""
"KTO001936";"Tulundusühistu Firostefani";"10525146";"21.02.2005";"Tähtajatu";"Jah";"Toitlustamine";""
"KTO001934";"OSAÜHING MAASIKAS & KO";"10305172";"21.02.2005";"Tähtajatu";"Jah";"Toitlustamine";""
"KTO001931";"OÜ Aadupoisid";"10845170";"21.02.2005";"Tähtajatu";"Jah";"Toitlustamine";""
"KTO001935";"Osaühing Narva Kohvik";"10239618";"21.02.2005";"Tähtajatu";"Jah";"Toitlustamine";""
"KTO001930";"OSAÜHING RAIGER TRIO";"10781688";"21.02.2005";"Tähtajatu";"Jah";"Toitlustamine";""
"KTO001939";"Osaühing Vanalinna Bowling";"10811142";"21.02.2005";"Tähtajatu";"Jah";"Toitlustamine";""
"KTO001922";"Osaühing Paan";"10170772";"17.02.2005";"Tähtajatu";"Jah";"Toitlustamine";""
"KTO001884";"Osaühing Klementina";"11053399";"11.02.2005";"Tähtajatu";"Jah";"Toitlustamine";""
"KTO001878";"OÜ Jõe-Projekt";"10945747";"10.02.2005";"Tähtajatu";"Jah";"Toitlustamine";""
"KTO001871";"osaühing Kadi Einola";"10084759";"09.02.2005";"Tähtajatu";"Jah";"Toitlustamine";""
"KTO001868";"Osaühing Traus-RAK";"10633568";"09.02.2005";"Tähtajatu";"Jah";"Toitlustamine";""
"KTO001866";"Osaühing Saialill";"10098595";"09.02.2005";"Tähtajatu";"Jah";"Toitlustamine";""
"KTO001857";"osaühing Farsar";"10319926";"08.02.2005";"Tähtajatu";"Jah";"Toitlustamine";""
"KTO001843";"OÜ UUSMÄGI";"10914110";"04.02.2005";"Tähtajatu";"Jah";"Toitlustamine";""
"KTO001846";"osaühing Absolent";"10502197";"04.02.2005";"Tähtajatu";"Jah";"Toitlustamine";""
"KTO001825";"Osaühing Koduköök";"10659510";"01.02.2005";"Tähtajatu";"Jah";"Toitlustamine";""
"KTO001830";"Osaühing Süsi SG";"10187347";"01.02.2005";"Tähtajatu";"Jah";"Toitlustamine";""
"KTO001807";"Veskaru OÜ";"10112935";"26.01.2005";"Tähtajatu";"Jah";"Toitlustamine";""
"KTO001798";"Osaühing Kingexport";"10441509";"25.01.2005";"Tähtajatu";"Jah";"Toitlustamine";""
"KTO001790";"osaühing Amulett";"10282212";"24.01.2005";"Tähtajatu";"Jah";"Toitlustamine";""
"KTO001779";"Orkla Eesti AS";"11267031";"18.01.2005";"Tähtajatu";"Jah";"Toitlustamine";""
"KTO001778";"osaühing Teilmaa";"11073025";"18.01.2005";"Tähtajatu";"Jah";"Toitlustamine";""
"KTO001770";"osaühing VALTAMM";"10059052";"17.01.2005";"Tähtajatu";"Jah";"Toitlustamine";""
"KTO001769";"Select Service Partner Eesti Aktsiaselts";"10555615";"17.01.2005";"Tähtajatu";"Jah";"Toitlustamine";""
"KTO001760";"Osaühing Stefania";"10999737";"13.01.2005";"Tähtajatu";"Jah";"Toitlustamine";""
"KTO001743";"OÜ KAIFI";"10628076";"11.01.2005";"Tähtajatu";"Jah";"Toitlustamine";""
"KTO001740";"Jõgeva Majandusühistu";"10136232";"10.01.2005";"Tähtajatu";"Jah";"Toitlustamine";""
"KTO001729";"osaühing CONSPIRATOR";"10947019";"06.01.2005";"Tähtajatu";"Jah";"Toitlustamine";""
"KTO001727";"Osaühing GAVERT";"10461788";"05.01.2005";"Tähtajatu";"Jah";"Toitlustamine";""
"KTO001723";"Osaühing MELMONT";"10654458";"04.01.2005";"Tähtajatu";"Jah";"Toitlustamine";""
"KTO001718";"Osaühing Elevant";"10488178";"31.12.2004";"Tähtajatu";"Jah";"Toitlustamine";""
"KTO001698";"Osaühing ZUBRORUS";"10043217";"28.12.2004";"Tähtajatu";"Jah";"Toitlustamine";""
"KTO001699";"OÜ Efendi";"10382853";"28.12.2004";"Tähtajatu";"Jah";"Toitlustamine";""
"KTO001694";"Sharwimbo Namushasha OÜ";"10460501";"28.12.2004";"Tähtajatu";"Jah";"Toitlustamine";""
"KTO001691";"aktsiaselts Aide";"10185041";"28.12.2004";"Tähtajatu";"Jah";"Toitlustamine";""
"KTO001690";"Aktsiaselts Tallinna Lennujaam";"10349560";"28.12.2004";"Tähtajatu";"Jah";"Toitlustamine";""
"KTO001687";"NURME BISTROO OÜ";"10935252";"27.12.2004";"Tähtajatu";"Jah";"Toitlustamine";""
"KTO001689";"OSAÜHING CITYHAUS GRUPP";"10935559";"27.12.2004";"Tähtajatu";"Jah";"Toitlustamine";""
"KTO001684";"Härma Ehitus OÜ";"10826221";"27.12.2004";"Tähtajatu";"Jah";"Toitlustamine";""
"KTO001688";"OÜ Mutamor";"10514102";"27.12.2004";"Tähtajatu";"Jah";"Toitlustamine";""
"KTO001672";"OÜ VRV GRUPP";"10725827";"23.12.2004";"Tähtajatu";"Jah";"Toitlustamine";""
"KTO001678";"KIIRA HAIROVA";"10896598";"23.12.2004";"Tähtajatu";"Jah";"Toitlustamine";""
"KTO001662";"osaühing Reivali Ehitus";"10209215";"21.12.2004";"Tähtajatu";"Jah";"Toitlustamine";""
"KTO001661";"Select Service Partner Eesti Aktsiaselts";"10555615";"21.12.2004";"Tähtajatu";"Jah";"Toitlustamine";""
"KTO001660";"Pagaripoisid OÜ";"10381865";"21.12.2004";"Tähtajatu";"Jah";"Toitlustamine";""
"KTO001657";"osaühing Mediaan-V";"10040874";"20.12.2004";"Tähtajatu";"Jah";"Toitlustamine";""
"KTO001652";"Osaühing ?UR";"10186477";"17.12.2004";"Tähtajatu";"Jah";"Toitlustamine";""
"KTO001649";"Osaühing GENEVA";"10338183";"15.12.2004";"Tähtajatu";"Jah";"Toitlustamine";""
"KTO001635";"TONY OÜ";"10242750";"13.12.2004";"Tähtajatu";"Jah";"Toitlustamine";""
"KTO001632";"Osaühing SALUKIVI";"10218042";"13.12.2004";"Tähtajatu";"Jah";"Toitlustamine";""
"KTO001626";"OSAÜHING ELOMETSO";"10238530";"10.12.2004";"Tähtajatu";"Jah";"Toitlustamine";""
"KTO001619";"Ala - Rõuge Külalistemaja OÜ";"10911323";"09.12.2004";"Tähtajatu";"Jah";"Toitlustamine";""
"KTO001625";"Kungla Investeeringu Osaühing";"10103126";"09.12.2004";"Tähtajatu";"Jah";"Toitlustamine";""
"KTO001613";"Stockmann Aktsiaselts";"10005122";"08.12.2004";"Tähtajatu";"Jah";"Toitlustamine";""
"KTO001611";"Osaühing HIIBO";"10221340";"08.12.2004";"Tähtajatu";"Jah";"Toitlustamine";""
"KTO001607";"OÜ Santovara";"10587905";"07.12.2004";"Tähtajatu";"Jah";"Toitlustamine";""
"KTO001594";"osaühing Metrola";"10614364";"02.12.2004";"Tähtajatu";"Jah";"Toitlustamine";""
"KTO001562";"Aktsiaselts Taastusravikeskus Viiking";"10002098";"25.11.2004";"Tähtajatu";"Jah";"Toitlustamine";""
"KTO001561";"OÜ ASSA TARE";"10030686";"24.11.2004";"Tähtajatu";"Jah";"Toitlustamine";""
"KTO001560";"Aktsiaselts Taastusravikeskus Viiking";"10002098";"24.11.2004";"Tähtajatu";"Jah";"Toitlustamine";""
"KTO001558";"osaühing Sildo Luke";"10287149";"23.11.2004";"Tähtajatu";"Jah";"Toitlustamine";""
"KTO001557";"osaühing PIZZA GRANDE";"10714858";"23.11.2004";"Tähtajatu";"Jah";"Toitlustamine";""
"KTO001544";"OÜ ISPRE";"11061128";"19.11.2004";"Tähtajatu";"Jah";"Toitlustamine";""
"KTO001532";"Osaühing Desoral";"10178710";"18.11.2004";"Tähtajatu";"Jah";"Toitlustamine";""
"KTO001485";"Airo Catering Services Eesti Osaühing";"10195447";"03.11.2004";"Tähtajatu";"Jah";"Toitlustamine";""
"KTO001475";"Rasa Trading Company AS";"10588230";"02.11.2004";"Tähtajatu";"Jah";"Toitlustamine";""
"KTO001429";"aktsiaselts PRINTALL";"10092701";"18.10.2004";"Tähtajatu";"Jah";"Toitlustamine";""
"KTO001430";"Kungla Investeeringu Osaühing";"10103126";"18.10.2004";"Tähtajatu";"Jah";"Toitlustamine";""
"KTO001425";"osaühing St.Patrick's";"10571502";"15.10.2004";"Tähtajatu";"Jah";"Toitlustamine";""
"KTO001419";"Osaühing F 3";"10250620";"14.10.2004";"Tähtajatu";"Jah";"Toitlustamine";""
"KTO001410";"Osaühing Leman";"10073709";"12.10.2004";"Tähtajatu";"Jah";"Toitlustamine";""
"KTO001407";"Osaühing Orantes";"10919721";"12.10.2004";"Tähtajatu";"Jah";"Toitlustamine";""
"KTO001404";"Osaühing Salvador";"10250614";"11.10.2004";"Tähtajatu";"Jah";"Toitlustamine";""
"KTO001397";"Osaühing KOMANDOR";"10133334";"08.10.2004";"Tähtajatu";"Jah";"Toitlustamine";""
"KTO001400";"osaühing WAIDE";"10437146";"08.10.2004";"Tähtajatu";"Jah";"Toitlustamine";""
"KTO001390";"OÜ PORRI & KO";"10715835";"07.10.2004";"Tähtajatu";"Jah";"Toitlustamine";""
"KTO001373";"Järve Toitlustuse OÜ";"11020849";"30.09.2004";"Tähtajatu";"Jah";"Toitlustamine";""
"KTO001367";"OÜ Linnumäe Puhkekeskus";"11040818";"29.09.2004";"Tähtajatu";"Jah";"Toitlustamine";""
"KTO001364";"Rääma Noorte Ühing Noorus MTÜ";"80034119";"29.09.2004";"Tähtajatu";"Jah";"Toitlustamine";""
"KTO001359";"Osaühing Ilona Paugus";"10334073";"27.09.2004";"Tähtajatu";"Jah";"Toitlustamine";""
"KTO001348";"osaühing WAIDE";"10437146";"24.09.2004";"Tähtajatu";"Jah";"Toitlustamine";""
"KTO001309";"OÜ VALLI";"10079014";"16.09.2004";"Tähtajatu";"Jah";"Toitlustamine";""
"KTO001303";"osaühing Suveniir";"10106863";"15.09.2004";"Tähtajatu";"Jah";"Toitlustamine";""
"KTO001292";"Osaühing Blue Systems";"10574920";"13.09.2004";"Tähtajatu";"Jah";"Toitlustamine";""
"KTO001294";"OSAÜHING ULVI KÖÖK";"10407004";"13.09.2004";"Tähtajatu";"Jah";"Toitlustamine";""
"KTO001273";"Aktsiaselts Tallink Grupp";"10238429";"10.09.2004";"Tähtajatu";"Jah";"Toitlustamine";""
"KTO001272";"Aktsiaselts Tallink Grupp";"10238429";"10.09.2004";"Tähtajatu";"Jah";"Toitlustamine";""
"KTO001270";"Aktsiaselts Tallink Grupp";"10238429";"10.09.2004";"Tähtajatu";"Jah";"Toitlustamine";""
"KTO001268";"Aktsiaselts Tallink Grupp";"10238429";"10.09.2004";"Tähtajatu";"Jah";"Toitlustamine";""
"KTO001284";"Harda Vara OÜ";"11048027";"10.09.2004";"Tähtajatu";"Jah";"Toitlustamine";""
"KTO001265";"Aktsiaselts Tallink Grupp";"10238429";"10.09.2004";"Tähtajatu";"Jah";"Toitlustamine";""
"KTO001264";"Aktsiaselts Tallink Grupp";"10238429";"10.09.2004";"Tähtajatu";"Jah";"Toitlustamine";""
"KTO001266";"Aktsiaselts Tallink Grupp";"10238429";"10.09.2004";"Tähtajatu";"Jah";"Toitlustamine";""
"KTO001290";"osaühing Kanvera";"10069234";"10.09.2004";"Tähtajatu";"Jah";"Toitlustamine";""
"KTO001261";"Aktsiaselts Tallink Grupp";"10238429";"10.09.2004";"Tähtajatu";"Jah";"Toitlustamine";""
"KTO001269";"Aktsiaselts Tallink Grupp";"10238429";"10.09.2004";"Tähtajatu";"Jah";"Toitlustamine";""
"KTO001285";"Aktsiaselts Tallink Grupp";"10238429";"10.09.2004";"Tähtajatu";"Jah";"Toitlustamine";""
"KTO001267";"Aktsiaselts Tallink Grupp";"10238429";"10.09.2004";"Tähtajatu";"Jah";"Toitlustamine";""
"KTO001263";"Aktsiaselts Tallink Grupp";"10238429";"10.09.2004";"Tähtajatu";"Jah";"Toitlustamine";""
"KTO001207";"OSAÜHING FORSS";"10283967";"03.09.2004";"Tähtajatu";"Jah";"Toitlustamine";""
"KTO001200";"Hotell Tähetorni OÜ";"10098951";"02.09.2004";"Tähtajatu";"Jah";"Toitlustamine";""
"KTO001193";"RRLektus Aktsiaselts";"10072791";"02.09.2004";"Tähtajatu";"Jah";"Toitlustamine";""
"KTO001172";"Osaühing Stekil";"10229270";"30.08.2004";"Tähtajatu";"Jah";"Toitlustamine";""
"KTO001155";"Osaühing Mark Systems";"10620241";"26.08.2004";"Tähtajatu";"Jah";"Toitlustamine";""
"KTO001142";"Osaühing Westender";"10338823";"26.08.2004";"Tähtajatu";"Jah";"Toitlustamine";""
"KTO001151";"OÜ SIGARI MAJA";"10808306";"26.08.2004";"Tähtajatu";"Jah";"Toitlustamine";""
"KTO001138";"osaühing Ehar";"10315897";"25.08.2004";"Tähtajatu";"Jah";"Toitlustamine";""
"KTO001137";"Osaühing Perenaine";"10268436";"25.08.2004";"Tähtajatu";"Jah";"Toitlustamine";""
"KTO001127";"Osaühing Vesivärava";"10493713";"24.08.2004";"Tähtajatu";"Jah";"Toitlustamine";""
"KTO001131";"Osaühing AHTME MAJA";"10061209";"24.08.2004";"Tähtajatu";"Jah";"Toitlustamine";""
"KTO001120";"OÜ Benitrade";"10569971";"23.08.2004";"Tähtajatu";"Jah";"Toitlustamine";""
"KTO001123";"Osaühing Haapsalu Linna Spordibaasid";"10792290";"23.08.2004";"Tähtajatu";"Jah";"Toitlustamine";""
"KTO001104";"Osaühing Valga Voorimees";"11045342";"18.08.2004";"Tähtajatu";"Jah";"Toitlustamine";""
"KTO001086";"OÜ Pintmann Grupp";"10435791";"17.08.2004";"Tähtajatu";"Jah";"Toitlustamine";""
"KTO001069";"osaühing ALDI";"10024817";"13.08.2004";"Tähtajatu";"Jah";"Toitlustamine";""
"KTO001059";"Tulundusühistu VESTA KING";"10127641";"12.08.2004";"Tähtajatu";"Jah";"Toitlustamine";""
"KTO001066";"Osaühing REINEBERG";"10196984";"12.08.2004";"Tähtajatu";"Jah";"Toitlustamine";""
"KTO001061";"Osaühing VIIRA PLUSS";"10133995";"12.08.2004";"Tähtajatu";"Jah";"Toitlustamine";""
"KTO001053";"OÜ Reilve";"10090398";"11.08.2004";"Tähtajatu";"Jah";"Toitlustamine";""
"KTO001006";"RT Hotellid OÜ";"10646134";"03.08.2004";"Tähtajatu";"Jah";"Toitlustamine";""
"KTO000985";"osaühing Dakkis";"10115721";"02.08.2004";"Tähtajatu";"Jah";"Toitlustamine";""
"KTO000971";"osaühing Dixen";"10218674";"30.07.2004";"Tähtajatu";"Jah";"Toitlustamine";""
"KTO000925";"Osaühing Punane Torn";"10982116";"23.07.2004";"Tähtajatu";"Jah";"Toitlustamine";""
"KTO000918";"Osaühing VÜRST";"10771721";"23.07.2004";"Tähtajatu";"Jah";"Toitlustamine";""
"KTO000851";"NIINA MNOGOLESSOVA KIOSK";"10012915";"19.07.2004";"Tähtajatu";"Jah";"Toitlustamine";""
"KTO000832";"osaühing Segmonte";"10500778";"15.07.2004";"Tähtajatu";"Jah";"Toitlustamine";""
"KTO000816";"Bumbuta Jangalo OÜ";"11006951";"14.07.2004";"Tähtajatu";"Jah";"Toitlustamine";""
"KTO000828";"Serverette OÜ";"10577976";"14.07.2004";"Tähtajatu";"Jah";"Toitlustamine";""
"KTO000789";"osaühing Elviino";"10529316";"12.07.2004";"Tähtajatu";"Jah";"Toitlustamine";""
"KTO000799";"Osaühing Serventor";"11038514";"12.07.2004";"Tähtajatu";"Jah";"Toitlustamine";""
"KTO000779";"AARE REBBAN";"10661607";"09.07.2004";"Tähtajatu";"Jah";"Toitlustamine";""
"KTO000765";"Osaühing Reiser";"10082105";"08.07.2004";"Tähtajatu";"Jah";"Toitlustamine";""
"KTO000770";"OÜ MANN GRUPP";"10797040";"08.07.2004";"Tähtajatu";"Jah";"Toitlustamine";""
"KTO000729";"OÜ Vanaema köök";"14348669";"02.07.2004";"Tähtajatu";"Jah";"Toitlustamine";""
"KTO000721";"OÜ KOIDULAPARK HOTELL";"10793786";"02.07.2004";"Tähtajatu";"Jah";"Toitlustamine";""
"KTO000730";"osaühing F.C.B.";"10869644";"02.07.2004";"Tähtajatu";"Jah";"Toitlustamine";""
"KTO000705";"Osaühing KOMANDOR";"10133334";"01.07.2004";"Tähtajatu";"Jah";"Toitlustamine";""
"KTO000699";"OSAÜHING SEMIKOR";"10197446";"30.06.2004";"Tähtajatu";"Jah";"Toitlustamine";""
"KTO000665";"Osaühing Tervise Paradiis";"10559955";"28.06.2004";"Tähtajatu";"Jah";"Toitlustamine";""
"KTO000618";"osaühing ENDIVIA";"10149163";"22.06.2004";"Tähtajatu";"Jah";"Toitlustamine";""
"KTO000627";"osaühing Miny Many";"10308325";"22.06.2004";"Tähtajatu";"Jah";"Toitlustamine";""
"KTO000580";"Viirisepa OÜ";"10503469";"21.06.2004";"Tähtajatu";"Jah";"Toitlustamine";""
"KTO000563";"osaühing MaineGrupp";"10787062";"18.06.2004";"Tähtajatu";"Jah";"Toitlustamine";""
"KTO000507";"Osaühing Leman";"10073709";"16.06.2004";"Tähtajatu";"Jah";"Toitlustamine";""
"KTO000517";"osaühing Niitlind";"10024148";"16.06.2004";"Tähtajatu";"Jah";"Toitlustamine";""
"KTO000494";"Gloria OÜ";"10046227";"15.06.2004";"Tähtajatu";"Jah";"Toitlustamine";""
"KTO000471";"osaühing ""Islamel""";"10007977";"11.06.2004";"Tähtajatu";"Jah";"Toitlustamine";""
"KTO000451";"Osaühing Avicula";"10130413";"10.06.2004";"Tähtajatu";"Jah";"Toitlustamine";""
"KTO000448";"NEPI MAJA OSAÜHING";"10087605";"10.06.2004";"Tähtajatu";"Jah";"Toitlustamine";""
"KTO000390";"OSAÜHING TÄHETORNI";"10562928";"04.06.2004";"Tähtajatu";"Jah";"Toitlustamine";""
"KTO000371";"NAPU TALU";"10100228";"03.06.2004";"Tähtajatu";"Jah";"Toitlustamine";""
"KTO000349";"Osaühing Liisi";"10358665";"02.06.2004";"Tähtajatu";"Jah";"Toitlustamine";""
"KTO000348";"osaühing ELVO Kaubandus";"10288781";"02.06.2004";"Tähtajatu";"Jah";"Toitlustamine";""
"KTO000342";"OÜ Hunt Kriimsilm";"10924484";"01.06.2004";"Tähtajatu";"Jah";"Toitlustamine";""
"KTO000295";"Osaühing LAAGNOR";"10669342";"28.05.2004";"Tähtajatu";"Jah";"Toitlustamine";""
"KTO000302";"Osaühing GENEVA";"10338183";"28.05.2004";"Tähtajatu";"Jah";"Toitlustamine";""
"KTO000278";"ARBAVERE PUHKEKESKUS OÜ";"11001119";"26.05.2004";"Tähtajatu";"Jah";"Toitlustamine";""
"KTO000257";"Osaühing Taimler MM";"10403532";"25.05.2004";"Tähtajatu";"Jah";"Toitlustamine";""
"KTO000263";"Osaühing Seelight";"11009748";"25.05.2004";"Tähtajatu";"Jah";"Toitlustamine";""
"KTO000229";"OÜ Marja Talu";"10802999";"21.05.2004";"Tähtajatu";"Jah";"Toitlustamine";""
"KTO000212";"Aktsiaselts Pihlaka";"10339030";"19.05.2004";"Tähtajatu";"Jah";"Toitlustamine";""
"KTO000201";"Osaühing Naxos";"10271639";"18.05.2004";"Tähtajatu";"Jah";"Toitlustamine";""
"KTO000187";"Astlanda Hotelli Aktsiaselts";"10463965";"17.05.2004";"Tähtajatu";"Jah";"Toitlustamine";""
"KTO000188";"Astlanda Hotelli Aktsiaselts";"10463965";"17.05.2004";"Tähtajatu";"Jah";"Toitlustamine";""
"KTO000186";"Astlanda Hotelli Aktsiaselts";"10463965";"17.05.2004";"Tähtajatu";"Jah";"Toitlustamine";""
"KTO000182";"Astlanda Hotelli Aktsiaselts";"10463965";"14.05.2004";"Tähtajatu";"Jah";"Toitlustamine";""
"KTO000174";"PRANGLI TURISMIÜHISTU";"10779800";"14.05.2004";"Tähtajatu";"Jah";"Toitlustamine";""
"KTO000167";"Osaühing Bannerton";"10657936";"13.05.2004";"Tähtajatu";"Jah";"Toitlustamine";""
"KTO000145";"OÜ EASY STAY HOSPITALITY GROUP";"10920753";"11.05.2004";"Tähtajatu";"Jah";"Toitlustamine";""
"KTO000127";"OÜ ConellGroup";"10973577";"10.05.2004";"Tähtajatu";"Jah";"Toitlustamine";""
"KTO000130";"Osaühing TLG HOTELL";"10952552";"10.05.2004";"Tähtajatu";"Jah";"Toitlustamine";""
"KTO000132";"Osaühing TLG HOTELL";"10952552";"10.05.2004";"Tähtajatu";"Jah";"Toitlustamine";""
"KTO000131";"Osaühing TLG HOTELL";"10952552";"10.05.2004";"Tähtajatu";"Jah";"Toitlustamine";""
"KTO000128";"Osaühing TLG HOTELL";"10952552";"10.05.2004";"Tähtajatu";"Jah";"Toitlustamine";""
"KTO000118";"Setomaa Muuseumid";"75025221";"07.05.2004";"Tähtajatu";"Jah";"Toitlustamine";""
"KTO000099";"Osaühing Egiid";"10232257";"06.05.2004";"Tähtajatu";"Jah";"Toitlustamine";""
"KTO000077";"Aktsiaselts Strand";"10764017";"04.05.2004";"Tähtajatu";"Jah";"Toitlustamine";""
"KTO000075";"Aktsiaselts Strand";"10764017";"04.05.2004";"Tähtajatu";"Jah";"Toitlustamine";""
"KTO000076";"Aktsiaselts Strand";"10764017";"04.05.2004";"Tähtajatu";"Jah";"Toitlustamine";""
"KTO000065";"Osaühing Tuudur Alter";"10497639";"30.04.2004";"Tähtajatu";"Jah";"Toitlustamine";""
"KTO000058";"Osaühing EKA Toitlustus";"10119558";"30.04.2004";"Tähtajatu";"Jah";"Toitlustamine";""
"KTO000044";"Osaühing Pantole";"10335013";"28.04.2004";"Tähtajatu";"Jah";"Toitlustamine";""
"KTO000032";"OSAÜHING VIRMA M.T.";"10266124";"27.04.2004";"Tähtajatu";"Jah";"Toitlustamine";""
"KTO000030";"OSAÜHING MAIASMOKK";"10202986";"27.04.2004";"Tähtajatu";"Jah";"Toitlustamine";""
"KTO000022";"ARMONTI TOITLUSTUSE OSAÜHING";"10060285";"26.04.2004";"Tähtajatu";"Jah";"Toitlustamine";""
"KTO000010";"Osaühing BALTISKA VIRU";"10245412";"22.04.2004";"Tähtajatu";"Jah";"Toitlustamine";""