registrikood;nimi;staatus;kehtiv_alates;kehtiv_kuni;aasta
10015238;AS Alexela;kehtiv;2022-07-14;;2022
10020438;Osaühing T.R. TAMME AUTO;kehtiv;2025-04-22;;2025
10048350;MERITON HOTELS OÜ;kehtiv;2005-04-12;;2005
10048350;MERITON HOTELS OÜ;kehtiv;2005-04-12;;2005
10048350;MERITON HOTELS OÜ;kehtiv;2005-04-12;;2005
10048350;MERITON HOTELS OÜ;kehtiv;2010-11-05;;2010
10048350;MERITON HOTELS OÜ;kehtiv;2010-11-05;;2010
10048350;MERITON HOTELS OÜ;kehtiv;2010-11-05;;2010
10048350;MERITON HOTELS OÜ;kehtiv;2010-11-05;;2010
10048350;MERITON HOTELS OÜ;kehtiv;2010-11-05;;2010
10048350;MERITON HOTELS OÜ;kehtiv;2010-11-05;;2010
10048350;MERITON HOTELS OÜ;kehtiv;2010-11-05;;2010
10048350;MERITON HOTELS OÜ;kehtiv;2011-01-27;;2011
10060629;tulundusühistu Šeiker;kehtiv;2009-06-02;;2009
10060629;tulundusühistu Šeiker;kehtiv;2012-05-08;;2012
10061209;Osaühing AHTME MAJA;kehtiv;2004-08-24;;2004
10067577;Famino OÜ;kehtiv;2010-04-29;;2010
10067577;Famino OÜ;kehtiv;2010-05-13;;2010
10068915;P. DUSSMANN EESTI Osaühing;kehtiv;2012-10-12;;2012
10110942;Osaühing RAUER;kehtiv;2005-04-19;;2005
10133127;Tulundusühistu INKERI;kehtiv;2005-03-01;;2005
10133512;Frozen.BRO OÜ;kehtiv;2005-04-22;;2005
10136870;aktsiaselts Olerex;kehtiv;2007-11-06;;2007
10136870;aktsiaselts Olerex;kehtiv;2011-11-04;;2011
10136870;aktsiaselts Olerex;kehtiv;2014-05-26;;2014
10152142;"osaühing ""LEDIN""";kehtiv;2008-09-03;;2008
10185041;aktsiaselts Aide;kehtiv;2004-12-28;;2004
10209215;osaühing Reivali Ehitus;kehtiv;2004-12-21;;2004
10224203;Tallinna Raamatutrükikoja Osaühing;kehtiv;2005-04-01;;2005
10228661;Aktsiaselts AUTOTRANS-NARVA;kehtiv;2009-02-18;;2009
10238429;Aktsiaselts Tallink Grupp;kehtiv;2004-09-10;;2004
10238429;Aktsiaselts Tallink Grupp;kehtiv;2004-09-10;;2004
10238429;Aktsiaselts Tallink Grupp;kehtiv;2004-09-10;;2004
10238429;Aktsiaselts Tallink Grupp;kehtiv;2004-09-10;;2004
10238429;Aktsiaselts Tallink Grupp;kehtiv;2004-09-10;;2004
10238429;Aktsiaselts Tallink Grupp;kehtiv;2004-09-10;;2004
10238429;Aktsiaselts Tallink Grupp;kehtiv;2004-09-10;;2004
10238429;Aktsiaselts Tallink Grupp;kehtiv;2004-09-10;;2004
10238429;Aktsiaselts Tallink Grupp;kehtiv;2004-09-10;;2004
10238429;Aktsiaselts Tallink Grupp;kehtiv;2004-09-10;;2004
10238429;Aktsiaselts Tallink Grupp;kehtiv;2004-09-10;;2004
10238429;Aktsiaselts Tallink Grupp;kehtiv;2004-09-10;;2004
10238429;Aktsiaselts Tallink Grupp;kehtiv;2007-04-17;;2007
10238429;Aktsiaselts Tallink Grupp;kehtiv;2007-09-25;;2007
10238429;Aktsiaselts Tallink Grupp;kehtiv;2007-11-13;;2007
10238429;Aktsiaselts Tallink Grupp;kehtiv;2008-04-18;;2008
10238429;Aktsiaselts Tallink Grupp;kehtiv;2009-04-21;;2009
10238429;Aktsiaselts Tallink Grupp;kehtiv;2012-06-25;;2012
10238429;Aktsiaselts Tallink Grupp;kehtiv;2013-01-17;;2013
10273940;aktsiaselts AA-LAN;kehtiv;2005-03-29;;2005
10291205;Põltsamaa Vallavara OÜ;kehtiv;2020-09-13;;2020
10309112;Osaühing Granqvistal;kehtiv;2005-11-22;;2005
10320823;BUENO OÜ;kehtiv;2005-04-15;;2005
10344321;Aktsiaselts Saku Maja;kehtiv;2005-04-11;;2005
10349560;Aktsiaselts Tallinna Lennujaam;kehtiv;2004-12-28;;2004
10349560;Aktsiaselts Tallinna Lennujaam;kehtiv;2006-04-25;;2006
10358671;Aktsiaselts Varbla Puhkeküla;kehtiv;2005-04-22;;2005
10378604;Padise Grupp OÜ;kehtiv;2005-04-15;;2005
10428638;osaühing TULIHEIN;kehtiv;2005-06-01;;2005
10433792;OÜ La Casa Nostra;kehtiv;2024-07-19;;2024
10541949;AS GoRail;kehtiv;2007-05-16;;2007
10541949;AS GoRail;kehtiv;2007-05-16;;2007
10541949;AS GoRail;kehtiv;2007-05-16;;2007
10541949;AS GoRail;kehtiv;2007-06-27;;2007
10553579;Amintor OÜ;kehtiv;2005-04-06;;2005
10589270;Hiiekivi Osaühing;kehtiv;2005-04-13;;2005
10589270;Hiiekivi Osaühing;kehtiv;2005-12-14;;2005
10589270;Hiiekivi Osaühing;kehtiv;2006-12-12;;2006
10625758;Osaühing Aara;kehtiv;2005-06-06;;2005
10656167;Osaühing Jäneda Mõis;kehtiv;2005-04-08;;2005
10656167;Osaühing Jäneda Mõis;kehtiv;2005-04-08;;2005
10656167;Osaühing Jäneda Mõis;kehtiv;2005-04-08;;2005
10721509;Riho Keskpaik;kehtiv;2021-06-22;;2021
10790187;MELLSON GRUPP OÜ;kehtiv;2008-07-18;;2008
10810378;osaühing Enera;kehtiv;2024-05-23;;2024
10901508;Osaühing Vimco Grupp;kehtiv;2010-07-13;;2010
10909734;Osaühing Globus Invest;kehtiv;2020-10-21;;2020
10911412;OÜ Parem Kinnisvara;kehtiv;2008-11-26;;2008
10949704;Piko Hobikross Osaühing;kehtiv;2008-04-28;;2008
10967453;osaühing Raiesmaa;kehtiv;2013-03-14;;2013
10972827;Osaühing KEANO;kehtiv;2006-11-01;;2006
10995857;Osaühing Maxime;kehtiv;2011-04-07;;2011
11022743;Gromell OÜ;kehtiv;2012-07-10;;2012
11031400;Osaühing Kivikodu;kehtiv;2010-05-04;;2010
11052253;PerfectDeal Osaühing;kehtiv;2009-04-29;;2009
11052388;Osaühing Aminium Net;kehtiv;2018-03-01;;2018
11062748;osaühing Trajali;kehtiv;2024-04-22;;2024
11119247;Osaühing GLANZ & GLAMUUR;kehtiv;2024-06-14;;2024
11132650;Võiste Sadama OÜ;kehtiv;2024-07-16;;2024
11151920;Mossi Grupp OÜ;kehtiv;2014-12-02;;2014
11186404;Osaühing Nurmberg Ehitus;kehtiv;2024-05-22;;2024
11187026;Finn Bayer OÜ;kehtiv;2022-03-24;;2022
11205780;AMENDERO OSAÜHING;kehtiv;2016-07-18;;2016
11206880;Bristol & Partnerid OÜ;kehtiv;2017-07-06;;2017
11207247;osaühing PROGRESSFOON;kehtiv;2009-10-06;;2009
11232854;Filmer OÜ;kehtiv;2019-07-08;;2019
11267031;Orkla Eesti AS;kehtiv;2005-01-18;;2005
11322184;osaühing TEHNOALA;kehtiv;2024-03-10;;2024
11353078;ARP Group OÜ;kehtiv;2014-06-17;;2014
11373916;Bright solution OÜ;kehtiv;2012-10-09;;2012
11374258;Cuce-Camp OÜ;kehtiv;2015-12-10;;2015
11418273;Iliotech Group OÜ;kehtiv;2016-03-11;;2016
11449499;UPA Building OÜ;kehtiv;2010-04-22;;2010
11788014;Triimoon Trade OÜ;kehtiv;2009-12-18;;2009
11878510;WinWinPartner OÜ;kehtiv;2014-05-07;;2014
11920608;Direccion OÜ;kehtiv;2014-10-30;;2014
11977867;Kaevukohvik OÜ;kehtiv;2011-01-10;;2011
12026281;Plastekor OÜ;kehtiv;2026-05-07;;2026
12046361;OKO restoranid OÜ;kehtiv;2011-03-03;;2011
12046361;OKO restoranid OÜ;kehtiv;2014-03-03;;2014
12073458;Bilanss & Associates OÜ;kehtiv;2011-04-29;;2011
12106235;Eluruumid OÜ;kehtiv;2017-04-22;;2017
12182265;Tianmga OÜ;kehtiv;2012-12-28;;2012
12238534;KADAKA KONVERENTSID OÜ;kehtiv;2021-01-20;;2021
12367192;HR OÜ;kehtiv;2020-01-24;;2020
12379884;HORECA EDU OÜ;kehtiv;2023-10-17;;2023
12410714;Moder Grupp OÜ;kehtiv;2014-06-30;;2014
12502043;LRS Design OÜ;kehtiv;2017-05-02;;2017
12512952;OÜ Merivart;kehtiv;2023-12-30;;2023
12551627;Haljason OÜ;kehtiv;2021-05-01;;2021
12599093;Marmik OÜ;kehtiv;2024-01-23;;2024
12624250;RCG Eesti OÜ;kehtiv;2019-04-08;;2019
12640029;Bukamba Kouniakong OÜ;kehtiv;2014-07-15;;2014
12670912;PIKSA OÜ;kehtiv;2016-07-04;;2016
12777857;GooDrink OÜ;kehtiv;2017-11-27;;2017
12829146;Savilaane Ehitus OÜ;kehtiv;2019-06-04;;2019
12844430;Monterexiamo Trading OÜ;kehtiv;2024-03-05;;2024
12846699;Britvare OÜ;kehtiv;2015-06-01;;2015
12984378;Wix Teenused OÜ;kehtiv;2022-09-09;;2022
14011237;Golik Inpro Group OÜ;kehtiv;2016-05-12;;2016
14074367;Kojak OÜ;kehtiv;2016-07-09;;2016
14176843;Sakkeus OÜ;kehtiv;2017-06-01;;2017
14210250;Peosaal OÜ;kehtiv;2025-09-17;;2025
14338524;Payongo Omubugoigo OÜ;kehtiv;2018-11-18;;2018
14339145;Tormituuled OÜ;kehtiv;2018-01-08;;2018
14569809;Ehitusnorm OÜ;kehtiv;2021-04-04;;2021
14593788;Tõnissoni Söögituba OÜ;kehtiv;2018-10-27;;2018
14613670;Tarhan OÜ;kehtiv;2020-03-03;;2020
14669994;peimad OÜ;kehtiv;2021-08-09;;2021
14704526;Oreton OÜ;kehtiv;2020-06-03;;2020
14731109;AP Teed OÜ;kehtiv;2023-11-18;;2023
14873111;Baltevo OÜ;kehtiv;2025-10-31;;2025
14875819;Nova Assets OÜ;kehtiv;2020-08-30;;2020
14953672;OÜ Asjatundja;kehtiv;2024-08-13;;2024
16037040;Cocktail Sprout OÜ;kehtiv;2022-08-23;;2022
16297634;OÜ N&V;kehtiv;2019-07-12;;2019
16440043;Intrezo OÜ;kehtiv;2022-08-25;;2022
16472221;Jürivärava OÜ;kehtiv;2022-04-26;;2022
16477075;FE LOGISTIGS OÜ;kehtiv;2024-08-28;;2024
16605811;Alfredo OÜ;kehtiv;2023-03-09;;2023
16805616;Kifka UÜ;kehtiv;2026-01-02;;2026
16965484;M&K GROUP UÜ;kehtiv;2025-02-27;;2025
75016102;Tallinna Loomaaed;kehtiv;2014-05-30;;2014
75016102;Tallinna Loomaaed;kehtiv;2014-05-30;;2014
75016102;Tallinna Loomaaed;kehtiv;2014-05-30;;2014
90003278;Sihtasutus Virumaa Muuseumid;kehtiv;2005-04-25;;2005
90003278;Sihtasutus Virumaa Muuseumid;kehtiv;2005-05-03;;2005
90003278;Sihtasutus Virumaa Muuseumid;kehtiv;2012-10-25;;2012
90012432;Sihtasutus Haapsalu ja Läänemaa Muuseumid;kehtiv;2014-01-28;;2014
90012585;Sihtasutus Eesti Vabaõhumuuseum;kehtiv;2020-11-26;;2020
90013957;Sihtasutus Saaremaa Muuseum;kehtiv;2018-02-19;;2018
16592215;- Mazeduzzaman;kehtiv;2024-05-16;;2024
14397679;180 OÜ;kehtiv;2018-07-09;;2018
16392671;1E Market OÜ;kehtiv;2022-08-06;;2022
14813675;1JetiFoods OÜ;kehtiv;2019-11-22;;2019
14177417;22resto OÜ;kehtiv;2017-02-21;;2017
14090716;3DFoodlab OÜ;kehtiv;2017-07-25;;2017
12830534;3ST OÜ;kehtiv;2016-04-01;;2016
12000361;4 Sisters OÜ;kehtiv;2016-08-02;;2016
16594295;4Sisters Catering OÜ;kehtiv;2022-12-07;;2022
12474525;720 KRAADI OÜ;kehtiv;2013-08-23;;2013
14027876;7ürti OÜ;kehtiv;2016-05-04;;2016
14705690;818 OÜ;kehtiv;2020-06-22;;2020
16099940;9spice OÜ;kehtiv;2020-12-15;;2020
14410546;A&A Gourmet Food OÜ;kehtiv;2021-02-26;;2021
14828004;A&K Union OÜ;kehtiv;2021-05-27;;2021
16661821;A&M Toila OÜ;kehtiv;2023-04-03;;2023
11214891;A&T Prisce OÜ;kehtiv;2009-06-04;;2009
16827003;A&T SolWorks OÜ;kehtiv;2023-10-10;;2023
12627632;A.S Solutions OÜ;kehtiv;2022-04-15;;2022
14244071;A.U.S PARTNERS OÜ;kehtiv;2017-05-05;;2017
12627112;A2 GRUPP OÜ;kehtiv;2016-04-25;;2016
10661607;AARE REBBAN;kehtiv;2004-07-09;;2004
10661607;AARE REBBAN;kehtiv;2006-04-19;;2006
11378871;AB Expert OÜ;kehtiv;2012-11-13;;2012
12912195;AB MARK OÜ;kehtiv;2020-07-21;;2020
14404221;ABC RESTO OÜ;kehtiv;2018-01-29;;2018
16130710;ABCatering OÜ;kehtiv;2021-01-17;;2021
12636200;ABInva Eesti OÜ;kehtiv;2017-06-15;;2017
12463751;ABalancedSelf OÜ;kehtiv;2016-02-20;;2016
14197302;ACME Creations OÜ;kehtiv;2020-03-01;;2020
11909216;AG Service OÜ;kehtiv;2011-10-14;;2011
17243408;AGROSS TEENUSED OÜ;kehtiv;2025-09-16;;2025
11512884;AGT KÖÖGID OÜ;kehtiv;2013-01-25;;2013
14621131;AHT22 Residence OÜ;kehtiv;2019-05-24;;2019
14621148;AHT22 TWO OÜ;kehtiv;2019-05-24;;2019
10445915;AIA TALU;kehtiv;2008-02-11;;2008
12255372;AILORE OÜ;kehtiv;2012-06-26;;2012
10755640;AIMAR HANSEN;kehtiv;2005-05-13;;2005
16799703;AIME kartul OÜ;kehtiv;2024-05-14;;2024
14214839;AIR Food OÜ;kehtiv;2017-06-11;;2017
16207246;AK kebab OÜ;kehtiv;2021-06-02;;2021
14748417;AKresto24 OÜ;kehtiv;2019-08-28;;2019
12576432;AL.Truumaa Turism OÜ;kehtiv;2013-12-30;;2013
12658147;ALATI AVATUD OÜ;kehtiv;2014-06-11;;2014
11586919;ALERION Service OÜ;kehtiv;2022-05-17;;2022
10732845;ALEXEY TALASHMANOV;kehtiv;2010-04-07;;2010
14323149;ALKA Consult OÜ;kehtiv;2024-06-21;;2024
16452968;ALS OÜ;kehtiv;2025-10-22;;2025
14231861;AM Hotel OÜ;kehtiv;2017-06-27;;2017
12745567;AM Pubid OÜ;kehtiv;2015-02-03;;2015
16394188;AMD Keskus OÜ;kehtiv;2022-03-11;;2022
12076646;AMINATES OÜ;kehtiv;2018-11-01;;2018
14162574;AMISTADABALTIC OÜ;kehtiv;2018-04-20;;2018
11961027;AMU Teenused OÜ;kehtiv;2010-08-17;;2010
11961027;AMU Teenused OÜ;kehtiv;2010-12-17;;2010
11737212;ANDI INVEST OÜ;kehtiv;2013-05-03;;2013
14052153;ANSIV GRUPP Osaühing;kehtiv;2018-11-01;;2018
14272431;ANSU AIAND OÜ;kehtiv;2017-08-14;;2017
14737342;AO Food OÜ;kehtiv;2019-08-30;;2019
14706369;APL Fresh Food OÜ;kehtiv;2019-10-23;;2019
14381885;APL Restoranid Tartu OÜ;kehtiv;2019-02-15;;2019
14453283;APL Restoranid Ülemiste OÜ;kehtiv;2019-06-18;;2019
12248805;APR OÜ;kehtiv;2021-05-06;;2021
12929215;AQUA GLOBAL OÜ;kehtiv;2022-03-22;;2022
11001119;ARBAVERE PUHKEKESKUS OÜ;kehtiv;2004-05-26;;2004
12411263;ARIPO OÜ;kehtiv;2013-04-10;;2013
10091877;ARIRAN OÜ;kehtiv;2025-01-22;;2025
11254577;ARM Services OÜ;kehtiv;2007-01-29;;2007
10060285;ARMONTI TOITLUSTUSE OSAÜHING;kehtiv;2004-04-26;;2004
16685371;ARNAIR OÜ;kehtiv;2023-06-17;;2023
16565187;ARRE Investments OÜ;kehtiv;2022-09-16;;2022
12926317;ART5 Spirits OÜ;kehtiv;2015-10-07;;2015
10020297;AS Eesti Leivatööstus;kehtiv;2018-06-28;;2018
10285216;AS Hotell Stroomi;kehtiv;2005-04-05;;2005
10285216;AS Hotell Stroomi;kehtiv;2005-04-05;;2005
10953787;AS Sokotel;kehtiv;2005-03-23;;2005
10953787;AS Sokotel;kehtiv;2005-03-23;;2005
10953787;AS Sokotel;kehtiv;2005-03-23;;2005
10953787;AS Sokotel;kehtiv;2005-03-23;;2005
10953787;AS Sokotel;kehtiv;2005-03-23;;2005
10953787;AS Sokotel;kehtiv;2005-04-26;;2005
10953787;AS Sokotel;kehtiv;2006-10-26;;2006
11206785;AS Tallinn Airport GH;kehtiv;2025-10-01;;2025
11514334;AS Tallinna Kontserdimaja;kehtiv;2009-10-08;;2009
10171518;AS Terminal;kehtiv;2014-07-11;;2014
10358725;AS Wasa;kehtiv;2005-04-15;;2005
10358725;AS Wasa;kehtiv;2005-04-15;;2005
10358725;AS Wasa;kehtiv;2008-04-28;;2008
17329425;AS4FOOD OÜ;kehtiv;2025-10-08;;2025
16811806;ASA RESTO OÜ;kehtiv;2023-09-06;;2023
17254199;ASIAN TASTE OÜ;kehtiv;2025-07-16;;2025
16045938;ASIAN WOK OÜ;kehtiv;2021-04-05;;2021
12232253;ASK Intergroup OÜ;kehtiv;2025-07-10;;2025
14027273;ASPEKT GRUPP OÜ;kehtiv;2023-06-21;;2023
14470436;AT Food OÜ;kehtiv;2018-09-25;;2018
11045307;ATSI VEOD OÜ;kehtiv;2008-02-29;;2008
16220666;AURUM 21 OÜ;kehtiv;2021-09-13;;2021
11443947;AV Trading OÜ;kehtiv;2012-09-13;;2012
14541099;AZAMOM OÜ;kehtiv;2024-02-14;;2024
12502505;AZEST TRAVEL OÜ;kehtiv;2015-04-08;;2015
11134695;Aasatiim OÜ;kehtiv;2011-03-01;;2011
14793961;Aasia Restoran OÜ;kehtiv;2019-09-03;;2019
14742567;AasiaKöök OÜ;kehtiv;2019-08-16;;2019
16156537;Aasiaköök Grupp OÜ;kehtiv;2021-02-10;;2021
11259037;Aavikunurga OÜ;kehtiv;2017-07-04;;2017
12749176;Abatem OÜ;kehtiv;2023-11-17;;2023
14041155;Abcanime OÜ;kehtiv;2025-07-23;;2025
10274307;Abja Tarbijate Ühistu;kehtiv;2005-04-15;;2005
10274307;Abja Tarbijate Ühistu;kehtiv;2005-10-21;;2005
12986006;Absolutely Baltic OÜ;kehtiv;2019-09-26;;2019
14701611;Actall OÜ;kehtiv;2019-12-13;;2019
16471888;Adehade OÜ;kehtiv;2022-08-10;;2022
11433989;Adrenal OÜ;kehtiv;2016-12-11;;2016
12162892;Aedniku Pubi OÜ;kehtiv;2011-10-24;;2011
12576900;Aegna Teenused OÜ;kehtiv;2016-05-21;;2016
14910314;Aegviidu Jaamahoone OÜ;kehtiv;2020-02-13;;2020
17181661;Aegviidu Konnake OÜ;kehtiv;2026-04-17;;2026
12965561;Aerobalt Logistics OÜ;kehtiv;2018-09-03;;2018
17424496;Aftersky OÜ;kehtiv;2026-03-05;;2026
16559123;Agentpro OÜ;kehtiv;2023-06-21;;2023
11700373;Agiato OÜ;kehtiv;2009-11-17;;2009
12556085;Agrant OÜ;kehtiv;2023-08-03;;2023
16953185;AgriTrade Solutions OÜ;kehtiv;2025-09-09;;2025
12036865;Agrosol Grupp OÜ;kehtiv;2024-07-29;;2024
14983928;Ahjutegu OÜ;kehtiv;2020-06-08;;2020
14313725;Ahjuvaht OÜ;kehtiv;2018-06-25;;2018
16220531;Ahluka CO OÜ;kehtiv;2021-09-16;;2021
17377097;Ahvileib Bakery OÜ;kehtiv;2026-02-04;;2026
16735650;Aia Squer Plus OÜ;kehtiv;2023-05-13;;2023
17174098;Aiataimed OÜ;kehtiv;2025-08-08;;2025
11964014;Aida kohvik OÜ;kehtiv;2011-01-07;;2011
14400298;Aikis OÜ;kehtiv;2018-02-01;;2018
11936992;Ailor OÜ;kehtiv;2010-07-14;;2010
10499325;Ain Mango;kehtiv;2019-07-25;;2019
16934762;Ainfood OÜ;kehtiv;2024-04-04;;2024
12006568;Aire Hallap;kehtiv;2017-07-06;;2017
11922961;Airiin OÜ;kehtiv;2020-06-12;;2020
10195447;Airo Catering Services Eesti Osaühing;kehtiv;2004-11-03;;2004
10195447;Airo Catering Services Eesti Osaühing;kehtiv;2009-09-22;;2009
14438131;Airon Foods OÜ;kehtiv;2024-08-14;;2024
16377221;Airport Hotel OP OÜ;kehtiv;2022-02-17;;2022
14083828;Aitikk Invest OÜ;kehtiv;2017-06-09;;2017
17138043;Aivaravai OÜ;kehtiv;2025-06-30;;2025
10266845;Aktsiaselts AGDECK;kehtiv;2005-04-14;;2005
10266845;Aktsiaselts AGDECK;kehtiv;2005-04-14;;2005
10266845;Aktsiaselts AGDECK;kehtiv;2007-11-13;;2007
10379414;Aktsiaselts DZINGEL;kehtiv;2005-04-05;;2005
10379414;Aktsiaselts DZINGEL;kehtiv;2005-04-05;;2005
10379414;Aktsiaselts DZINGEL;kehtiv;2005-05-10;;2005
10379414;Aktsiaselts DZINGEL;kehtiv;2006-05-30;;2006
10109324;Aktsiaselts GMP Grupp;kehtiv;2009-12-02;;2009
10296289;Aktsiaselts Johan GTJ;kehtiv;2005-03-07;;2005
10296289;Aktsiaselts Johan GTJ;kehtiv;2007-10-09;;2007
10046003;Aktsiaselts Kaarma KT;kehtiv;2005-04-12;;2005
10867071;Aktsiaselts Kihnu Veeteed;kehtiv;2008-08-04;;2008
10867071;Aktsiaselts Kihnu Veeteed;kehtiv;2008-08-22;;2008
10867071;Aktsiaselts Kihnu Veeteed;kehtiv;2009-06-17;;2009
10867071;Aktsiaselts Kihnu Veeteed;kehtiv;2010-08-30;;2010
10117341;Aktsiaselts LIVIKO;kehtiv;2024-02-07;;2024
10463860;Aktsiaselts Mahtra Teeninduse;kehtiv;2005-04-18;;2005
10228767;Aktsiaselts NARVA-JÕESUU SANATOORIUM;kehtiv;2005-10-19;;2005
10228767;Aktsiaselts NARVA-JÕESUU SANATOORIUM;kehtiv;2014-04-21;;2014
10339030;Aktsiaselts Pihlaka;kehtiv;2004-05-19;;2004
10339030;Aktsiaselts Pihlaka;kehtiv;2005-08-10;;2005
10339030;Aktsiaselts Pihlaka;kehtiv;2010-09-08;;2010
10185976;Aktsiaselts Saare Kütus;kehtiv;2005-04-27;;2005
10509288;Aktsiaselts Schlössle Hotel Group;kehtiv;2005-04-14;;2005
10393101;Aktsiaselts Sorgent;kehtiv;2005-04-25;;2005
10764017;Aktsiaselts Strand;kehtiv;2004-05-04;;2004
10764017;Aktsiaselts Strand;kehtiv;2004-05-04;;2004
10764017;Aktsiaselts Strand;kehtiv;2004-05-04;;2004
10338119;Aktsiaselts TOILA SANATOORIUM;kehtiv;2005-03-30;;2005
10338119;Aktsiaselts TOILA SANATOORIUM;kehtiv;2005-03-30;;2005
10338119;Aktsiaselts TOILA SANATOORIUM;kehtiv;2005-09-19;;2005
10338071;Aktsiaselts TRANSSERVIS-N;kehtiv;2005-03-01;;2005
10002098;Aktsiaselts Taastusravikeskus Viiking;kehtiv;2004-11-24;;2004
10002098;Aktsiaselts Taastusravikeskus Viiking;kehtiv;2004-11-25;;2004
10179520;Aktsiaselts Tallink Duty Free;kehtiv;2010-08-18;;2010
10005139;Aktsiaselts Talveaed;kehtiv;2005-05-11;;2005
10348543;Aktsiaselts Tampe;kehtiv;2005-04-15;;2005
10348543;Aktsiaselts Tampe;kehtiv;2014-10-22;;2014
10198836;Aktsiaselts Totalisaator;kehtiv;2015-03-09;;2015
10035318;Aktsiaselts Tuleleek;kehtiv;2016-09-05;;2016
10445714;Aktsiaselts Vinni Spordikompleks;kehtiv;2008-11-10;;2008
10816814;Aktsiaselts White Beach Development;kehtiv;2015-04-13;;2015
12111615;Akunk OÜ;kehtiv;2011-07-08;;2011
14422294;Akvilion OÜ;kehtiv;2018-02-09;;2018
14942355;Al's Cafe Express OÜ;kehtiv;2020-04-14;;2020
17468983;AlSkoFest OÜ;kehtiv;2026-04-17;;2026
10911323;Ala - Rõuge Külalistemaja OÜ;kehtiv;2004-12-09;;2004
12071809;Alabama OÜ;kehtiv;2011-06-10;;2011
16842209;Alamarte OÜ;kehtiv;2024-10-31;;2024
12262202;Alavi Kalinka Keskus OÜ;kehtiv;2014-11-01;;2014
16616217;Alaz OÜ;kehtiv;2025-03-11;;2025
17102070;Albin Food OÜ;kehtiv;2024-11-05;;2024
11612284;Album OÜ;kehtiv;2009-04-01;;2009
12961986;Aleksandron OÜ;kehtiv;2017-06-09;;2017
11798509;Aleksei Orlov;kehtiv;2018-06-11;;2018
11494821;Alexmaja OÜ;kehtiv;2010-07-08;;2010
14932291;Alfa Holding Group OÜ;kehtiv;2020-07-22;;2020
11622383;Alfa Mind OÜ;kehtiv;2018-11-01;;2018
14014543;Aliide Lilled OÜ;kehtiv;2019-09-11;;2019
12273743;Alika Veski OÜ;kehtiv;2014-11-13;;2014
17068999;Alko EST SERB OÜ;kehtiv;2024-11-11;;2024
16309768;Alkobaar24/7 OÜ;kehtiv;2021-09-14;;2021
14973166;All Tast OÜ;kehtiv;2020-05-27;;2020
11532881;AllClean OÜ;kehtiv;2025-07-04;;2025
14985086;Allee Galerii OÜ;kehtiv;2020-07-08;;2020
12330978;Alleksi Peomaja OÜ;kehtiv;2013-09-26;;2013
11404195;Alley Cat OÜ;kehtiv;2016-06-15;;2016
12153683;Allwork OÜ;kehtiv;2011-10-18;;2011
12153683;Allwork OÜ;kehtiv;2014-04-29;;2014
16670903;Almare Food OÜ;kehtiv;2023-06-07;;2023
12103366;Almeko OÜ;kehtiv;2015-01-07;;2015
14432986;Already OÜ;kehtiv;2024-02-26;;2024
16266786;Alsedema OÜ;kehtiv;2024-06-24;;2024
12598681;Alteros Group OÜ;kehtiv;2024-01-10;;2024
14193468;Alumik Rest OÜ;kehtiv;2017-02-01;;2017
14438836;Alvitana OÜ;kehtiv;2018-05-28;;2018
14862969;Alynas Estonia OÜ;kehtiv;2020-01-29;;2020
12861670;Alzur City OÜ;kehtiv;2015-07-23;;2015
14099315;Amalia OÜ;kehtiv;2016-09-16;;2016
14126526;Amber Light OÜ;kehtiv;2017-11-09;;2017
12286651;Amber Museum OÜ;kehtiv;2012-05-24;;2012
12630203;Amedan OÜ;kehtiv;2014-07-29;;2014
12497543;Ameerika Restoran OÜ;kehtiv;2013-12-09;;2013
12075747;Amijami OÜ;kehtiv;2013-03-05;;2013
16123450;Amilegbe Olokunola OÜ;kehtiv;2021-04-19;;2021
12527712;Ammende Hotell OÜ;kehtiv;2013-09-25;;2013
14078046;Ammer Systems OÜ;kehtiv;2018-10-12;;2018
14015943;AmonaPearl OÜ;kehtiv;2016-06-05;;2016
14542822;Amps Arena OÜ;kehtiv;2018-09-17;;2018
12564245;Amrita Cafe OÜ;kehtiv;2014-06-13;;2014
10876319;Anadolu Osaühing;kehtiv;2005-03-31;;2005
16300684;Andeva Dinners OÜ;kehtiv;2023-04-06;;2023
10581937;Andi Kuivjõgi;kehtiv;2013-07-29;;2013
11150636;Andilaid OÜ;kehtiv;2005-09-09;;2005
10053948;Andrei Prii;kehtiv;2010-04-21;;2010
14857046;Andrei Šibko;kehtiv;2019-12-01;;2019
12066145;Andrus Piigli;kehtiv;2021-09-18;;2021
12507307;Anelion OÜ;kehtiv;2013-08-30;;2013
14967763;Angela Söögid OÜ;kehtiv;2020-05-19;;2020
11940108;Anger OÜ;kehtiv;2010-06-11;;2010
12521715;Anhor OÜ;kehtiv;2017-02-22;;2017
12901837;Animar Grupp OÜ;kehtiv;2016-08-29;;2016
14629279;Ankrud OÜ;kehtiv;2020-05-07;;2020
17489040;Annave OÜ;kehtiv;2026-05-11;;2026
17149315;Anneli Martson;kehtiv;2025-04-05;;2025
11669195;Anni OÜ;kehtiv;2009-07-07;;2009
17252929;AnniElli OÜ;kehtiv;2025-06-11;;2025
17213562;Annlorii OÜ;kehtiv;2025-06-11;;2025
14270588;AnoMari OÜ;kehtiv;2025-07-02;;2025
14292644;Anrecon OÜ;kehtiv;2018-02-11;;2018
12494542;Anseküla Teelistemaja OÜ;kehtiv;2013-10-15;;2013
10335279;Ants Peterson;kehtiv;2005-05-09;;2005
75010461;Antsla Valla Kultuurikeskus;kehtiv;2021-02-18;;2021
12886003;Antur Grupp OÜ;kehtiv;2016-03-18;;2016
16949605;Anu Aljaste;kehtiv;2024-08-13;;2024
14980444;Anu Ampsud OÜ;kehtiv;2020-05-29;;2020
11479313;Aovere Stopp OÜ;kehtiv;2010-03-25;;2010
12820837;Aparaadiruum OÜ;kehtiv;2015-11-03;;2015
11492911;Aparan OÜ;kehtiv;2012-12-21;;2012
16022831;Aperitivo OÜ;kehtiv;2020-08-27;;2020
14044811;Apocalypto OÜ;kehtiv;2021-10-04;;2021
12383294;Apollo Kino OÜ;kehtiv;2017-11-14;;2017
12387317;Apollo Kohvikud OÜ;kehtiv;2015-07-31;;2015
16925409;Applehoff OÜ;kehtiv;2024-03-18;;2024
14090350;Aquamarinepirita OÜ;kehtiv;2018-03-12;;2018
11236415;Aqva Hotels Osaühing;kehtiv;2008-04-22;;2008
11236415;Aqva Hotels Osaühing;kehtiv;2008-04-22;;2008
11236415;Aqva Hotels Osaühing;kehtiv;2008-04-22;;2008
14873795;Ar-Kraft OÜ;kehtiv;2020-01-08;;2020
14391369;Arabian Nights OÜ;kehtiv;2018-05-17;;2018
12022870;Ararat Grill OÜ;kehtiv;2010-12-08;;2010
11378428;Arcel Metall OÜ;kehtiv;2013-12-18;;2013
14265713;Arelin OÜ;kehtiv;2021-05-20;;2021
12390147;Aritsa OÜ;kehtiv;2013-01-18;;2013
11333756;Arkadel Invest OÜ;kehtiv;2025-06-11;;2025
10080997;Arke Lihatööstus AS;kehtiv;2005-05-13;;2005
12554152;Arkna Mahe OÜ;kehtiv;2019-02-18;;2019
14228646;Armasta OÜ;kehtiv;2021-06-03;;2021
14178150;Armatons OÜ;kehtiv;2017-12-27;;2017
16770421;Armilde OÜ;kehtiv;2025-06-19;;2025
14066876;Arosusi OÜ;kehtiv;2016-06-21;;2016
14922111;Art & Club COCO OÜ;kehtiv;2020-02-28;;2020
12753756;Art Priori OÜ;kehtiv;2015-05-15;;2015
12964884;Art Residence OÜ;kehtiv;2021-11-26;;2021
12826231;ArtMar OÜ;kehtiv;2015-06-10;;2015
11397609;Artaksi Veod OÜ;kehtiv;2007-11-23;;2007
16375481;Artsepp OÜ;kehtiv;2023-05-15;;2023
11482232;Artur Osaühing;kehtiv;2008-11-06;;2008
16883711;Asertek OÜ;kehtiv;2024-05-19;;2024
14294896;Asia Drinks D&R OÜ;kehtiv;2019-06-04;;2019
14071831;Asian Aroma OÜ;kehtiv;2026-02-16;;2026
12721472;Asian Food OÜ;kehtiv;2016-10-11;;2016
12862592;Asian Fusion OÜ;kehtiv;2016-07-04;;2016
12644010;Assorti OÜ;kehtiv;2014-05-19;;2014
16111061;Aste Pagar OÜ;kehtiv;2023-05-10;;2023
11201479;Astikom OÜ;kehtiv;2007-01-02;;2007
10463965;Astlanda Hotelli Aktsiaselts;kehtiv;2004-05-14;;2004
10463965;Astlanda Hotelli Aktsiaselts;kehtiv;2004-05-17;;2004
10463965;Astlanda Hotelli Aktsiaselts;kehtiv;2004-05-17;;2004
10463965;Astlanda Hotelli Aktsiaselts;kehtiv;2004-05-17;;2004
11602110;Astri Buffet OÜ;kehtiv;2009-04-01;;2009
11602110;Astri Buffet OÜ;kehtiv;2009-04-01;;2009
11602110;Astri Buffet OÜ;kehtiv;2009-11-05;;2009
11602110;Astri Buffet OÜ;kehtiv;2012-06-20;;2012
12295609;Astrovette OÜ;kehtiv;2019-04-04;;2019
12543450;Atelier Peter Petz OÜ;kehtiv;2023-12-12;;2023
12672354;Ateljee Cafe OÜ;kehtiv;2017-07-05;;2017
11711388;Athor Investeeringud OÜ;kehtiv;2020-04-05;;2020
16592907;Atmaja OÜ;kehtiv;2023-09-08;;2023
10402573;Auctorum OÜ;kehtiv;2017-10-02;;2017
17348687;Audiobaar OÜ;kehtiv;2025-10-26;;2025
16618386;Augustibluus OÜ;kehtiv;2024-07-24;;2024
16008081;Auna OÜ;kehtiv;2024-11-01;;2024
11212484;Aura Viis OÜ;kehtiv;2018-11-26;;2018
16211615;Aurita Cruising OÜ;kehtiv;2022-08-16;;2022
14125923;Aurobint OÜ;kehtiv;2018-11-08;;2018
16735531;Avaliktoitlustus OÜ;kehtiv;2023-07-01;;2023
16909853;Avatud Baar OÜ;kehtiv;2024-06-05;;2024
12601199;Averi OÜ;kehtiv;2026-03-12;2026-10-31;2026
14049820;Averis Holding OÜ;kehtiv;2017-03-15;;2017
14864081;Azigo Pallakoko OÜ;kehtiv;2021-07-22;;2021
16010696;BAAR BALTI JAAMAS OÜ;kehtiv;2020-07-23;;2020
16406431;BACIO OÜ;kehtiv;2022-04-29;;2022
14476338;BAGEL&LURCH OÜ;kehtiv;2025-06-10;;2025
14511980;BAGELAND OÜ;kehtiv;2020-02-07;;2020
14316592;BAHUS OÜ;kehtiv;2025-02-06;;2025
12207491;BALABANLAR Osaühing;kehtiv;2022-05-17;;2022
11680015;BARCRAFT OÜ;kehtiv;2011-05-02;;2011
16441864;BARFOODS OÜ;kehtiv;2023-05-12;;2023
16243265;BARKMAN OÜ;kehtiv;2023-12-11;;2023
14060098;BART ESTONIA OÜ;kehtiv;2016-07-19;;2016
12392057;BARTO GRUPP OÜ;kehtiv;2013-06-12;;2013
12222020;BARVA EESTI OÜ;kehtiv;2013-12-06;;2013
12179337;BBQ Entertainment OÜ;kehtiv;2016-10-04;;2016
14982159;BBQ Express OÜ;kehtiv;2020-07-14;;2020
10888475;BEATRICE MASS MODELNET OÜ;kehtiv;2023-02-27;;2023
14356545;BENCOTTO OÜ;kehtiv;2019-04-20;;2019
14942220;BEP OÜ;kehtiv;2025-04-15;;2025
16387521;BERGSON EST OÜ;kehtiv;2022-03-11;;2022
14125248;BESTHANSA OÜ;kehtiv;2018-02-13;;2018
14021661;BK6 OÜ;kehtiv;2023-07-06;;2023
12719469;BKR OÜ;kehtiv;2016-07-07;;2016
11718284;BKS technology OÜ;kehtiv;2017-06-12;;2017
17413700;BL Resto & Bar OÜ;kehtiv;2026-01-26;;2026
16931479;BLD Group OÜ;kehtiv;2024-04-23;;2024
16406589;BM&B OÜ;kehtiv;2022-04-17;;2022
14742159;BM&W OÜ;kehtiv;2019-06-26;;2019
14626973;BNKR OÜ;kehtiv;2019-02-04;;2019
16730373;BOBA OÜ;kehtiv;2025-07-08;;2025
17304610;BOHEEMLANE OÜ;kehtiv;2025-09-15;;2025
12817278;BONTA OÜ;kehtiv;2023-03-17;;2023
14344625;BREZZA WOK OÜ;kehtiv;2018-04-10;;2018
16463050;BSK Group OÜ;kehtiv;2022-05-04;;2022
14630673;BSP Group OÜ;kehtiv;2020-09-18;;2020
12138175;BUDDHA OÜ;kehtiv;2011-10-18;;2011
12372333;BUDGETSTORE OÜ;kehtiv;2021-09-01;;2021
17385317;BURGLY OÜ;kehtiv;2026-01-22;;2026
16240019;BZD OÜ;kehtiv;2024-07-03;;2024
16400598;Baaqros OÜ;kehtiv;2023-08-22;;2023
16526738;BaarUlme OÜ;kehtiv;2022-06-30;;2022
16467059;Baarcelona OÜ;kehtiv;2022-07-28;;2022
12186903;Baarikivi OÜ;kehtiv;2012-05-03;;2012
14971144;Baarikuur OÜ;kehtiv;2020-05-21;;2020
14999450;Baarimees Hanno Torgla;kehtiv;2020-07-02;;2020
14022548;Baasjaam OÜ;kehtiv;2017-04-24;;2017
16415795;Babiloona OÜ;kehtiv;2022-01-06;;2022
14413125;BackHaus Grupp OÜ;kehtiv;2022-01-10;;2022
14182677;Badaam OÜ;kehtiv;2018-04-10;;2018
16503737;Bagababo Hanglabini OÜ;kehtiv;2025-05-06;;2025
17141503;Bagus OÜ;kehtiv;2025-02-16;;2025
14545275;Baieri Restoran OÜ;kehtiv;2021-10-19;;2021
16042791;Bakersville OÜ;kehtiv;2020-09-13;;2020
12465187;Bakery N1 OÜ;kehtiv;2018-11-23;;2018
16582168;Balance OÜ;kehtiv;2022-11-16;;2022
16800530;Bali Cafe OÜ;kehtiv;2024-04-14;;2024
14231387;Bali71 OÜ;kehtiv;2017-08-03;;2017
12678084;Baltchefs OÜ;kehtiv;2014-08-12;;2014
16297930;BaltiGo OÜ;kehtiv;2021-08-26;;2021
12080955;Baltic Beach Holding OÜ;kehtiv;2011-06-10;;2011
12814044;Baltic Blue Kinnisvara OÜ;kehtiv;2018-10-21;;2018
16332610;Baltic Restaurant Services OÜ;kehtiv;2024-01-19;;2024
11391363;Baltic Restaurants Estonia AS;kehtiv;2007-09-28;;2007
11391363;Baltic Restaurants Estonia AS;kehtiv;2007-09-28;;2007
11391363;Baltic Restaurants Estonia AS;kehtiv;2007-09-28;;2007
11391363;Baltic Restaurants Estonia AS;kehtiv;2007-09-28;;2007
11391363;Baltic Restaurants Estonia AS;kehtiv;2007-09-28;;2007
11391363;Baltic Restaurants Estonia AS;kehtiv;2008-04-02;;2008
11391363;Baltic Restaurants Estonia AS;kehtiv;2009-08-13;;2009
11391363;Baltic Restaurants Estonia AS;kehtiv;2010-01-21;;2010
10891052;BalticEst OÜ;kehtiv;2023-02-09;;2023
14481724;Baltikumi Baarid OÜ;kehtiv;2018-06-14;;2018
12596328;Baltimore Ribs OÜ;kehtiv;2014-10-15;;2014
10047445;Bamba Lounge & Piljard OÜ;kehtiv;2005-04-12;;2005
10047445;Bamba Lounge & Piljard OÜ;kehtiv;2005-04-12;;2005
10047445;Bamba Lounge & Piljard OÜ;kehtiv;2005-04-14;;2005
12361252;Banaania Lugu OÜ;kehtiv;2012-12-12;;2012
16951453;Bandiidid OÜ;kehtiv;2024-04-12;;2024
14639303;Bandjo Player OÜ;kehtiv;2019-02-06;;2019
14290875;Bangladeshi restaurant TÜ;kehtiv;2017-08-01;;2017
12244776;Bankend Restaurants OÜ;kehtiv;2012-04-19;;2012
16260200;Bar-o-Van OÜ;kehtiv;2021-07-01;;2021
17163226;Bar2Go OÜ;kehtiv;2025-01-27;;2025
14061330;BarMob OÜ;kehtiv;2016-06-07;2026-07-07;2016
16982548;BarShop Barberina OÜ;kehtiv;2024-09-06;;2024
16490006;Barbara Restoran OÜ;kehtiv;2024-01-27;;2024
14492389;Barbarbar OÜ;kehtiv;2018-08-23;;2018
11530770;Barbatus Osaühing;kehtiv;2017-08-23;;2017
12926814;Barlova OÜ;kehtiv;2015-10-20;;2015
16123207;Barngkok Food OÜ;kehtiv;2021-09-17;;2021
16248357;Barrel Catering OÜ;kehtiv;2023-05-09;;2023
14820793;Basil OÜ;kehtiv;2024-11-22;;2024
11615727;Bastet OÜ;kehtiv;2016-05-10;;2016
16386993;Bdesh OÜ;kehtiv;2022-04-07;;2022
14073876;BeSmartEst OÜ;kehtiv;2023-08-20;;2023
16534883;BeanyBusiness OÜ;kehtiv;2022-07-24;;2022
14502076;Becram OÜ;kehtiv;2018-07-17;;2018
12260781;Beer Garden Pub OÜ;kehtiv;2022-03-22;;2022
16791894;Beer hub OÜ;kehtiv;2023-08-11;;2023
12529852;Beer&Drink OÜ;kehtiv;2014-01-10;;2014
16848933;BeerBarrel OÜ;kehtiv;2026-05-06;;2026
14505086;Belalis OÜ;kehtiv;2022-08-18;;2022
17336224;Belcraft OÜ;kehtiv;2026-03-21;;2026
10283921;Belgrosso OÜ;kehtiv;2015-03-01;;2015
11506866;Belitex Invest OÜ;kehtiv;2022-01-14;;2022
10820661;BellAnita OÜ;kehtiv;2006-09-28;;2006
10820661;BellAnita OÜ;kehtiv;2012-11-19;;2012
16570805;Bella ciao OÜ;kehtiv;2023-03-07;;2023
12946277;BellaForza OÜ;kehtiv;2018-07-02;;2018
12241298;BellaVia OÜ;kehtiv;2012-06-15;;2012
11520889;Bellerton Invest OÜ;kehtiv;2011-03-23;;2011
16341045;BellyGrow OÜ;kehtiv;2021-10-27;;2021
16307674;Bellyful OÜ;kehtiv;2021-11-03;;2021
16989390;Benet&Drink OÜ;kehtiv;2024-05-27;;2024
11314032;Benita Kodu AS;kehtiv;2008-03-26;;2008
12246261;Bergamo Grupp OÜ;kehtiv;2012-06-08;;2012
12509476;Berliini Trahter OÜ;kehtiv;2014-04-17;;2014
14524238;Best Beverages OÜ;kehtiv;2023-10-03;;2023
16884260;Best Catering Solutions OÜ;kehtiv;2024-10-21;;2024
14868541;Best4U Baarid OÜ;kehtiv;2020-01-01;;2020
16204650;BestFood Limited OÜ;kehtiv;2021-06-16;;2021
16081638;BestMeal OÜ;kehtiv;2020-11-20;;2020
12520225;Bethelmane Destillo OÜ;kehtiv;2023-02-26;;2023
16562237;Betrock OÜ;kehtiv;2023-10-31;;2023
14838008;Biblioteq Library of Events OÜ;kehtiv;2022-10-07;;2022
12537449;Bigstep OÜ;kehtiv;2020-08-26;;2020
14572800;Bilkins-Flowers OÜ;kehtiv;2019-07-29;;2019
17073049;Bill The Butcher Group osaühing;kehtiv;2024-11-27;;2024
16202102;Bill the Butcher OÜ;kehtiv;2024-05-13;;2024
10228069;Billimor OÜ;kehtiv;2009-10-27;;2009
16348082;Bilpham Gigging OÜ;kehtiv;2022-01-31;;2022
12975994;Bilzag OÜ;kehtiv;2016-02-17;;2016
12014349;Bioline OÜ;kehtiv;2011-07-21;;2011
11340934;Bioworld OÜ;kehtiv;2016-04-19;;2016
16881155;BirdPerson OÜ;kehtiv;2024-04-22;;2024
14145802;Birgu Invest OÜ;kehtiv;2017-06-06;;2017
14333716;BisonHouse OÜ;kehtiv;2019-12-02;;2019
12161139;Blesser OÜ;kehtiv;2011-11-29;;2011
12161139;Blesser OÜ;kehtiv;2011-12-23;;2011
12161139;Blesser OÜ;kehtiv;2013-04-18;;2013
12161139;Blesser OÜ;kehtiv;2014-03-20;;2014
16628812;BlissTray OÜ;kehtiv;2023-01-26;;2023
14408472;Blondi Bakery OÜ;kehtiv;2018-07-23;;2018
17199359;Blondu OÜ;kehtiv;2025-04-04;;2025
12459956;BlueWell International OÜ;kehtiv;2024-11-25;;2024
16586735;BluntCuts OÜ;kehtiv;2025-09-14;;2025
14832750;Boa de Oro OÜ;kehtiv;2026-03-27;;2026
11902036;Bogema Nord OÜ;kehtiv;2012-12-19;;2012
16843338;Bogi Catering OÜ;kehtiv;2024-12-10;;2024
12399131;Bognas OÜ;kehtiv;2017-06-12;;2017
14523227;Bogodako Hofuhotutu OÜ;kehtiv;2025-02-02;;2025
12147085;Boksipeatus OÜ;kehtiv;2012-03-28;;2012
11440328;Bollicine OÜ;kehtiv;2021-04-17;;2021
12615110;Bona Dea OÜ;kehtiv;2023-07-03;;2023
16089025;Bonacci OÜ;kehtiv;2021-08-16;;2021
14981125;Bontlehato Babotadiba OÜ;kehtiv;2025-03-06;;2025
14984431;Booze Mule drinks OÜ;kehtiv;2022-11-07;;2022
14494787;Borobadilepe Moakiri OÜ;kehtiv;2020-09-16;;2020
16399263;Borsch & Varenyk OÜ;kehtiv;2023-12-20;;2023
12889734;Botaanik OÜ;kehtiv;2017-11-20;;2017
16924380;Boteco OÜ;kehtiv;2024-04-12;;2024
14717492;Botik ja aed OÜ;kehtiv;2019-05-28;;2019
17448302;Bottengarn OÜ;kehtiv;2026-04-20;;2026
14190056;Bouche Grupp OÜ;kehtiv;2017-02-06;;2017
14801884;Boumalao Mondon OÜ;kehtiv;2020-03-04;;2020
12093580;Bowlex OÜ;kehtiv;2012-03-06;;2012
16237187;Brahmantik OÜ;kehtiv;2021-05-28;;2021
14537206;Bramasole OÜ;kehtiv;2019-03-12;;2019
16517314;Bramps OÜ;kehtiv;2022-06-13;;2022
11529100;Branding Kitchen OÜ;kehtiv;2018-08-07;;2018
14052791;Brands Addicted OÜ;kehtiv;2016-07-22;;2016
16326548;Brasserii OÜ;kehtiv;2023-07-15;;2023
11647408;Bratsoirum Eesti OÜ;kehtiv;2012-10-24;;2012
16158252;Bravita OÜ;kehtiv;2021-02-26;;2021
11103513;Bravo Catering OÜ;kehtiv;2009-05-25;;2009
11103513;Bravo Catering OÜ;kehtiv;2010-11-02;;2010
11103513;Bravo Catering OÜ;kehtiv;2011-08-05;;2011
11103513;Bravo Catering OÜ;kehtiv;2011-10-26;;2011
14419180;Bravogate OÜ;kehtiv;2018-05-06;;2018
16756214;Brew Corner OÜ;kehtiv;2024-09-14;;2024
16911761;Brewhouse OÜ;kehtiv;2024-04-05;;2024
16625736;Brewklyn OÜ;kehtiv;2023-05-01;;2023
11933054;Brezza Kristiine OÜ;kehtiv;2010-07-01;;2010
11933054;Brezza Kristiine OÜ;kehtiv;2010-11-10;;2010
16903626;Brice OÜ;kehtiv;2025-05-12;;2025
11242551;Brimtroimunen OÜ (kustutatud);kehtiv;2024-01-19;;2024
14547601;Brinery OÜ;kehtiv;2023-08-01;;2023
12465833;Brix Arendus OÜ;kehtiv;2018-12-01;;2018
14421188;Brunahli Bamsebo OÜ;kehtiv;2019-01-17;;2019
17091969;Budu Burger OÜ;kehtiv;2024-11-26;;2024
11447371;Buena Trade OÜ;kehtiv;2025-04-25;;2025
14225518;Buenas Kassari Restoranid OÜ;kehtiv;2017-05-17;;2017
12596707;Buffo Ehitus OÜ;kehtiv;2017-09-19;;2017
16559169;Building Bridges OÜ;kehtiv;2022-08-29;;2022
11006951;Bumbuta Jangalo OÜ;kehtiv;2004-07-14;;2004
16618481;Bunyui Henry Yusinyu;kehtiv;2025-05-17;;2025
14203586;Burger Pit OÜ;kehtiv;2017-02-19;;2017
16078719;Burkikhan Vardablur OÜ;kehtiv;2020-11-05;;2020
14209554;Buthawa Palaweni OÜ;kehtiv;2017-05-17;;2017
14837434;ByPro OÜ;kehtiv;2020-01-14;;2020
14010433;Byggercom OÜ;kehtiv;2019-09-30;;2019
10511210;Bytesoft OÜ;kehtiv;2014-07-28;;2014
12496456;Bürgermeister Restoran OÜ;kehtiv;2013-11-25;;2013
11192942;CALLAREX GRUPP OÜ;kehtiv;2010-09-01;;2010
11192942;CALLAREX GRUPP OÜ;kehtiv;2012-04-23;;2012
11192942;CALLAREX GRUPP OÜ;kehtiv;2013-04-23;;2013
11192942;CALLAREX GRUPP OÜ;kehtiv;2013-12-09;;2013
11192942;CALLAREX GRUPP OÜ;kehtiv;2014-03-21;;2014
12367697;CAMIRO OÜ;kehtiv;2012-10-31;;2012
11714731;CARNELIAN OÜ;kehtiv;2017-11-14;;2017
12817812;CDG OÜ;kehtiv;2022-06-08;;2022
14322049;CHAPLIN OÜ;kehtiv;2018-01-03;;2018
16069382;CHE OÜ;kehtiv;2021-03-04;;2021
14890227;CIP OÜ;kehtiv;2025-01-16;;2025
16386450;CK Cafe OÜ;kehtiv;2022-09-13;;2022
12477747;COCKTAIL AGENCY OÜ;kehtiv;2014-04-24;;2014
11714613;CP GROUP OÜ;kehtiv;2009-12-11;;2009
11416755;CRUDO RESTO OÜ;kehtiv;2023-04-30;;2023
14233794;Cabristo OÜ;kehtiv;2017-06-06;;2017
12379890;Cafe Amore OÜ;kehtiv;2014-04-22;;2014
12897188;Cafe Chef OÜ;kehtiv;2022-05-02;;2022
16342569;Cafe Dulcinea OÜ;kehtiv;2022-01-23;;2022
12518073;Cafe de Flore OÜ;kehtiv;2013-11-25;;2013
14120535;Caffe Carissimi OÜ;kehtiv;2018-08-24;;2018
16401385;Café Brasil OÜ;kehtiv;2022-06-01;;2022
17043060;Cairostar OÜ;kehtiv;2025-04-07;;2025
16774850;Cakirca OÜ;kehtiv;2023-10-22;;2023
10964822;Calle Estonia OÜ;kehtiv;2017-02-01;;2017
16520718;Campania Food OÜ;kehtiv;2022-11-13;;2022
12271371;Campus Events OÜ;kehtiv;2013-01-31;;2013
12368828;Canteen OÜ;kehtiv;2021-11-25;;2021
17224695;Captain Roosters OÜ;kehtiv;2025-04-21;;2025
14487900;Capto Invest OÜ;kehtiv;2025-03-15;;2025
12908199;Caramel Bakery OÜ;kehtiv;2017-05-26;;2017
11679963;Carawan Catering OÜ;kehtiv;2011-03-29;;2011
17081238;Carbridge OÜ;kehtiv;2025-03-21;;2025
16591807;Carlo’s Kitchen OÜ;kehtiv;2024-04-09;;2024
16265462;Carmenere OÜ;kehtiv;2024-03-28;;2024
14301053;Carmer OÜ;kehtiv;2018-06-26;;2018
14130137;Carneoli OÜ;kehtiv;2026-03-31;;2026
14848343;Carrynet OÜ;kehtiv;2020-11-03;;2020
14745695;Carré d'Or OÜ;kehtiv;2023-06-07;;2023
16271936;Carta Blanca OÜ;kehtiv;2021-09-15;;2021
14322256;Casa Moose OÜ;kehtiv;2018-04-06;;2018
14605416;CastVeini OÜ;kehtiv;2019-04-23;;2019
11034002;Catamaran Republic OÜ;kehtiv;2023-08-21;;2023
12872923;Cater24 OÜ;kehtiv;2020-06-30;;2020
16783240;Cateralicious OÜ;kehtiv;2026-03-25;;2026
14513005;Catering Kene OÜ;kehtiv;2018-10-10;;2018
10784899;Catering OÜ;kehtiv;2008-07-22;;2008
16122432;Catering Systems OÜ;kehtiv;2021-01-06;;2021
14360713;Catering24 OÜ;kehtiv;2018-12-18;;2018
17166437;CaucasusBar OÜ;kehtiv;2025-09-09;;2025
16676314;Ceachei OÜ;kehtiv;2023-02-16;;2023
14169487;Centennial Hospitality OÜ;kehtiv;2017-08-12;;2017
16142067;CenterFood OÜ;kehtiv;2022-08-19;;2022
12383012;Cesare Group OÜ;kehtiv;2012-12-14;;2012
14701628;Ceska B OÜ;kehtiv;2019-04-25;;2019
14495577;ChaChaPuri OÜ;kehtiv;2018-06-28;;2018
11548592;Chakra OÜ;kehtiv;2009-06-29;;2009
12093627;Chalaubani Shshumyan OÜ;kehtiv;2011-09-09;;2011
12471905;Challenge Way OÜ;kehtiv;2022-04-12;;2022
14451120;ChampChamber OÜ;kehtiv;2023-06-15;;2023
14001813;Change Room Art OÜ;kehtiv;2023-04-27;;2023
16229093;Chapo OÜ;kehtiv;2021-05-14;;2021
12560365;Cheese OÜ;kehtiv;2014-08-22;;2014
16168486;Cheese4you OÜ;kehtiv;2024-01-17;;2024
16367984;Cheeseberry OÜ;kehtiv;2021-12-04;;2021
11495476;Chef Chef OÜ;kehtiv;2008-07-28;;2008
16628798;Chefsfood Grill OÜ;kehtiv;2024-01-02;;2024
12606446;Chek-in Kiirtoit OÜ;kehtiv;2020-11-04;;2020
14872413;Cherlhun Kohjaisur OÜ;kehtiv;2020-05-04;;2020
12869134;Chillin OÜ;kehtiv;2016-08-06;;2016
14794357;Chilläx OÜ;kehtiv;2022-05-05;;2022
12851789;Chocokoo OÜ;kehtiv;2015-12-07;;2015
12536852;Chocolala OÜ;kehtiv;2015-05-18;;2015
16299876;Chooyu OÜ;kehtiv;2021-11-06;;2021
12884464;Chupadepra OÜ;kehtiv;2018-02-08;;2018
11429858;Cilli OÜ;kehtiv;2008-10-20;;2008
10948823;City Bike OÜ;kehtiv;2024-03-22;;2024
14191297;City Yard Inn OÜ;kehtiv;2017-01-31;;2017
14245952;Citybrand OÜ;kehtiv;2024-02-22;;2024
12415410;Cityrak OÜ;kehtiv;2016-06-03;;2016
14446099;Citystudio OÜ;kehtiv;2005-05-05;;2005
10705925;Citytrade OÜ;kehtiv;2010-06-22;;2010
14641435;Civitas Ehitus OÜ;kehtiv;2019-02-12;;2019
16771337;Classic Toys OÜ;kehtiv;2025-08-21;;2025
12088603;Classicimpex OÜ;kehtiv;2018-07-10;;2018
16000960;Cloud Hunters OÜ;kehtiv;2020-12-15;;2020
14282195;Cloud Vape Bar OÜ;kehtiv;2018-02-19;;2018
12317630;Cloudstorms OÜ;kehtiv;2012-08-01;;2012
12317630;Cloudstorms OÜ;kehtiv;2012-08-01;;2012
12587074;Club Factory OÜ;kehtiv;2014-04-23;;2014
10403779;Club Hollywood OÜ;kehtiv;2005-04-13;;2005
12696254;Cocktail Stars OÜ;kehtiv;2023-09-13;;2023
11110890;Coffe Caroline OÜ;kehtiv;2016-01-18;;2016
12584756;Coffissimus OÜ;kehtiv;2020-03-09;;2020
16646454;Colour Gourmet OÜ;kehtiv;2025-04-21;;2025
11475901;Colpampolo Zoilapores OÜ;kehtiv;2012-01-31;;2012
11475901;Colpampolo Zoilapores OÜ;kehtiv;2013-12-13;;2013
14726456;Comfood OÜ;kehtiv;2022-05-02;;2022
14832968;Concert Team OÜ;kehtiv;2019-10-31;;2019
11625364;Condimento OÜ;kehtiv;2009-12-10;;2009
12752308;Coniare Saffiro OÜ;kehtiv;2018-05-17;;2018
16893595;ConsGer OÜ;kehtiv;2025-07-08;;2025
12899342;Cooking Good OÜ;kehtiv;2020-05-18;;2020
17479509;Cool Events OÜ;kehtiv;2026-04-17;;2026
10051286;Coop Põlva Tarbijate Ühistu;kehtiv;2005-04-14;;2005
10051286;Coop Põlva Tarbijate Ühistu;kehtiv;2008-11-05;;2008
14958391;Copperhead Capital OÜ;kehtiv;2025-03-21;;2025
11373454;Cotze OÜ;kehtiv;2011-08-22;;2011
14854272;Coyotebar OÜ;kehtiv;2020-09-14;;2020
12622416;Creative Intervention OÜ;kehtiv;2017-09-04;;2017
14314110;Cremant OÜ;kehtiv;2018-04-05;;2018
12892432;Creperie & Pisco OÜ;kehtiv;2015-09-01;;2015
12857415;Crepi OÜ;kehtiv;2018-10-19;;2018
14645539;Crudus OÜ;kehtiv;2023-04-25;;2023
12461841;Cruise Port OÜ;kehtiv;2020-01-22;;2020
14151949;Crustum OÜ;kehtiv;2022-05-16;;2022
17303271;Cuatro Fantasticos OÜ;kehtiv;2026-01-16;;2026
16472037;Cubanelle OÜ;kehtiv;2022-08-05;;2022
11633659;Cuprum Osaühing;kehtiv;2009-06-22;;2009
12976367;Curry OÜ;kehtiv;2016-03-15;;2016
11339753;Cutinelli Spartimento OÜ;kehtiv;2018-09-17;;2018
11487608;D'Boiss Club Bespoke OÜ;kehtiv;2017-08-25;;2017
16662306;D-PizzaEE OÜ;kehtiv;2023-11-28;;2023
12616338;D.I.M. Services OÜ;kehtiv;2014-09-09;;2014
11384908;DA VINCI RESTORANID OÜ;kehtiv;2008-10-24;;2008
11384908;DA VINCI RESTORANID OÜ;kehtiv;2010-11-22;;2010
11074237;DAJANDRA OÜ;kehtiv;2005-06-13;;2005
12886813;DARK Group Invest OÜ;kehtiv;2015-10-14;;2015
14833092;DARiX OÜ;kehtiv;2020-06-30;;2020
10820158;DECOREST DISAIN OÜ;kehtiv;2013-08-15;;2013
14712661;DELIMER OÜ;kehtiv;2019-05-20;;2019
14987820;DENISS RABOTAJET OÜ;kehtiv;2021-01-21;;2021
14342974;DENVIT TRADE OÜ;kehtiv;2020-10-28;;2020
14146210;DI Partners OÜ;kehtiv;2026-04-22;;2026
11336163;DIETER HELMUT WILLI HÖLSCHER;kehtiv;2008-08-14;;2008
14936426;DII&ORKI OÜ;kehtiv;2021-03-23;;2021
10631374;DIONEVA OÜ;kehtiv;2014-07-23;;2014
16640517;DIRTCLUB OÜ;kehtiv;2023-10-04;;2023
16528878;DM OÜ;kehtiv;2022-08-04;;2022
14068616;DOSE OÜ;kehtiv;2022-03-08;;2022
16315705;DRILLIT OÜ;kehtiv;2021-10-21;;2021
17114647;DRINKAFELLA OÜ;kehtiv;2026-05-29;;2026
14357177;DSMarket OÜ;kehtiv;2024-04-29;;2024
16145500;DVE SESTRY OÜ;kehtiv;2021-01-25;;2021
17192937;DZUNGLI OÜ;kehtiv;2025-03-26;;2025
16218563;DaBro OÜ;kehtiv;2022-06-02;;2022
12936250;Daily Grind OÜ;kehtiv;2016-09-13;;2016
12498330;Daisy Rohtma;kehtiv;2022-01-31;;2022
17027003;Damelin OÜ;kehtiv;2024-07-11;;2024
14385311;DanKobi OÜ;kehtiv;2018-06-26;;2018
14495169;DanielGourmet OÜ;kehtiv;2018-09-04;;2018
16708764;Danny's OÜ;kehtiv;2023-06-12;;2023
11729750;Dasone Grupp OÜ;kehtiv;2010-01-22;;2010
12510002;Datagram OÜ;kehtiv;2024-11-25;;2024
14193712;DavidResto OÜ;kehtiv;2017-02-21;;2017
14066801;Davules OÜ;kehtiv;2016-09-06;;2016
17337028;Davydov Catering OÜ;kehtiv;2025-10-07;;2025
17232312;DeLiner Project OÜ;kehtiv;2025-06-18;;2025
16430889;DeepNorth OÜ;kehtiv;2024-10-05;;2024
14044432;Def Invest OÜ;kehtiv;2016-05-10;;2016
14835139;Deianeira OÜ;kehtiv;2021-02-13;;2021
14898298;Deilig OÜ;kehtiv;2020-02-08;;2020
12774988;Delistra OÜ;kehtiv;2015-01-21;;2015
14482652;Delizioso OÜ;kehtiv;2018-07-12;;2018
14508802;Deltaplanet OÜ;kehtiv;2019-10-30;;2019
14195326;Deluxe Partners OÜ;kehtiv;2017-04-13;;2017
12294337;Deluxe Services OÜ;kehtiv;2013-03-26;;2013
14847444;Deluxewine OÜ;kehtiv;2022-12-19;;2022
12162446;Demades OÜ;kehtiv;2020-10-23;;2020
14348284;Denkha OÜ;kehtiv;2019-05-28;;2019
11302313;Denver Ribs OÜ;kehtiv;2017-10-15;;2017
12134852;Derhamn OÜ;kehtiv;2015-07-17;;2015
12864622;Desiree OÜ;kehtiv;2016-06-13;;2016
17201205;Dharma Resort OÜ;kehtiv;2025-05-05;;2025
12718949;Diamniadio Kabaye OÜ;kehtiv;2019-01-23;;2019
16370182;Diavola OÜ;kehtiv;2023-01-17;;2023
12368219;Dicasa OÜ;kehtiv;2012-12-21;;2012
16071735;Didinvest OÜ;kehtiv;2020-11-10;;2020
14924021;DigiLike OÜ;kehtiv;2021-06-16;;2021
12178648;Digistone OÜ;kehtiv;2018-04-26;;2018
12659106;Digital Disruption OÜ;kehtiv;2015-01-08;;2015
16419405;Dimeals OÜ;kehtiv;2023-05-23;;2023
12712898;Dimitaks OÜ;kehtiv;2021-02-16;;2021
14982886;Diness OÜ;kehtiv;2020-09-18;;2020
12751622;Dissident OÜ;kehtiv;2015-06-13;;2015
12724996;Divertiment OÜ;kehtiv;2019-03-20;;2019
16831944;Do or Tai OÜ;kehtiv;2024-10-14;;2024
12229771;Doberan OÜ;kehtiv;2012-05-28;;2012
14155775;Domspiro OÜ;kehtiv;2024-07-29;;2024
16962652;Doracolorade Cabezanta OÜ;kehtiv;2024-07-28;;2024
17205663;Double Trouble OÜ;kehtiv;2025-05-05;;2025
16023210;Dream deal OÜ;kehtiv;2024-09-10;;2024
12686161;Dreamhome Design OÜ;kehtiv;2018-01-15;;2018
14575431;Driftikeskus OÜ;kehtiv;2019-07-01;;2019
12566356;Drink Pub OÜ;kehtiv;2021-05-06;;2021
16139496;Driverunner OÜ;kehtiv;2024-07-30;;2024
17373047;DunkerHouse OÜ;kehtiv;2025-11-27;;2025
17405161;DunkriFood OÜ;kehtiv;2026-01-09;;2026
10515254;Dvinjaninov osaühing;kehtiv;2008-05-16;;2008
14324189;Dziugas Eesti OÜ;kehtiv;2018-11-06;;2018
14643210;DönerFood OÜ;kehtiv;2019-05-27;;2019
14175648;Düün Beach Club OÜ;kehtiv;2019-06-18;;2019
12802963;E-Garant OÜ;kehtiv;2016-02-02;;2016
14702007;E-kinmax OÜ;kehtiv;2020-10-29;;2020
12159697;E-smoke OÜ;kehtiv;2017-08-07;;2017
10037918;E.Lage Kaubanduse Osaühing;kehtiv;2005-04-18;;2005
16420193;EDAuna OÜ;kehtiv;2022-01-19;;2022
14987627;EEJARE OÜ;kehtiv;2020-06-16;;2020
14184334;EFETO OÜ;kehtiv;2024-03-29;;2024
17406153;EGE FOOD OÜ;kehtiv;2026-05-05;;2026
10672580;EGL Arendus Osaühing;kehtiv;2007-10-31;;2007
14213745;EHE Hostel OÜ;kehtiv;2018-03-15;;2018
16139668;EHK Sööme OÜ;kehtiv;2021-03-01;;2021
17334745;EIPfood OÜ;kehtiv;2026-05-21;;2026
12678291;EIWIC OÜ;kehtiv;2017-09-28;;2017
11033497;EKOKÖÖK Osaühing;kehtiv;2005-09-16;;2005
17205841;EKT Korraldus OÜ;kehtiv;2025-03-28;;2025
12432822;EL MANTE OÜ;kehtiv;2024-06-01;;2024
14849118;ELAMUS RESTO OÜ;kehtiv;2022-12-05;;2022
16437259;ELEMBEER OÜ;kehtiv;2022-11-04;;2022
10837905;ELLENI PAGARIÄRI Osaühing;kehtiv;2007-11-08;;2007
11405007;ELRO INVESTEERINGUTE OÜ;kehtiv;2009-06-10;;2009
11926338;ELU ON KUNST OÜ;kehtiv;2010-05-11;;2010
14976503;EMARKETING OÜ;kehtiv;2022-12-18;;2022
17101886;EMMid OÜ;kehtiv;2025-01-21;;2025
14089357;EROS OÜ;kehtiv;2018-11-12;;2018
17215093;ESGC Trade OÜ;kehtiv;2025-07-24;;2025
14889224;ESTHAI FOOD OÜ;kehtiv;2020-05-14;;2020
14781722;ESTMA HPT OÜ;kehtiv;2025-07-22;;2025
12936244;ETE OÜ;esitatud;2017-02-16;;2017
12076126;EUM Events OÜ;kehtiv;2012-05-31;;2012
11376412;EUROVESKI OÜ;kehtiv;2008-11-28;;2008
16518325;EVELIA OÜ;kehtiv;2025-02-25;;2025
12463876;EVERAL ÜLEMISTE OÜ;kehtiv;2014-10-23;;2014
14189165;EVIMBI Toitlustus OÜ;kehtiv;2017-02-01;;2017
17382678;EVTIM OÜ;kehtiv;2026-05-11;;2026
12054811;EXCELLENT CLUB OÜ;kehtiv;2011-05-27;;2011
17307317;EXELERA OÜ;kehtiv;2025-09-02;;2025
11945656;EastGlory OÜ;kehtiv;2011-06-01;;2011
12699071;Eastern Outback OÜ;kehtiv;2014-08-06;;2014
14113601;Eastholm OÜ;kehtiv;2017-12-08;;2017
16519164;Easy Cook OÜ;kehtiv;2024-10-21;;2024
10975493;Ecomarine OÜ;kehtiv;2015-04-01;;2015
11898470;Economy Hotel OÜ;kehtiv;2010-05-05;;2010
11898470;Economy Hotel OÜ;kehtiv;2011-04-06;;2011
10626539;Ecopress OÜ;kehtiv;2008-03-13;;2008
10626539;Ecopress OÜ;kehtiv;2008-03-13;;2008
10531649;Eda Põlluveer;kehtiv;2005-04-13;;2005
10702335;EdelaVara Aktsiaselts;kehtiv;2009-08-13;;2009
10702335;EdelaVara Aktsiaselts;kehtiv;2009-08-13;;2009
10702335;EdelaVara Aktsiaselts;kehtiv;2009-08-13;;2009
10702335;EdelaVara Aktsiaselts;kehtiv;2009-08-13;;2009
16091306;EduSisSta OÜ;kehtiv;2021-05-14;;2021
12295816;Eesti Kohvikud OÜ;kehtiv;2012-09-05;;2012
80060370;Eesti Meremeeste Misjon;kehtiv;2005-04-08;;2005
80131176;Eesti Noore Arhitektuuri Selts;kehtiv;2025-06-25;;2025
70005536;Eesti Rahva Muuseum;kehtiv;2005-11-24;;2005
12983290;Efim OÜ;kehtiv;2016-04-21;;2016
14962330;Ege Altmart;kehtiv;2020-08-31;;2020
12095494;Egon Kaubandus OÜ;kehtiv;2011-07-29;;2011
12480494;Ehe ja Ehtne OÜ;kehtiv;2013-12-10;;2013
16731036;Ehe koduresto OÜ;kehtiv;2023-05-09;;2023
16866635;Ehitushall OÜ;kehtiv;2026-04-01;;2026
14834855;EhoSushi OÜ;kehtiv;2021-09-09;;2021
10288373;Ehtor OÜ;kehtiv;2016-07-25;;2016
80549220;Eidapere Piirkonna Külade Selts;kehtiv;2018-06-05;;2018
14231128;Eifeli Köök OÜ;kehtiv;2017-05-04;;2017
17285585;EikeFoods OÜ;kehtiv;2026-04-24;;2026
12623723;Einmann OÜ;kehtiv;2014-04-22;;2014
12056193;Eivere Manor OÜ;kehtiv;2011-04-04;;2011
14878002;Ekspeditsioon OÜ;kehtiv;2025-12-09;;2025
12962856;Ekyyz OÜ;kehtiv;2023-09-18;;2023
16442763;El Damo OÜ;kehtiv;2022-02-15;;2022
16509622;Elamuarenduse OÜ;kehtiv;2022-10-09;;2022
14515191;Elamus Invest OÜ;kehtiv;2024-01-30;;2024
16868099;Elamuste Universum OÜ;kehtiv;2023-12-20;;2023
12600811;Eldest trade Osaühing;kehtiv;2016-07-11;;2016
12209975;Electrocomp OÜ;kehtiv;2015-02-17;;2015
14297110;Elevate Entertainment OÜ;kehtiv;2018-07-23;;2018
11525007;Elisabeth OÜ;kehtiv;2011-10-11;;2011
12718659;Elita R&D OÜ;kehtiv;2014-11-02;;2014
16964332;Elite Events OÜ;kehtiv;2024-04-16;;2024
14405002;Elkfin OÜ;kehtiv;2022-01-31;;2022
10426102;Elle-Mall Koppelmaa;kehtiv;2005-06-02;;2005
14515877;Elstriine OÜ;kehtiv;2018-07-12;;2018
14857000;Elukunstnik OÜ;kehtiv;2021-04-20;;2021
12947093;Elustiil Disain OÜ;kehtiv;2022-01-29;;2022
16687080;Elutilk OÜ;kehtiv;2023-03-08;;2023
14119041;Elvake OÜ;kehtiv;2016-12-02;;2016
17146185;Elwa Entertainment Group OÜ;kehtiv;2025-07-31;;2025
14176748;Emamesilane OÜ;kehtiv;2017-04-08;;2017
12472804;Embrace OÜ;kehtiv;2015-05-20;;2015
14481902;Emilok OÜ;kehtiv;2018-08-17;;2018
10185242;Emka Ekspordi Osaühing;kehtiv;2006-04-12;;2006
14354569;Emoticon Events OÜ;kehtiv;2023-04-19;;2023
10935772;Enadipe Kemambil OÜ;kehtiv;2005-04-29;;2005
10935772;Enadipe Kemambil OÜ;kehtiv;2008-01-14;;2008
14189640;Ende OÜ;kehtiv;2019-06-19;;2019
14995908;Energyfy OÜ;kehtiv;2026-05-04;;2026
16316932;Enni kohvik OÜ;kehtiv;2021-09-29;;2021
12693221;Ephesus OÜ;kehtiv;2015-04-02;;2015
12823008;Epic Brands OÜ;kehtiv;2024-05-16;;2024
14750163;Epic Coffee Shop OÜ;kehtiv;2020-01-14;;2020
11884373;Epicure OÜ;kehtiv;2011-05-16;;2011
12925795;Erastoplei Estniks OÜ;kehtiv;2020-01-09;;2020
12316895;Erinevate Tubade Klubi OÜ;kehtiv;2022-05-11;;2022
11943609;Ersikada Invest OÜ;kehtiv;2011-01-17;;2011
12307376;Ertaken OÜ;kehtiv;2015-05-20;;2015
12829293;Esox OÜ;kehtiv;2024-03-27;;2024
80189649;Essu Selts;kehtiv;2026-05-13;;2026
16632340;EstCatering OÜ;kehtiv;2024-07-11;;2024
12616002;EstTruffe OÜ;kehtiv;2014-07-21;;2014
12064927;Estkompexim Toitlustus OÜ;kehtiv;2022-06-20;;2022
14576956;Estlux Trade OÜ;kehtiv;2026-01-16;;2026
11385090;Estmidt Grupp OÜ;kehtiv;2012-06-08;;2012
10275471;Estonia Spa Hotels AS;kehtiv;2005-04-11;;2005
10275471;Estonia Spa Hotels AS;kehtiv;2005-04-11;;2005
10275471;Estonia Spa Hotels AS;kehtiv;2005-04-11;;2005
10275471;Estonia Spa Hotels AS;kehtiv;2005-04-11;;2005
10275471;Estonia Spa Hotels AS;kehtiv;2010-06-29;;2010
14548138;Estonian Visitor Centre OÜ;kehtiv;2018-09-07;;2018
16649122;Estragna OÜ;kehtiv;2023-01-24;;2023
12283185;Etikett OÜ;kehtiv;2012-06-26;;2012
14690250;Eurecom osaühing;kehtiv;2019-06-05;;2019
14022198;Eurobuild OÜ;kehtiv;2021-08-09;;2021
10086244;Eva Boutique OÜ;kehtiv;2010-11-19;;2010
14126911;Eva sushi OÜ;kehtiv;2020-10-14;;2020
14758156;EvelynEs Teenused OÜ;kehtiv;2024-05-13;;2024
10903832;EventLab OÜ;kehtiv;2007-04-23;;2007
16127547;Eventering OÜ;kehtiv;2021-06-10;;2021
17123577;Eventra OÜ;kehtiv;2024-12-10;;2024
12158634;Everal Järve OÜ;kehtiv;2011-11-21;;2011
16770332;Everyone's OÜ;kehtiv;2025-03-21;;2025
11702254;Exelion plus OÜ;kehtiv;2021-08-07;;2021
16032775;Existential Holiday OÜ;kehtiv;2023-06-21;;2023
14495778;Exoinvest OÜ;kehtiv;2018-06-10;;2018
14073273;Exomos Resto OÜ;kehtiv;2016-08-18;;2016
11328844;Expert Trans OÜ;kehtiv;2020-12-28;;2020
11469869;Ezo OÜ;kehtiv;2016-10-10;;2016
14718037;F&B Advisory OÜ;kehtiv;2019-08-05;;2019
11978967;F-hoone OÜ;kehtiv;2010-11-29;;2010
14939927;F.Burger OÜ;kehtiv;2020-03-20;;2020
17259624;F.Resto OÜ;kehtiv;2025-08-01;;2025
16590819;FALL RESTO OÜ;kehtiv;2025-02-28;;2025
10945701;FAUTRIX OSAÜHING;kehtiv;2010-05-26;;2010
10945701;FAUTRIX OSAÜHING;kehtiv;2010-12-15;;2010
80588616;FDE MTÜ;kehtiv;2026-05-28;;2026
16613101;FELROM OÜ;kehtiv;2023-05-28;;2023
14176174;FFS Liquids OÜ;kehtiv;2017-11-02;;2017
14688632;FG Food OÜ;kehtiv;2019-05-22;;2019
10944593;FIE Eve Sinisalu;kehtiv;2007-07-02;;2007
14122008;FLAMM OÜ;kehtiv;2019-04-03;;2019
14236686;FOODFRIEND OÜ;kehtiv;2017-04-11;;2017
12674382;FOODIES OÜ;kehtiv;2022-06-02;;2022
14471602;FORLAK OÜ;kehtiv;2018-05-02;;2018
14102796;FS ESTONIA OÜ;kehtiv;2016-09-18;;2016
14697173;FS Seafood Estonia OÜ;kehtiv;2022-06-09;;2022
11747512;FTC Airy OÜ;kehtiv;2010-05-28;;2010
17192274;FUGO EXPRESS OÜ;kehtiv;2025-04-03;;2025
12351443;FUNCITUP OÜ;kehtiv;2014-06-10;;2014
16844125;FUNNY CLUB OÜ;kehtiv;2023-11-07;;2023
12665360;FVN Grupp OÜ;kehtiv;2017-06-12;;2017
14145825;FaMin OÜ;kehtiv;2023-01-13;;2023
14484131;FairFood Deli OÜ;kehtiv;2021-05-12;;2021
11697323;Falcon Japan OÜ;kehtiv;2014-08-02;;2014
16683159;Falkenstar OÜ;kehtiv;2023-04-03;;2023
17287342;Familia&co OÜ;kehtiv;2025-11-14;;2025
17295749;Fare Food OÜ;kehtiv;2025-08-12;;2025
12484084;Fashion OÜ;kehtiv;2013-06-27;;2013
11904058;Fast Food Grupp OÜ;kehtiv;2010-06-02;;2010
16419882;Fasters Eesti OÜ;kehtiv;2024-02-01;;2024
12138399;Fat Emperor OÜ;kehtiv;2014-11-18;;2014
14513447;Fata Morgana OÜ;kehtiv;2021-05-10;;2021
12739549;Fatum OÜ;kehtiv;2015-02-02;;2015
12856574;Favoriit Köök OÜ;kehtiv;2016-05-20;;2016
16799554;Fazulianov OÜ;kehtiv;2024-01-18;;2024
10006067;Fee Catering OÜ;kehtiv;2005-04-15;;2005
10006067;Fee Catering OÜ;kehtiv;2005-04-15;;2005
14867796;FeedMe OÜ;kehtiv;2021-12-01;;2021
16098412;Feelingfood OÜ;kehtiv;2021-04-26;;2021
16757580;Fenix Management OÜ;kehtiv;2025-08-10;;2025
14657074;Fervent Catering OÜ;kehtiv;2019-02-28;;2019
12671136;Festival Catering OÜ;kehtiv;2021-04-07;;2021
14353417;FestivaliMaja OÜ;kehtiv;2022-09-29;;2022
16172370;Festonia OÜ;kehtiv;2021-04-24;;2021
12626704;Feudi Wine Bar OÜ;kehtiv;2014-06-06;;2014
14839806;Fiesta La Sala OÜ;kehtiv;2021-06-16;;2021
17068982;Fieston OÜ;kehtiv;2025-10-15;;2025
11419624;Fine, Wood and Company OÜ;kehtiv;2021-06-03;;2021
10410673;Finest Rannahotell OÜ;kehtiv;2013-03-27;;2013
14820882;Finestway Estonia OÜ;kehtiv;2020-07-04;;2020
14213403;Finlandia Seafood OÜ;kehtiv;2017-05-29;;2017
14658526;Finn McCools OÜ;kehtiv;2019-04-15;;2019
16470268;Fire Dog OÜ;kehtiv;2023-01-21;;2023
17343827;Fire&Meat OÜ;kehtiv;2026-04-29;;2026
14183441;FirstAid Invest OÜ;kehtiv;2018-09-21;;2018
14215589;FitFocus OÜ;kehtiv;2017-05-03;;2017
14564901;Fitzpatrickgallery OÜ;kehtiv;2024-05-06;;2024
14913891;FixFood Group OÜ;kehtiv;2020-06-17;;2020
12223277;Flats OÜ;kehtiv;2018-05-01;;2018
16967336;Fluxaris Studio OÜ;kehtiv;2024-05-08;;2024
16045588;Flying Painter OÜ;kehtiv;2020-10-30;;2020
17044941;Flyingstar OÜ;kehtiv;2026-04-30;;2026
16547657;Foie Gras OÜ;kehtiv;2022-10-03;;2022
14283964;Food Trade OÜ;kehtiv;2024-02-07;;2024
12960455;Food in food OÜ;kehtiv;2017-03-31;;2017
14823389;FoodMasterita OÜ;kehtiv;2020-08-13;;2020
17509009;FoodRealm OÜ;kehtiv;2026-05-22;;2026
16923505;FoodRoom Kompanii OÜ;kehtiv;2024-03-04;;2024
14385067;FoodSons OÜ;kehtiv;2018-06-22;;2018
14545855;Foodgasm OÜ;kehtiv;2018-09-12;;2018
14573797;Foodie Family OÜ;kehtiv;2019-08-02;;2019
14597444;Foodie Restoran OÜ;kehtiv;2019-05-16;;2019
14737000;FoodieHouse OÜ;kehtiv;2019-06-13;;2019
11604876;Foodline Group OÜ;kehtiv;2012-09-18;;2012
14683853;Foodstars OÜ;kehtiv;2019-10-22;;2019
14233959;Foodwise OÜ;kehtiv;2018-11-14;;2018
16180228;Foonika OÜ;kehtiv;2021-04-29;;2021
17176571;Foonika Studios OÜ;kehtiv;2026-05-21;;2026
10032703;Foor Jõhvi OÜ;kehtiv;2006-04-05;;2006
12934564;Forest Road OÜ;kehtiv;2021-09-07;;2021
16074302;Forovest OÜ;kehtiv;2020-11-21;;2020
11396722;Fort Aero OÜ;kehtiv;2016-03-21;;2016
16158750;Forteist OÜ;kehtiv;2025-10-08;;2025
10193098;Forum Cinemas OÜ;kehtiv;2005-03-15;;2005
10193098;Forum Cinemas OÜ;kehtiv;2005-03-15;;2005
10193098;Forum Cinemas OÜ;kehtiv;2011-03-31;;2011
10193098;Forum Cinemas OÜ;kehtiv;2012-09-13;;2012
16183118;Fournil OÜ;kehtiv;2022-07-22;;2022
10761823;FractionalMuuv OÜ;kehtiv;2015-06-01;;2015
16689535;Fragola OÜ;kehtiv;2023-08-30;;2023
14242209;Franz Catering OÜ;kehtiv;2017-05-31;;2017
11765622;FreeLevel OÜ;kehtiv;2017-08-07;;2017
11608087;Freespeed OÜ;kehtiv;2009-04-15;;2009
16107332;Freinholdi Maja OÜ;kehtiv;2024-07-24;;2024
12612702;Frenchy OÜ;kehtiv;2014-11-24;;2014
12196089;Frent OÜ;kehtiv;2025-07-07;;2025
11902007;Fresco Partners OÜ;kehtiv;2011-01-28;;2011
11902007;Fresco Partners OÜ;kehtiv;2013-06-10;;2013
11902007;Fresco Partners OÜ;kehtiv;2014-04-14;;2014
14006911;Fresh Kohvik OÜ;kehtiv;2016-04-22;;2016
16904241;Frestland Holding OÜ;kehtiv;2024-09-23;;2024
16387656;Freya Viru OÜ;kehtiv;2022-12-02;;2022
17088341;Froyo OÜ;kehtiv;2026-03-16;;2026
12648462;Fruits Paradise OÜ;kehtiv;2016-11-23;;2016
12986880;Fukuoka Style OÜ;kehtiv;2016-02-05;;2016
10406499;Fun Dining OÜ;kehtiv;2011-02-25;;2011
14560843;Fun Dining OÜ;kehtiv;2022-12-02;;2022
16659037;FunGolf OÜ;kehtiv;2023-07-24;;2023
14664376;Fööniks Projektid OÜ;kehtiv;2019-03-12;;2019
17120642;G Almora OÜ;kehtiv;2024-11-28;;2024
14670496;G-Sushi OÜ;kehtiv;2020-06-07;;2020
11129725;G.L.A. AGENTUUR OÜ;kehtiv;2014-10-22;;2014
16827658;GA FOODS OÜ;kehtiv;2024-08-29;;2024
14579498;GAN BEI Estonia OÜ;kehtiv;2018-12-18;;2018
17473582;GARAGE FOOD OÜ;kehtiv;2026-04-30;;2026
11698587;GERTRUDENHOF OÜ;kehtiv;2023-12-07;;2023
12505604;GLAK OÜ;kehtiv;2013-08-12;;2013
12505604;GLAK OÜ;kehtiv;2013-08-12;;2013
12505604;GLAK OÜ;kehtiv;2013-08-12;;2013
12505604;GLAK OÜ;kehtiv;2013-08-12;;2013
12505604;GLAK OÜ;kehtiv;2013-08-15;;2013
12505604;GLAK OÜ;kehtiv;2014-08-12;;2014
14138104;GLEE TEENUSED OÜ;kehtiv;2016-11-14;;2016
12709927;GLOBAL BALTIC OÜ;kehtiv;2014-12-11;;2014
10684689;GLOGRIN OÜ;kehtiv;2014-07-31;;2014
12320661;GO TREND OÜ;kehtiv;2016-04-04;;2016
11890178;GOL PLUS UÜ;kehtiv;2010-06-16;;2010
16421844;GR Catering OÜ;kehtiv;2022-05-12;;2022
16534382;GR EVENTS OÜ;kehtiv;2022-08-30;;2022
14349628;GRA Legal OÜ;kehtiv;2022-04-05;;2022
12459502;GS SERVICE OÜ;kehtiv;2016-02-02;;2016
14414018;GSresto Teenused OÜ;kehtiv;2019-10-30;;2019
12644441;GTA Grupp OÜ;kehtiv;2014-05-20;;2014
14261483;GUPEIA OÜ;kehtiv;2021-05-14;;2021
12771903;GVP INVEST ESTONIA OÜ;kehtiv;2024-11-13;;2024
14607591;Gaiani OÜ;kehtiv;2018-12-12;;2018
12530660;Gallery Gourmet OÜ;kehtiv;2018-02-22;;2018
16216280;Gallerycafe OÜ;kehtiv;2025-04-07;;2025
16994103;Gambelgimbi Gidamendamb OÜ;kehtiv;2024-08-15;;2024
16089976;Gardek OÜ;kehtiv;2022-01-20;;2022
14666352;Gardener Aiakaubad OÜ;kehtiv;2019-05-28;;2019
14246756;Gardest OÜ;kehtiv;2018-04-16;;2018
12259016;Garganega OÜ;kehtiv;2013-04-18;;2013
12380344;Garlic&Ivanoff OÜ;kehtiv;2016-12-03;;2016
10715094;Garnet Grupp OÜ;kehtiv;2024-01-11;;2024
11694773;Gastro OÜ;kehtiv;2010-04-21;;2010
11694773;Gastro OÜ;kehtiv;2013-06-10;;2013
12520124;Gastro Talu OÜ;kehtiv;2014-07-16;;2014
14387391;Gastrocube OÜ;kehtiv;2018-02-08;;2018
10927011;Gastroll OÜ;kehtiv;2019-07-24;;2019
14519757;Gastronaut Group OÜ;kehtiv;2024-05-20;;2024
16383026;Gaufres belges OÜ;kehtiv;2025-07-31;;2025
12980340;Gelato Ladies OÜ;kehtiv;2016-05-30;;2016
12208243;Geleador OÜ;kehtiv;2012-08-28;;2012
14353707;Geohost OÜ;kehtiv;2021-12-09;;2021
14558007;Georg Grupp OÜ;kehtiv;2023-11-27;;2023
12537840;Georgi Hotell OÜ;kehtiv;2015-11-12;;2015
12803661;Georgian Kitchen ''Gruusia'' OÜ;kehtiv;2015-07-17;;2015
12276753;Gerat Lammutus OÜ;kehtiv;2013-04-19;;2013
16438098;Gerda Catering OÜ;kehtiv;2022-06-10;;2022
80630650;Geri & Freki MCC Pärnu MTÜ;kehtiv;2026-03-16;;2026
12009354;Gerox OÜ;kehtiv;2013-12-20;;2013
14466239;Getherstone Invest OÜ;kehtiv;2019-08-13;;2019
14061726;Gibson OÜ;kehtiv;2016-08-22;;2016
16188780;Ginkuller OÜ;kehtiv;2021-09-03;;2021
16092719;Ginzburg OÜ;kehtiv;2025-05-05;;2025
14080592;Givent OÜ;kehtiv;2022-06-09;;2022
10394715;Glabor OÜ;kehtiv;2005-07-12;;2005
16154886;Global Merchandise Direct OÜ;kehtiv;2021-06-03;;2021
16307597;Globeflex OÜ;kehtiv;2025-03-17;;2025
12698483;Glooren OÜ;kehtiv;2015-07-29;;2015
10190119;Gloria Lunch & Dinner Catering OÜ;kehtiv;2011-03-15;;2011
10046227;Gloria OÜ;kehtiv;2004-06-15;;2004
16588337;Glory Hole OÜ;kehtiv;2022-10-07;;2022
12767379;GoGarant OÜ;kehtiv;2015-10-05;;2015
16119418;GoTerminal OÜ;kehtiv;2021-04-30;;2021
11177888;GoTrade OÜ;kehtiv;2018-10-25;;2018
12476535;Gold Grupp OÜ;kehtiv;2014-06-27;;2014
12438428;Goldcat OÜ;kehtiv;2014-08-29;;2014
17501640;Golden Break OÜ;kehtiv;2026-05-29;;2026
17495247;Goldestate OÜ;kehtiv;2026-05-13;;2026
11679584;Goldfish OÜ;kehtiv;2020-07-27;;2020
16049422;Golfistuudio OÜ;kehtiv;2020-10-23;;2020
12472905;Good Mood Food OÜ;kehtiv;2017-06-30;;2017
14776804;Goodwell OÜ;kehtiv;2019-10-03;;2019
12071318;Goodwin SH OÜ;kehtiv;2011-05-13;;2011
14205025;Goppeng Rambutan OÜ;kehtiv;2018-07-19;;2018
14910881;Gorgeous Wine OÜ;kehtiv;2023-02-02;;2023
11900178;Gotsu OÜ;kehtiv;2011-11-01;;2011
14886734;Gourmet Coffee Kadriorg OÜ;kehtiv;2020-01-31;;2020
12722810;Gourmet Projects OÜ;kehtiv;2022-01-02;;2022
12908934;GourmetKings OÜ;kehtiv;2020-01-14;;2020
12923448;Grandezza OÜ;kehtiv;2017-05-16;;2017
16079854;Graverson Gourmet OÜ;kehtiv;2021-05-03;;2021
17433683;Gravitas Hospitality OÜ;kehtiv;2026-05-07;;2026
14247661;Graytone OÜ;kehtiv;2017-08-25;;2017
12236021;Green Bay Ribs OÜ;kehtiv;2012-05-15;;2012
14238610;Green Lighthouse OÜ;kehtiv;2017-05-22;;2017
14976880;GreenFairy OÜ;kehtiv;2023-06-01;;2023
12759339;Greenfoods OÜ;kehtiv;2016-12-12;;2016
12542077;Greenhood OÜ;kehtiv;2022-08-22;;2022
11141057;Gregmart OÜ;kehtiv;2007-04-19;;2007
14988475;Gremanee kohvik OÜ;kehtiv;2022-10-13;;2022
14856689;Grenaldin Group OÜ;kehtiv;2020-02-27;;2020
12742913;Grenka OÜ;kehtiv;2015-04-29;;2015
16236986;Grill Baar OÜ;kehtiv;2021-06-18;;2021
16773253;Grill Catering OÜ;kehtiv;2024-01-22;;2024
14668457;Grill King OÜ;kehtiv;2019-11-18;;2019
14340202;Grill Resto OÜ;kehtiv;2020-05-26;;2020
16459663;Grillberg OÜ;kehtiv;2022-05-15;;2022
12514276;Grillers OÜ;kehtiv;2014-06-06;;2014
14716297;Grillimassin OÜ;kehtiv;2019-06-13;;2019
10947054;Grillman OÜ;kehtiv;2005-03-23;;2005
14681009;Grilltastic OÜ;kehtiv;2019-06-07;;2019
17225358;GroMur toit OÜ;kehtiv;2025-05-16;;2025
11890971;Grotta OÜ;kehtiv;2017-03-08;;2017
17483557;Gruusia maja OÜ;kehtiv;2026-05-06;;2026
16717591;Guerebape Danedesa OÜ;kehtiv;2023-05-09;;2023
16307947;Gurkha OÜ;kehtiv;2021-09-14;;2021
12788275;Gurmee Sushi OÜ;kehtiv;2015-03-04;;2015
11202149;Gustav Cafe OÜ;kehtiv;2006-04-13;;2006
12539738;Gustav Kohvikud OÜ;kehtiv;2013-11-28;;2013
12014237;Gyllene OÜ;kehtiv;2011-03-21;;2011
12014237;Gyllene OÜ;kehtiv;2013-10-03;;2013
16826892;GÖTI ENTERTAINMENT OÜ;kehtiv;2023-11-01;;2023
16299768;HABIB OÜ;kehtiv;2023-02-14;;2023
10651454;HAIMRE-GROUP OSAÜHING;kehtiv;2018-06-29;;2018
11594965;HALDJAS CATERING osaühing;kehtiv;2011-06-27;;2011
10722527;HANSAFOND GRUPP OÜ;kehtiv;2005-04-29;;2005
14530546;HANSMAN GRUPP OÜ;kehtiv;2018-09-01;;2018
12775321;HANZA SSC Tartu OÜ;kehtiv;2015-02-19;;2015
14476203;HAPSAL BLOOM OÜ;kehtiv;2019-05-08;;2019
12869813;HAVEEDIA OÜ;kehtiv;2015-12-11;;2015
14718863;HC Gastronomy OÜ;kehtiv;2019-07-26;;2019
11257570;HD Trade Group OÜ;kehtiv;2012-07-19;;2012
12290581;HEA ISU OÜ;kehtiv;2017-05-04;;2017
16961629;HERETO OÜ;kehtiv;2024-04-10;;2024
16692336;HLN Projekt OÜ;kehtiv;2024-06-05;;2024
16747296;HLTRMA OÜ;kehtiv;2023-06-20;;2023
16027283;HMP Hotellid OÜ;kehtiv;2020-09-01;;2020
14372449;HODOBEAUTY OÜ;kehtiv;2017-12-14;;2017
12896065;HOLLENGAR OÜ;kehtiv;2015-11-20;;2015
14726640;HOTELL VAKSAL OÜ;kehtiv;2020-07-08;;2020
17008738;HOTSAUCE OÜ;kehtiv;2024-11-04;;2024
14979269;HRE4 Holding OÜ;kehtiv;2021-05-01;;2021
12619762;HTM Karolin OÜ;kehtiv;2023-01-19;;2023
14109048;HYTT OÜ;kehtiv;2016-10-31;;2016
16714641;Haap Kinnisvara OÜ;kehtiv;2023-04-21;;2023
75012860;Haapsalu Kultuurikeskus;kehtiv;2010-01-28;;2010
75012860;Haapsalu Kultuurikeskus;kehtiv;2012-04-03;;2012
14119354;Haapsalu Old Town Apartments OÜ;kehtiv;2017-05-06;;2017
12484316;Haapsalu Raamat OÜ;kehtiv;2017-05-18;;2017
16512771;Haapsalu kohvik OÜ;kehtiv;2022-06-06;;2022
16924373;Habib Food OÜ;kehtiv;2024-05-10;;2024
75011406;Haiba Rahvamaja;kehtiv;2008-08-14;;2008
17030991;Halinga Kohvik OÜ;kehtiv;2024-08-27;;2024
11159488;Halinga Restoran OÜ;kehtiv;2011-04-15;;2011
16956479;Hamps veermikul OÜ;kehtiv;2024-04-08;;2024
12664478;Hanase OÜ;kehtiv;2018-05-02;;2018
12123200;Hansa Brewers Residence OÜ;kehtiv;2011-11-14;;2011
16157123;Hansaclean OÜ;kehtiv;2021-12-17;;2021
14964256;Hansahoov OÜ;kehtiv;2024-04-23;;2024
10914801;Hansahotell - Tartu OÜ;kehtiv;2009-01-28;;2009
12102645;Hanseatic Loodusturism OÜ;kehtiv;2017-06-27;;2017
12593896;Happy Cigars OÜ;kehtiv;2021-01-22;;2021
16275029;Hapsal Wein OÜ;kehtiv;2024-05-14;;2024
14438906;Hara Holding OÜ;kehtiv;2025-06-30;;2025
14221182;Hara sadam OÜ;kehtiv;2022-04-17;;2022
17253389;Harasape Masmapli OÜ;kehtiv;2025-08-12;;2025
11048027;Harda Vara OÜ;kehtiv;2004-09-10;;2004
12923371;Hardmoney Invest OÜ;kehtiv;2022-01-05;;2022
17081646;Hardtekno OÜ;kehtiv;2024-10-31;;2024
12180651;Hariduskeskus Sapfira OÜ;kehtiv;2015-01-27;;2015
12837565;Harmaster Grupp OÜ;kehtiv;2021-11-24;;2021
16248653;Harmoonia Catering OÜ;kehtiv;2021-07-24;;2021
12123831;Harriin OÜ;kehtiv;2011-07-15;;2011
10867546;Harry Heinami Jaani talu;kehtiv;2014-09-10;;2014
17236244;HasGa OÜ;kehtiv;2025-07-04;;2025
16750068;Hauka Kohvik OÜ;kehtiv;2023-08-10;;2023
16173889;Hawaii bowl OÜ;kehtiv;2022-05-13;;2022
14225116;Hea Koht OÜ;kehtiv;2017-10-31;;2017
12810419;Hea Maa OÜ;kehtiv;2015-06-01;;2015
12913510;Hea Õhtu OÜ;kehtiv;2015-10-12;;2015
14652290;Hea Öö OÜ;kehtiv;2019-02-20;;2019
14596700;Healthy Sweets OÜ;kehtiv;2022-07-01;;2022
12974428;Heamaitse OÜ;kehtiv;2016-07-04;;2016
12296141;Heaven Osaühing;kehtiv;2022-09-08;;2022
14445585;Hektor Design Hostels Tallinn OÜ;kehtiv;2020-01-30;;2020
16149885;HelMar OÜ;kehtiv;2023-05-29;;2023
12845079;Helanel OÜ;kehtiv;2015-05-08;;2015
12377603;Helgi Käer;kehtiv;2013-01-07;;2013
12800527;Heli catering OÜ;kehtiv;2015-02-18;;2015
12000784;Helika Äri Osaühing;kehtiv;2010-11-30;;2010
14807195;Helitehas OÜ;kehtiv;2019-10-14;;2019
11334000;Helitos Trade OÜ;kehtiv;2008-02-27;;2008
10413464;Helle Juhkentaal;kehtiv;2005-04-15;;2005
16199400;Hendrik & Sons OÜ;kehtiv;2021-07-12;;2021
11228019;Hendrik Hansen Skulptuuristuudio OÜ;kehtiv;2009-05-26;;2009
16526554;Hendrixon OÜ;kehtiv;2024-06-28;;2024
16300052;Heralds OÜ;kehtiv;2024-04-24;;2024
12818125;Herman OÜ;kehtiv;2015-04-24;;2015
10088409;Herne Kaupluse Osaühing;kehtiv;2010-02-08;;2010
14323273;Hets Toidutuba OÜ;kehtiv;2019-10-15;;2019
16949232;Hevilihas OÜ;kehtiv;2025-10-09;;2025
14339699;High Trading OÜ;kehtiv;2019-03-15;;2019
16183184;Hiidlaine OÜ;kehtiv;2021-05-07;;2021
16998704;Hiina Kulp OÜ;kehtiv;2025-06-25;;2025
14673441;Hiina Pada OÜ;kehtiv;2019-05-20;;2019
14488146;Hiina Pott OÜ;kehtiv;2019-05-20;;2019
12238267;Hiina Tervisekeskus OÜ;kehtiv;2017-10-07;;2017
17298328;Hiiu Käbi OÜ;kehtiv;2025-09-09;;2025
14423023;Hiiu Pizza OÜ;kehtiv;2018-07-25;;2018
16065214;Hiiu Roheline OÜ;kehtiv;2021-07-30;;2021
16988213;Hiiumaa Ibiza OÜ;kehtiv;2024-05-28;;2024
11393445;Hiiumaa Rannapaargu OÜ;kehtiv;2007-06-20;;2007
16075804;Hiiumaale puhkama OÜ;kehtiv;2022-09-02;;2022
14493578;Hiiunorbel OÜ;kehtiv;2018-05-24;;2018
17236008;HiiuŠnäks OÜ;kehtiv;2025-06-01;2027-09-30;2025
16761250;Hikaru OÜ;kehtiv;2023-10-20;;2023
14239167;Hill Hill Holding OÜ;kehtiv;2017-12-13;;2017
10085799;Hillar Kelti Tamme äri;kehtiv;2005-04-14;;2005
17306499;Himgiri OÜ;kehtiv;2025-10-29;;2025
14248028;Hindreku Turismitalu OÜ;kehtiv;2017-08-10;;2017
14501131;Hipster Catering OÜ;kehtiv;2018-06-18;;2018
14374738;Hispatime OÜ;kehtiv;2018-02-27;;2018
14212355;Hizla Kamrangirchar OÜ;kehtiv;2017-10-11;;2017
14903711;Hoba OÜ;kehtiv;2023-07-11;;2023
12592299;Hobutots OÜ;kehtiv;2014-04-09;;2014
14256447;Hoiuruum OÜ;kehtiv;2024-11-28;;2024
16463104;Hola Siesta OÜ;kehtiv;2026-05-27;;2026
10705380;Holland-Motors OÜ;kehtiv;2015-01-07;;2015
11975503;Holmjet OÜ;kehtiv;2011-03-01;;2011
12583805;Home Catering OÜ;kehtiv;2015-08-05;;2015
14973019;Homekitchen OÜ;kehtiv;2020-05-27;;2020
17286087;Honest Restaurant OÜ;kehtiv;2026-01-07;;2026
11709196;Honwick OÜ;kehtiv;2011-05-20;;2011
16706127;Hood OÜ;kehtiv;2023-05-02;;2023
14257820;Hookah Lounge OÜ;kehtiv;2017-05-16;;2017
16580577;Hooligaan BT&C OÜ;kehtiv;2022-11-25;;2022
16364276;Hopsbar OÜ;kehtiv;2023-01-06;;2023
12098820;Horveitex osaühing;kehtiv;2013-06-27;;2013
17057352;Hotel Group BaltInn OÜ;kehtiv;2024-10-06;;2024
12538897;Hotell Antonius OÜ;kehtiv;2013-12-04;;2013
10041810;Hotell Olümpia OÜ;kehtiv;2005-05-25;;2005
10041810;Hotell Olümpia OÜ;kehtiv;2005-05-25;;2005
10041810;Hotell Olümpia OÜ;kehtiv;2005-05-25;;2005
10041810;Hotell Olümpia OÜ;kehtiv;2005-05-25;;2005
10041810;Hotell Olümpia OÜ;kehtiv;2005-05-25;;2005
10041810;Hotell Olümpia OÜ;kehtiv;2005-05-25;;2005
10041810;Hotell Olümpia OÜ;kehtiv;2005-05-25;;2005
10041810;Hotell Olümpia OÜ;kehtiv;2005-05-25;;2005
10041810;Hotell Olümpia OÜ;kehtiv;2005-05-25;;2005
10098951;Hotell Tähetorni OÜ;kehtiv;2004-09-02;;2004
12956927;Hotell Wesset OÜ;kehtiv;2015-12-23;;2015
14847898;Hoton OÜ;kehtiv;2019-11-18;;2019
14131929;HousePartner OÜ;kehtiv;2017-04-17;;2017
17238740;Hubala OÜ;kehtiv;2025-07-25;;2025
14474196;Hugo's Project Management OÜ;kehtiv;2018-06-15;;2018
12871438;Huks Trading OÜ;kehtiv;2020-03-23;;2020
14725391;Hulda OÜ;kehtiv;2020-01-27;;2020
16068885;Humalapesa OÜ;kehtiv;2021-04-12;;2021
14490025;Hungpung Mapum OÜ;kehtiv;2018-05-16;;2018
11875828;Huntfood OÜ;kehtiv;2012-03-06;;2012
11875828;Huntfood OÜ;kehtiv;2012-07-04;;2012
11875828;Huntfood OÜ;kehtiv;2014-03-20;;2014
11657973;Hunting Grupp OÜ;kehtiv;2014-10-15;;2014
10826221;Härma Ehitus OÜ;kehtiv;2004-12-27;;2004
16163098;Hääd mehed OÜ;kehtiv;2021-05-06;;2021
14197354;Hõbe Taldrik OÜ;kehtiv;2017-05-08;;2017
16740199;I Land Sound Festival OÜ;kehtiv;2024-06-14;;2024
80416743;I Land Sound MTÜ;kehtiv;2017-06-14;;2017
12983338;I TRAINE SERVICE OÜ;kehtiv;2020-02-16;;2020
14366472;IBI RESTO OÜ;kehtiv;2017-11-10;;2017
11555669;IBIZA OÜ;kehtiv;2009-06-25;;2009
11874630;IGILIIKUR OÜ;kehtiv;2014-04-24;;2014
16221341;IK Solutions OÜ;kehtiv;2024-05-31;;2024
10677778;ILL & RO OÜ;kehtiv;2006-08-08;;2006
11631577;IMISNO OÜ;kehtiv;2010-05-20;;2010
14092106;INDIA TOIT OÜ;kehtiv;2017-01-19;;2017
12723643;INTTI OÜ;kehtiv;2014-10-13;;2014
16033237;IRNEH OÜ;kehtiv;2021-02-09;;2021
16773129;IROLI OÜ;kehtiv;2023-08-18;;2023
11361847;ITALBALTICA OÜ;kehtiv;2015-10-08;;2015
12518966;ITALIA PROMOTIONS OÜ;kehtiv;2022-07-15;;2022
12592684;IVMALA Grupp OÜ;kehtiv;2014-02-18;;2014
11947145;IXF OÜ;kehtiv;2016-10-01;;2016
14423833;Iberic tapas OÜ;kehtiv;2023-06-02;;2023
12171385;Ibrahim OÜ;kehtiv;2012-05-17;;2012
12260373;IceBox OÜ;kehtiv;2015-11-18;;2015
11495080;Ida-India Kompanii OÜ;kehtiv;2008-07-09;;2008
11717304;Ideal Markets OÜ;kehtiv;2011-05-10;;2011
11949701;Ideboeinsukv OÜ;kehtiv;2011-08-25;;2011
14690014;Ideraator OÜ;kehtiv;2020-07-06;;2020
12815061;Ifoods OÜ;kehtiv;2018-05-02;;2018
16476762;Iglooo OÜ;kehtiv;2025-01-12;;2025
16002076;Iglupark OÜ;kehtiv;2021-12-17;;2021
12367257;Iisaku toiduklubi OÜ;kehtiv;2014-12-11;;2014
12944982;Ildirim OÜ;kehtiv;2015-12-21;;2015
11089960;Ilus Ella OÜ;kehtiv;2013-06-06;;2013
14619424;Ilvestments OÜ;kehtiv;2021-05-26;;2021
14255138;Imelihtne OÜ;kehtiv;2017-09-05;;2017
17220697;Imeväel OÜ;kehtiv;2026-05-28;;2026
14422992;Imona OÜ;kehtiv;2018-04-10;;2018
14262548;ImperialAilavi OÜ;kehtiv;2017-12-06;;2017
10863512;Impuls EE OÜ;kehtiv;2008-08-15;;2008
12940406;Inabere Tokunboh OÜ;kehtiv;2016-02-06;;2016
14221519;Indi Holdings OÜ;kehtiv;2017-03-15;;2017
14546056;India0Km OÜ;kehtiv;2019-03-12;;2019
12576194;Inflatus OÜ;kehtiv;2020-03-01;;2020
12876832;Infopro OÜ;kehtiv;2022-08-01;;2022
12075954;Ingel Drinks OÜ;kehtiv;2011-04-24;;2011
11990069;Ingelin Event OÜ;kehtiv;2020-04-23;;2020
11493193;Ingli puudutus OÜ;kehtiv;2009-02-10;;2009
11908435;Ingver kohvikud OÜ;kehtiv;2010-04-23;;2010
16759980;Inna Kovalchuk;kehtiv;2023-10-26;;2023
14187410;Innamorata OÜ;kehtiv;2017-06-14;;2017
14132372;InnovSSK OÜ;kehtiv;2018-05-21;;2018
14367313;Inseera OÜ;kehtiv;2018-08-29;;2018
12842265;Intaur OÜ;kehtiv;2015-05-27;;2015
16595627;Intent United OÜ;kehtiv;2022-11-14;;2022
16942945;Intergrill OÜ;kehtiv;2024-03-25;;2024
12148083;International Connect OÜ;kehtiv;2020-06-02;;2020
11948274;Interrobang OÜ;kehtiv;2019-06-02;;2019
16632050;Investoraatorid OÜ;kehtiv;2025-03-24;;2025
12620386;Invictus OÜ;kehtiv;2014-07-24;;2014
16162584;Inyathi Vleiloerie OÜ;kehtiv;2021-04-27;;2021
14500321;Irise kohvik OÜ;kehtiv;2020-02-20;;2020
12862646;Irma N-Jõesuu Osaühing;kehtiv;2016-05-31;;2016
14073801;Isletes OÜ;kehtiv;2022-03-14;;2022
11939772;Ismavik OÜ;kehtiv;2015-08-12;;2015
11727389;Italest OÜ;kehtiv;2021-11-23;;2021
11024895;Ivlis OÜ;kehtiv;2015-02-03;;2015
14812055;J&I Resto OÜ;kehtiv;2019-12-11;;2019
12867187;J&LL Master OÜ;kehtiv;2021-02-02;;2021
14956630;J-WORKS OÜ;kehtiv;2024-06-17;;2024
14838899;J.B. Invest OÜ;kehtiv;2023-10-06;;2023
14378819;JACoffee OÜ;kehtiv;2021-05-03;;2021
12469378;JAHH Catering OÜ;kehtiv;2013-09-16;;2013
14945885;JAHH Pagarid OÜ;kehtiv;2025-07-31;;2025
14706318;JAM finants ou OÜ;kehtiv;2021-12-17;;2021
14722033;JK Catering OÜ;kehtiv;2019-08-16;;2019
14240883;JK Haldus OÜ;kehtiv;2017-07-21;;2017
16940350;JK Jewel OÜ;kehtiv;2024-05-30;;2024
10204075;JK Taverni Osaühing;kehtiv;2005-04-07;;2005
17372792;JL Toitlustus OÜ;kehtiv;2025-11-28;;2025
14000475;JLM PROJEKT OÜ;kehtiv;2023-07-11;;2023
16389342;JSR OÜ;kehtiv;2024-04-09;;2024
14938454;JTG Group OÜ;kehtiv;2021-06-30;;2021
16163307;JTKopper OÜ;kehtiv;2022-02-14;;2022
14888816;JTTootele OÜ;kehtiv;2020-07-02;;2020
16807816;JU&JE FOOD OÜ;kehtiv;2024-04-30;;2024
11503649;JUHA LINDSTRÖM;kehtiv;2016-08-04;;2016
11135246;JULE OÜ;kehtiv;2005-06-15;;2005
12107973;JULIART OÜ;kehtiv;2018-02-13;;2018
16068603;JUMAKE OÜ;kehtiv;2021-03-09;;2021
16332371;JUSIF GROUP OÜ;kehtiv;2022-05-16;;2022
14611434;JVK Holdings OÜ;kehtiv;2019-04-16;;2019
10804343;Jaagumäe Kaubanduse OÜ;kehtiv;2005-04-20;;2005
10804343;Jaagumäe Kaubanduse OÜ;kehtiv;2012-11-01;;2012
14576583;Jaama Kohvik OÜ;kehtiv;2019-08-05;;2019
10900584;Jaan Rooso;kehtiv;2017-07-05;;2017
11877367;Jaaniranna OÜ;kehtiv;2010-04-27;;2010
12622899;Jacobs OÜ;kehtiv;2014-08-19;;2014
11231760;Jahimaja OÜ;kehtiv;2009-11-24;;2009
11231760;Jahimaja OÜ;kehtiv;2010-07-19;;2010
11231760;Jahimaja OÜ;kehtiv;2010-10-06;;2010
11231760;Jahimaja OÜ;kehtiv;2013-06-14;;2013
14636322;Jahu Group OÜ;kehtiv;2019-03-20;;2019
16741431;Jahu Kõrts OÜ;kehtiv;2025-03-01;;2025
14388806;Jaik OÜ;kehtiv;2024-03-25;;2024
17168583;Jakob & Sons OÜ;kehtiv;2025-03-29;;2025
12816971;Jalopex OÜ;kehtiv;2015-05-15;;2015
14133609;Jamm Eesti OÜ;kehtiv;2024-12-07;;2024
11249748;JanSalu Osaühing;kehtiv;2013-04-05;;2013
14000570;Janeselke OÜ;kehtiv;2017-03-30;;2017
16953512;Jannsenipizza OÜ;kehtiv;2024-05-17;;2024
12483972;Janpal Grupp OÜ;kehtiv;2018-06-24;;2018
16477388;Janune24 OÜ;kehtiv;2022-04-20;;2022
11562617;Jarevald OÜ;kehtiv;2019-06-21;;2019
12514626;Jarex Invest OÜ;kehtiv;2022-08-01;;2022
14769313;Jasmin Catering OÜ;kehtiv;2020-01-30;;2020
17098517;Jaswal OÜ;kehtiv;2025-09-10;;2025
14251289;Jawilan Kutabumi OÜ;kehtiv;2018-03-29;;2018
80595289;Jerwakant MTÜ;kehtiv;2025-07-14;;2025
10178868;Jiang Xia Kaubanduse Osaühing;kehtiv;2007-07-19;;2007
12327574;Jinli Da OÜ;kehtiv;2018-03-22;;2018
14068763;Jiuru Jhongdou OÜ;kehtiv;2016-08-31;;2016
12200786;Joiner OÜ;kehtiv;2012-04-11;;2012
16200770;Jorjen Disain OÜ;kehtiv;2021-06-09;;2021
14965497;JuSe Catering OÜ;kehtiv;2024-11-19;;2024
12901398;Juggernaut OÜ;kehtiv;2016-08-31;;2016
14114233;Juhkentali Hotel OÜ;kehtiv;2019-04-30;;2019
16890326;JukuPizza OÜ;kehtiv;2024-02-01;;2024
16712174;Julounge OÜ;kehtiv;2025-06-26;;2025
14600583;Junimperium Baar OÜ;kehtiv;2019-04-15;;2019
12892771;Jurvik OÜ;kehtiv;2015-09-08;;2015
17210977;Juyal & Juyal OÜ;kehtiv;2025-07-21;;2025
10097762;JÄRVA TARBIJATE ÜHISTU;kehtiv;2008-12-19;;2008
16609973;Jälitaja OÜ;kehtiv;2022-12-12;;2022
11020849;Järve Toitlustuse OÜ;kehtiv;2004-09-30;;2004
16394550;Jää OÜ;kehtiv;2022-04-04;;2022
17232559;Jõeääre Kohvik OÜ;kehtiv;2025-05-27;;2025
10136232;Jõgeva Majandusühistu;kehtiv;2005-01-10;;2005
75003298;Jõgeva Valla Kultuur;kehtiv;2009-12-03;;2009
17374957;Jõulukohvik OÜ;kehtiv;2025-12-02;;2025
14009329;K&K Catering OÜ;kehtiv;2018-10-10;;2018
16136517;K&T Lokaal OÜ;kehtiv;2025-03-24;;2025
16021317;K-Kalaranna OÜ;kehtiv;2021-11-30;;2021
17318545;K-Relevant OÜ;kehtiv;2025-09-19;;2025
12881537;K1R OÜ;kehtiv;2016-04-12;;2016
12927038;KAFFEE OÜ;kehtiv;2016-08-03;;2016
14783201;KAJAKAS PIZZA OÜ;kehtiv;2020-03-01;;2020
10156430;KALEV TERA REISID;kehtiv;2022-06-13;;2022
16410562;KANGUS STUDIOS OÜ;kehtiv;2024-03-05;;2024
14853611;KANTIPUR OÜ;kehtiv;2020-11-05;;2020
14872554;KARLSON INVEST OÜ;kehtiv;2020-09-01;;2020
11612769;KARMAL OÜ;kehtiv;2009-06-12;;2009
12030392;KARROKA LOGISTIK OÜ;kehtiv;2026-04-01;;2026
12738567;KEYEST OÜ;kehtiv;2020-09-04;;2020
12580770;KG Partners OÜ;kehtiv;2020-10-19;;2020
16177290;KGL catering OÜ;kehtiv;2021-03-26;;2021
16879017;KHACHAPURI Georgian Cafe OÜ;kehtiv;2023-12-15;;2023
12098004;KHANKO GRUPP OÜ;kehtiv;2014-01-06;;2014
16711521;KIBG Holding OÜ;kehtiv;2023-05-05;;2023
10896598;KIIRA HAIROVA;kehtiv;2004-12-23;;2004
10766157;KIKAS & REISID OÜ;kehtiv;2007-05-28;;2007
16001817;KIKK Kohvikud OÜ;kehtiv;2021-05-01;;2021
16109058;KIVI CLIMBING OÜ;kehtiv;2023-09-04;;2023
12741925;KK Operatsioonide OÜ;kehtiv;2015-05-15;;2015
16081153;KLUM Consulting OÜ;kehtiv;2020-10-22;;2020
16233158;KM Custom OÜ;kehtiv;2022-06-08;;2022
16239424;KNIGA OÜ;kehtiv;2021-06-01;;2021
16469934;KOHALIK OÜ;kehtiv;2023-09-14;;2023
14020845;KOHVIK MOKA OÜ;kehtiv;2024-06-10;;2024
12232170;KOHVISTOPP OÜ;kehtiv;2012-07-12;;2012
12236765;KOIDU KOHVIK OÜ;kehtiv;2013-03-14;;2013
16834305;KOKTEILI OÜ;kehtiv;2023-10-12;;2023
14873039;KONTEKTOR FOOD OÜ;kehtiv;2020-02-02;;2020
14051395;KOOGIPOOD OÜ;kehtiv;2019-05-15;;2019
11066195;KORTERI HALDUSE OÜ;kehtiv;2020-05-27;;2020
14640387;KORVIT OÜ;kehtiv;2019-02-19;;2019
12598066;KPK OÜ;kehtiv;2014-12-08;;2014
14717434;KR Foods OÜ;kehtiv;2019-05-16;;2019
16168664;KRCompany OÜ;kehtiv;2021-06-14;;2021
14018073;KRIM Grupp OÜ;kehtiv;2016-04-12;;2016
16313451;KT Pere OÜ;kehtiv;2021-10-01;;2021
14455323;KTH Capital OÜ;kehtiv;2019-10-15;;2019
17205924;KUJI OÜ;kehtiv;2025-05-27;;2025
16919018;KUKLIKODA OÜ;kehtiv;2024-03-01;;2024
14391040;KUKUMBER OÜ;kehtiv;2020-05-08;;2020
16941093;KURGO RESTORAN OÜ;kehtiv;2024-04-29;;2024
16971680;KUURI Kohvik OÜ;kehtiv;2024-05-24;;2024
16320267;KYT Investments OÜ;kehtiv;2023-06-01;;2023
17471258;Kaarli Pagar OÜ;kehtiv;2026-05-05;;2026
14150453;Kabakoto Diangou OÜ;kehtiv;2018-02-07;;2018
11925215;Kadaka Bistroo OÜ;kehtiv;2020-10-14;;2020
10622560;Kaerajaan OÜ;kehtiv;2008-02-22;;2008
14096877;Kaffel Catering OÜ;kehtiv;2017-03-09;2027-03-09;2017
12782232;Kaffi Investments OÜ;kehtiv;2017-04-28;;2017
10977658;Kailong Osaühing;kehtiv;2010-12-09;;2010
16032746;Kaimi Linnutalu OÜ;kehtiv;2020-08-29;;2020
11615986;Kaimo Adler;kehtiv;2010-06-22;;2010
16097148;Kaiserhof OÜ;kehtiv;2021-05-31;;2021
12574315;Kaisi Käsitööd OÜ;kehtiv;2021-05-10;;2021
16161923;Kaisi OÜ;kehtiv;2025-02-12;;2025
14532226;Kaja Projects OÜ;kehtiv;2025-03-05;;2025
16080372;Kajali OÜ;kehtiv;2025-06-30;;2025
14374900;Kaks Käbi OÜ;kehtiv;2022-05-31;;2022
17247638;Kaks Pizzat OÜ;kehtiv;2025-07-21;;2025
16419511;Kaks üks kaks OÜ;kehtiv;2024-07-03;;2024
14008376;Kakumäe Toitlustus OÜ;kehtiv;2016-03-29;;2016
16720431;Kakurega OÜ;kehtiv;2023-04-18;;2023
14974533;Kalamaja Cats OÜ;kehtiv;2020-09-07;;2020
14047838;Kalamaja Pizza OÜ;kehtiv;2016-09-05;;2016
14765108;Kalamaja Plaza OÜ;kehtiv;2019-08-21;;2019
16079825;Kalana Properties OÜ;kehtiv;2024-05-17;;2024
12166639;Kalarand OÜ;kehtiv;2015-07-22;;2015
16886075;Kalastusparadiis OÜ;kehtiv;2025-06-03;;2025
11321492;Kalatrans OÜ;kehtiv;2010-12-28;;2010
12877042;Kalaturg OÜ;kehtiv;2017-01-31;;2017
10774760;Kaldavere OÜ;kehtiv;2013-04-01;;2013
16589897;Kaljumari OÜ;kehtiv;2023-11-20;;2023
10969179;Kalle Piile;kehtiv;2019-05-16;;2019
16229070;Kalmini Kook & Kohv OÜ;kehtiv;2022-07-04;;2022
12154105;Kamahouse Köök OÜ;kehtiv;2011-10-10;;2011
14476462;Kambie OÜ;kehtiv;2018-10-24;;2018
14778009;Kamecom OÜ;kehtiv;2020-07-29;;2020
11019480;Kammipill OÜ;kehtiv;2021-08-16;;2021
16079794;Kammu Grill OÜ;kehtiv;2024-02-02;;2024
11015364;Kamoobia OÜ;kehtiv;2008-06-19;;2008
14529566;Kampus OÜ;kehtiv;2019-03-01;;2019
14189171;Kaneelipuu OÜ;kehtiv;2019-06-09;;2019
14797097;Kanepi Hampsu OÜ;kehtiv;2019-11-29;;2019
12764116;Kansas City Ribs OÜ;kehtiv;2015-04-06;;2015
17172320;Kantribaar OÜ;kehtiv;2025-03-07;;2025
12583662;Kanylatambi Swanachianga OÜ;kehtiv;2014-01-09;;2014
12583662;Kanylatambi Swanachianga OÜ;kehtiv;2014-05-13;;2014
16505222;Kao Thai OÜ;kehtiv;2022-05-27;;2022
80555367;Kapa Events MTÜ;kehtiv;2019-05-24;;2019
14568448;Kapsarull OÜ;kehtiv;2018-11-26;;2018
14639409;Kapteni Kelder OÜ;kehtiv;2019-08-19;;2019
12931672;Kapteni kohvik OÜ;kehtiv;2017-06-09;;2017
12067794;Karaleva OÜ;kehtiv;2011-05-31;;2011
17201530;Karaoke Baar OÜ;kehtiv;2025-03-21;;2025
16982363;Kardemon Coffee OÜ;kehtiv;2024-05-21;;2024
80183658;Karepa Selts;kehtiv;2025-06-19;;2025
14022181;Karii OÜ;kehtiv;2023-12-15;;2023
16899149;Karja 3 OÜ;kehtiv;2024-02-19;;2024
12007208;Karl Investeeringud OÜ;kehtiv;2010-12-02;;2010
12524240;Karlmuhust OÜ;kehtiv;2025-05-09;;2025
14537488;Karmon Grupp OÜ;kehtiv;2018-08-05;;2018
16942230;Karukohvik OÜ;kehtiv;2024-05-07;;2024
12461640;Karulauk OÜ;kehtiv;2013-04-26;;2013
12020663;Kassiaru OÜ;kehtiv;2013-04-24;;2013
12664136;Kassikohvik OÜ;kehtiv;2014-11-14;;2014
17090415;Kassipoeg OÜ;kehtiv;2024-11-26;;2024
16048859;Kastekann OÜ;kehtiv;2020-09-21;;2020
17184493;KatariinaRozalie OÜ;kehtiv;2025-05-18;;2025
14889900;Katel OÜ;kehtiv;2020-01-20;;2020
11947286;Kati Kohvik OÜ;kehtiv;2010-10-07;;2010
14646349;Katty Köök Kodutoit OÜ;kehtiv;2019-08-24;;2019
16217204;Katusekohvik OÜ;kehtiv;2024-03-20;;2024
16626902;Kaubitrans OÜ;kehtiv;2024-07-17;;2024
12917034;Kauges Külas OÜ;kehtiv;2016-01-01;;2016
14419151;Kaunis Events OÜ;kehtiv;2018-02-02;;2018
14452473;Kebab Stop OÜ;kehtiv;2022-07-10;;2022
14724598;Kebaboom OÜ;kehtiv;2023-02-21;;2023
17129229;Kebo OÜ;kehtiv;2025-01-11;;2025
17433341;Keepsake OÜ;kehtiv;2026-05-20;;2026
11661756;Kegel OÜ;kehtiv;2011-08-05;;2011
16722497;Kehakinnitus OÜ;kehtiv;2023-05-26;;2023
11790459;Kehra Spordipubi OÜ;kehtiv;2010-03-04;;2010
16264178;Keila Leib OÜ;kehtiv;2023-05-26;;2023
80089020;Keila Lions Klubi;kehtiv;2022-07-14;;2022
10088042;Keila Tarbijate Ühistu;kehtiv;2005-03-22;;2005
75025710;Keila Vallavalitsus;kehtiv;2014-07-17;;2014
17210859;Kellive OÜ;kehtiv;2025-05-23;;2025
12221367;Kelluke OÜ;kehtiv;2022-12-29;;2022
12449067;Kelmar Catering OÜ;kehtiv;2013-06-05;;2013
16914920;Kelt Adventure OÜ;kehtiv;2024-05-22;;2024
14046916;Kentmanni Hotell OÜ;kehtiv;2019-09-05;;2019
14651089;Keretäis OÜ;kehtiv;2019-07-15;;2019
16277716;Kerli Koduköök OÜ;kehtiv;2022-06-09;;2022
11793044;Kernu Kadakas OÜ;kehtiv;2009-12-31;;2009
14049240;Kernu mõis OÜ;kehtiv;2016-11-15;;2016
17036002;Kersti Katab Catering OÜ;kehtiv;2024-07-26;;2024
12470414;Kerubo Wawuda OÜ;kehtiv;2013-08-14;;2013
14418401;Kesklinna Kohvikud OÜ;kehtiv;2018-04-09;;2018
12978277;Keszthely Alzopahok OÜ;kehtiv;2017-09-19;;2017
11638734;Kevadekalad OÜ;kehtiv;2009-08-04;;2009
14127170;Kevvai OÜ;kehtiv;2017-06-09;;2017
16071982;Khakham Ourarrak OÜ;kehtiv;2021-05-03;;2021
14362706;Khamsa OÜ;kehtiv;2017-11-14;;2017
12224561;Kidise-Jaani Talu OÜ;kehtiv;2017-06-25;;2017
14766579;Kigungu Bugonga OÜ;kehtiv;2019-09-17;;2019
16537854;Kihnu Kohvik OÜ;kehtiv;2022-07-22;;2022
14714571;Kihnu Külalistemaja OÜ;kehtiv;2020-05-27;;2020
16510507;KihnuRito OÜ;kehtiv;2022-05-31;;2022
14700149;Kiia Grill OÜ;kehtiv;2019-08-23;;2019
14913052;Kiili Pizza OÜ;kehtiv;2021-06-07;;2021
14614585;Kiiu Pubi OÜ;kehtiv;2018-12-25;;2018
10112763;Kikas OÜ;kehtiv;2005-04-22;;2005
14075830;Kilp ja kirves OÜ;kehtiv;2016-07-08;;2016
14484036;Kinnika OÜ;kehtiv;2018-06-12;;2018
12278440;Kinocandy OÜ;kehtiv;2012-05-15;;2012
12278440;Kinocandy OÜ;kehtiv;2012-05-15;;2012
16486051;Kinomaja OÜ;kehtiv;2023-08-29;;2023
14740551;Kiosk OÜ;kehtiv;2019-08-26;;2019
14005780;Kirele OÜ;kehtiv;2018-07-05;;2018
10930680;Kirisilm OÜ;kehtiv;2011-04-25;;2011
10938478;Kirna Mõis OÜ;kehtiv;2020-08-04;;2020
12859905;Kirsikoda OÜ;kehtiv;2015-10-27;;2015
14677781;Kirves OÜ;kehtiv;2019-04-04;;2019
17313909;Kiseljus Buffet OÜ;kehtiv;2025-09-11;;2025
90000951;Kistler-Ritso Eesti Sihtasutus;kehtiv;2018-07-25;;2018
14191707;Kitchenroom OÜ;kehtiv;2017-01-25;;2017
14661981;Kius Resto OÜ;kehtiv;2019-02-15;;2019
14274942;Kkarisma OÜ;kehtiv;2020-05-21;;2020
12789197;Klaud Cafe OÜ;kehtiv;2015-03-10;;2015
12380261;Kliff Butiik OÜ;kehtiv;2018-07-17;;2018
17250340;Klooga Rannabaar OÜ;kehtiv;2025-05-30;;2025
17043964;Kloostri Restoranid OÜ;kehtiv;2024-08-28;;2024
16576937;Klorofüll Green Food Studio OÜ;kehtiv;2022-11-03;;2022
14776454;Kobar OÜ;kehtiv;2021-05-21;;2021
12814311;Kobojango Semolale OÜ;kehtiv;2018-11-16;;2018
16848063;Koda Food OÜ;kehtiv;2023-11-01;;2023
12966593;Kodar OÜ;kehtiv;2024-11-04;;2024
12960521;Kodu Rand OÜ;kehtiv;2016-04-06;;2016
16734158;Koduematoit OÜ;kehtiv;2026-05-04;;2026
14515914;Kodukohvik Johanna OÜ;kehtiv;2018-08-06;;2018
16045482;Kodukohvik OÜ;kehtiv;2021-06-08;;2021
16455820;Koduküla Kohvik OÜ;kehtiv;2022-03-17;;2022
16496492;Kodutoit OÜ;kehtiv;2025-06-12;;2025
12991088;Kodutort OÜ;kehtiv;2023-11-09;;2023
12550310;Koerakoonlane OÜ;kehtiv;2014-05-14;;2014
16290276;KofemanCafe OÜ;kehtiv;2022-03-21;;2022
16454861;Kogu Resto OÜ;kehtiv;2022-07-11;;2022
12727049;Kohila Catering OÜ;kehtiv;2014-10-22;;2014
12173852;Kohtu kohvik OÜ;kehtiv;2011-11-29;;2011
14645781;Kohvi Maja OÜ;kehtiv;2019-05-06;;2019
14682249;Kohviaeg OÜ;kehtiv;2019-03-25;;2019
14951822;Kohvik Ambrosia OÜ;kehtiv;2020-06-16;;2020
12861262;Kohvik Ave OÜ;kehtiv;2015-08-17;;2015
14362385;Kohvik Julius OÜ;kehtiv;2018-02-11;;2018
12838754;Kohvik Kalambuur OÜ;kehtiv;2015-06-19;;2015
16770964;Kohvik Kodu OÜ;kehtiv;2023-07-17;;2023
16199937;Kohvik Lummus OÜ;kehtiv;2021-07-16;;2021
17364462;Kohvik READ OÜ;kehtiv;2026-01-21;;2026
12777691;Kohvik Rosin OÜ;kehtiv;2015-01-20;;2015
14544519;Kohvik2000 OÜ;kehtiv;2018-08-29;;2018
16360539;KohvikSahver OÜ;kehtiv;2021-11-11;;2021
12256934;Kohvikann OÜ;kehtiv;2013-05-20;;2013
14125610;Kohvimehed OÜ;kehtiv;2016-11-07;;2016
17211391;Kohvimeistrid OÜ;kehtiv;2025-12-05;;2025
16041567;Kohvlantik OÜ;kehtiv;2020-12-04;;2020
16473781;Koidu resto OÜ;kehtiv;2022-06-30;;2022
14879993;Koju OÜ;kehtiv;2020-03-06;;2020
12658911;Kokakool OÜ;kehtiv;2014-07-10;;2014
14229099;Kokk & Kelner OÜ;kehtiv;2017-05-29;;2017
11472133;Kokteil Grupp OÜ;kehtiv;2019-07-25;;2019
14814605;Kokteilibaar OÜ;kehtiv;2019-11-04;;2019
16633629;Kokteilikas OÜ;kehtiv;2023-01-25;;2023
11697889;Kolevant OÜ;kehtiv;2017-07-02;;2017
14309592;Kolfour OÜ;kehtiv;2017-11-17;;2017
11662158;Kolhethi OÜ;kehtiv;2011-05-16;;2011
12763985;Kolket OÜ;kehtiv;2014-12-15;;2014
12922012;Kollane Karussell OÜ;kehtiv;2016-03-18;;2016
16029359;Kollane Porgand OÜ;kehtiv;2022-06-15;;2022
14167867;Kollane Sibul OÜ;kehtiv;2017-01-30;;2017
17209269;Kolm Kraani OÜ;kehtiv;2025-04-09;;2025
17075829;Kolm Maali OÜ;kehtiv;2025-01-19;;2025
14047034;Kolm Puuda Soola OÜ;kehtiv;2021-12-01;;2021
16975376;Kolm Sõpra OÜ;kehtiv;2024-07-05;;2024
17024849;Kolm ampsu OÜ;kehtiv;2024-11-14;;2024
12896496;Kolm ja pool Pirni OÜ;kehtiv;2015-09-01;;2015
16619307;Kolmanda Korruse Kohvik OÜ;kehtiv;2022-11-27;;2022
17200105;Kolme Põlvkonna Kohvik OÜ;kehtiv;2025-06-26;;2025
16087517;Kolmsada OÜ;kehtiv;2020-11-26;;2020
16072438;Komorebi Elva OÜ;kehtiv;2023-01-03;;2023
14581992;Konanlelik Deblensero OÜ;kehtiv;2018-12-02;;2018
12692247;Kondor Grupp OÜ;kehtiv;2014-09-06;;2014
16082537;Konepro OÜ;kehtiv;2022-04-28;;2022
12475335;Konksmoorid OÜ;kehtiv;2017-04-13;;2017
12284020;Konsultaat OÜ;kehtiv;2012-06-14;;2012
12650364;Konteinerkohvik OÜ;kehtiv;2016-02-05;;2016
10333240;Konvor OÜ;kehtiv;2006-08-23;;2006
16368305;Koogigram OÜ;kehtiv;2024-08-06;;2024
12287165;Koogihaldjas OÜ;kehtiv;2024-05-27;;2024
16275880;Koogikoda OÜ;kehtiv;2023-06-07;;2023
16889429;Koogikohvik OÜ;kehtiv;2024-04-08;;2024
14185960;Koogikratt OÜ;kehtiv;2018-06-08;;2018
17000300;KookBistroo OÜ;kehtiv;2024-06-28;;2024
10941471;Koopakass OÜ;kehtiv;2015-12-07;;2015
11890758;Koorejaam OÜ;kehtiv;2010-06-03;;2010
16615005;Kopli Catering OÜ;kehtiv;2024-11-25;;2024
12212925;Korall OÜ;kehtiv;2024-10-14;;2024
14872689;Korean Jubang OÜ;kehtiv;2023-03-23;;2023
14678846;Korean kitchen OÜ;kehtiv;2019-06-17;;2019
12594803;KoroonaClub Hola! OÜ;kehtiv;2014-03-07;;2014
12603716;Koroter OÜ;kehtiv;2015-03-11;;2015
17392033;KorraldusPartner OÜ;kehtiv;2026-05-12;;2026
16068655;Korrusbuss OÜ;kehtiv;2022-04-20;;2022
17229132;Kosmilised Maitsed OÜ;kehtiv;2025-07-18;;2025
12063218;Kosmonautika OÜ;kehtiv;2011-07-08;;2011
16901917;Krabi OÜ;kehtiv;2024-01-30;;2024
12701009;Krabi klubi OÜ;kehtiv;2014-12-03;;2014
16677226;Kramol OÜ;kehtiv;2023-04-24;;2023
14279626;Krassi Design OÜ;kehtiv;2024-06-05;;2024
17225594;Kratt Grupp OÜ;kehtiv;2025-06-06;;2025
12931548;Krebbeki OÜ;kehtiv;2021-10-08;;2021
16708698;KreekaE OÜ;kehtiv;2023-05-03;;2023
16822721;Kreiter Group OÜ;kehtiv;2024-07-03;;2024
14161250;Kreksu OÜ;kehtiv;2018-06-19;;2018
12854925;Kreuks OÜ;kehtiv;2015-05-25;;2015
12990025;Krikus OÜ;kehtiv;2024-06-18;;2024
17103135;Kringeling OÜ;kehtiv;2025-02-06;;2025
14027244;Kringlimaja OÜ;kehtiv;2018-05-15;;2018
14752956;Krislisse OÜ;kehtiv;2020-09-25;;2020
14007253;Kristinstore OÜ;kehtiv;2024-06-24;;2024
14387669;Krivision disain OÜ;kehtiv;2018-02-04;;2018
16830755;Krouwel OÜ;kehtiv;2023-12-14;;2023
12711338;Krugljak Group OÜ;kehtiv;2014-09-08;;2014
16982657;Krõbe Torusai OÜ;kehtiv;2024-11-06;;2024
12576834;Krõbekana OÜ;kehtiv;2013-12-30;;2013
14034617;Krõbevahvel OÜ;kehtiv;2020-07-16;;2020
14268255;Kuivajõe Tankla OÜ;kehtiv;2018-07-19;;2018
14213001;Kukerpuu OÜ;kehtiv;2026-04-25;;2026
16174914;Kukin OÜ;kehtiv;2021-03-11;;2021
16317437;Kukugalerii OÜ;kehtiv;2023-03-07;;2023
14996233;Kukulus OÜ;kehtiv;2020-07-03;;2020
16409429;KuldAnkur Osaühing;kehtiv;2022-04-24;;2022
14893013;KuldneKahvel OÜ;kehtiv;2020-01-23;;2020
12304610;Kulinaaria OÜ;kehtiv;2013-02-12;;2013
10231427;Kullamäe Kodu Osaühing;peatatud;2014-03-10;;2014
16789165;Kultuuritorn OÜ;kehtiv;2023-09-04;;2023
10103126;Kungla Investeeringu Osaühing;kehtiv;2004-10-18;;2004
10103126;Kungla Investeeringu Osaühing;kehtiv;2004-12-09;;2004
10103126;Kungla Investeeringu Osaühing;kehtiv;2005-03-23;;2005
10103126;Kungla Investeeringu Osaühing;kehtiv;2005-03-29;;2005
10103126;Kungla Investeeringu Osaühing;kehtiv;2005-08-09;;2005
10103126;Kungla Investeeringu Osaühing;kehtiv;2006-09-26;;2006
10103126;Kungla Investeeringu Osaühing;kehtiv;2007-01-26;;2007
10103126;Kungla Investeeringu Osaühing;kehtiv;2007-06-25;;2007
10103126;Kungla Investeeringu Osaühing;kehtiv;2007-06-29;;2007
10103126;Kungla Investeeringu Osaühing;kehtiv;2008-08-06;;2008
10103126;Kungla Investeeringu Osaühing;kehtiv;2011-01-14;;2011
10103126;Kungla Investeeringu Osaühing;kehtiv;2012-05-24;;2012
10103126;Kungla Investeeringu Osaühing;kehtiv;2012-06-21;;2012
10103126;Kungla Investeeringu Osaühing;kehtiv;2012-09-18;;2012
10103126;Kungla Investeeringu Osaühing;kehtiv;2013-03-27;;2013
10103126;Kungla Investeeringu Osaühing;kehtiv;2013-10-22;;2013
17058073;Kuninga Catering OÜ;kehtiv;2024-10-15;;2024
14012171;Kuningamäe Kontsert OÜ;kehtiv;2018-06-27;;2018
14673406;Kuningate Valik OÜ;kehtiv;2019-03-04;;2019
16635427;Kunst enne OÜ;kehtiv;2023-06-19;;2023
12033619;Kunstigurmee OÜ;kehtiv;2012-05-25;;2012
14700853;Kurikas OÜ;kehtiv;2019-07-09;;2019
12367214;Kuther Service OÜ;kehtiv;2020-10-20;;2020
16146102;Kutsu Baar Koju OÜ;kehtiv;2021-01-26;;2021
12819337;Kuulsaal OÜ;kehtiv;2015-04-17;;2015
16635172;Kuumpesa OÜ;kehtiv;2023-03-07;;2023
16377528;Kuursaal OÜ;kehtiv;2022-05-02;;2022
14361204;Kuuste Grupp OÜ;kehtiv;2018-02-25;;2018
16126238;Kvadro group OÜ;kehtiv;2021-05-20;;2021
16974543;KÄMP OÜ;kehtiv;2024-05-08;;2024
16412800;Käesalu kunstikeskus OÜ;kehtiv;2024-08-08;;2024
16850048;Käma Foods OÜ;kehtiv;2024-10-30;;2024
14279543;Kärakapanda OÜ;kehtiv;2017-06-21;;2017
16694938;Kärdla Resto OÜ;kehtiv;2023-06-29;;2023
17297458;Kärrdal OÜ;kehtiv;2026-03-23;;2026
16711424;Kässar OÜ;kehtiv;2023-07-06;;2023
16757254;Kõmmus OÜ;kehtiv;2023-06-16;;2023
16771461;Kõrbes OÜ;kehtiv;2025-01-24;;2025
14025370;Kõrts OÜ;kehtiv;2019-09-28;;2019
17339151;Kõrvemaa Keskus OÜ;kehtiv;2025-11-27;;2025
11246431;Kõue mõis OÜ;kehtiv;2012-05-11;;2012
17054690;Köstre Talu OÜ;kehtiv;2024-11-04;;2024
16755485;Köögikompanii OÜ;kehtiv;2024-10-13;;2024
17003600;Köögipesa OÜ;kehtiv;2024-08-19;;2024
12432561;Köök Kuubis OÜ;kehtiv;2013-06-05;;2013
12258040;Köök, Kunst ja Kohvikud OÜ;kehtiv;2013-11-14;;2013
80032037;Külaselts Muhv;kehtiv;2021-07-19;;2021
16691164;Küpser OÜ;kehtiv;2023-07-11;;2023
14288588;L&K OÜ;kehtiv;2017-07-11;;2017
11562528;L.L. Autoremont OÜ;kehtiv;2021-10-26;;2021
12449296;LAIF ART OÜ;kehtiv;2013-05-31;;2013
10237186;LAMALIKRIKKO OÜ;kehtiv;2005-04-06;;2005
11644999;LAPINETA OÜ;kehtiv;2013-05-28;;2013
12499921;LAULURESTO OÜ;kehtiv;2016-08-01;;2016
14820310;LAURABAR OÜ;kehtiv;2019-10-07;;2019
14695980;LAURIN EESTI OÜ;kehtiv;2019-04-30;;2019
11270317;LAVASTUSKODA OÜ;kehtiv;2019-01-24;;2019
14010657;LBM OÜ;kehtiv;2020-04-28;;2020
16328435;LEBARDE OÜ;kehtiv;2021-10-26;;2021
10135209;LEETSI OÜ;kehtiv;2005-03-28;;2005
14105599;LEGENDS FOODS OÜ;kehtiv;2017-05-04;;2017
11538406;LEVITEL OÜ;kehtiv;2010-09-14;;2010
12549100;LIDO Eesti OÜ;kehtiv;2015-03-11;;2015
12732435;LIDO Mustamäe OÜ;kehtiv;2017-01-24;;2017
14933190;LIIGUSTE TOITLUSTUS OÜ;kehtiv;2020-05-15;;2020
11573288;LIS Investeeringute OÜ;kehtiv;2009-06-12;;2009
12465483;LIVIAKS OÜ;kehtiv;2013-07-15;;2013
14071682;LL Legend OÜ;kehtiv;2020-11-20;;2020
11682020;LML Production OÜ;kehtiv;2015-08-31;;2015
16989898;LOUNGE BAR OÜ;kehtiv;2024-06-04;;2024
16085659;LP Villa OÜ;kehtiv;2020-11-12;;2020
16064746;LPMR123 OÜ;kehtiv;2020-10-07;;2020
17215377;LSPN trade OÜ;kehtiv;2025-07-24;;2025
11082834;LUHTRE TURISMITALU OÜ;kehtiv;2016-03-31;;2016
14698607;LUMAESTONIA OÜ;kehtiv;2019-05-03;;2019
16490992;LUSO OÜ;kehtiv;2022-05-11;;2022
14101733;LUUMELK OÜ;kehtiv;2017-01-06;;2017
14092276;LUXEVENTS OÜ;kehtiv;2023-12-14;;2023
17060265;La Cantina OÜ;kehtiv;2024-11-29;;2024
16981276;La Fermata OÜ;kehtiv;2024-07-01;;2024
17375879;La Munch OÜ;kehtiv;2026-03-11;;2026
12243966;La Muu AS;kehtiv;2021-07-29;;2021
16011649;La Nostra Italia OÜ;kehtiv;2020-11-13;;2020
17154434;LaMemme OÜ;kehtiv;2025-03-25;;2025
17398662;LaNostra OÜ;kehtiv;2026-01-13;;2026
17182904;LaSmak OÜ;kehtiv;2025-05-14;;2025
16097332;LaSpa Group OÜ;kehtiv;2021-02-05;;2021
14596982;Laagna Toit OÜ;kehtiv;2020-10-17;;2020
16588308;Laagri Kohvik OÜ;kehtiv;2023-09-25;;2023
16245689;Laagri Resto OÜ;kehtiv;2021-10-13;;2021
14092922;Laaneserva OÜ;kehtiv;2024-05-28;;2024
14051314;Lab Entertainment OÜ;kehtiv;2021-02-16;;2021
12111874;Lab OÜ;kehtiv;2018-04-09;;2018
16057249;Ladrillo OÜ;kehtiv;2020-10-09;;2020
12779000;Lahe Köök OÜ;kehtiv;2015-01-14;;2015
17146328;Lahe Talu Köök OÜ;kehtiv;2026-05-07;;2026
14247000;Lahemaa Restoranid OÜ;kehtiv;2017-07-12;;2017
16016138;Laiglefonne Brogilaire OÜ;kehtiv;2021-07-27;;2021
14121718;Laisholm Catering OÜ;kehtiv;2017-08-22;;2017
16907191;Laitse Loss OÜ;kehtiv;2024-04-18;;2024
12597859;Laitse Lossi Teenrid OÜ;kehtiv;2014-04-30;;2014
17385435;LalBabu OÜ;kehtiv;2026-02-04;;2026
16786066;Lambaye Mboubane OÜ;kehtiv;2023-08-18;;2023
11349125;Lande Grillikoda OÜ;kehtiv;2016-05-16;;2016
10349815;Lanverst Osaühing;kehtiv;2005-03-07;;2005
14981272;Lapin OÜ;kehtiv;2020-07-13;;2020
14097322;Laps ja Pere OÜ;kehtiv;2019-07-10;;2019
14793607;Laptops.sg Estonia OÜ;esitatud;2021-04-23;;2021
14312571;Laretoz OÜ;kehtiv;2019-08-13;;2019
14235445;Larissa Prokopõshina;kehtiv;2017-06-20;;2017
16314735;Lassinaator OÜ;kehtiv;2025-05-08;;2025
14156272;Laugu Külalistemaja OÜ;kehtiv;2017-01-05;;2017
12764783;Laulasmaa Kohvik OÜ;kehtiv;2015-04-27;;2015
14442902;Lauteri köök OÜ;kehtiv;2018-04-05;;2018
16113628;Lawksawk Khwehauk OÜ;kehtiv;2020-12-10;;2020
16868574;Lazy Bird OÜ;kehtiv;2023-12-06;;2023
16659155;Le Corti OÜ;kehtiv;2024-03-05;;2024
12805499;Le Vignoble OÜ;kehtiv;2015-08-17;;2015
12779454;LePe OÜ;kehtiv;2024-06-06;;2024
16914305;League of Gentlemen OÜ;kehtiv;2024-03-12;;2024
12094414;Lee Restoran OÜ;kehtiv;2011-05-30;;2011
14099152;Leemekulbi liigutajad OÜ;kehtiv;2017-03-20;;2017
14504945;Legix Law Firm OÜ;kehtiv;2021-05-14;;2021
16512311;Lehter ja Pojad OÜ;kehtiv;2022-06-13;;2022
14908697;Leiburger OÜ;kehtiv;2020-05-15;;2020
14705224;Leis OÜ;kehtiv;2020-01-13;;2020
12466560;Leiva Kodu OÜ;kehtiv;2014-04-01;;2014
14139747;Leivakas OÜ;kehtiv;2017-04-17;;2017
12647600;Lekuur OÜ;kehtiv;2014-04-30;;2014
10110505;Lembit Anderson;kehtiv;2005-05-03;;2005
14168424;Lemtec Grupp OÜ;kehtiv;2021-06-22;;2021
12862557;Lemtec OÜ;kehtiv;2021-09-17;;2021
11936288;Lendav Liblikas OÜ;kehtiv;2010-09-17;;2010
11922122;Lendav Taldrik OÜ;kehtiv;2017-04-19;;2017
12391786;Lennusaun OÜ;kehtiv;2023-06-06;;2023
16327157;Leno Grupp OÜ;kehtiv;2024-10-31;;2024
14729414;Lenxhort OÜ;kehtiv;2019-08-22;;2019
12871311;Leppik Teeb OÜ;kehtiv;2023-04-24;;2023
16886738;Lessner OÜ;kehtiv;2024-01-22;;2024
12831120;Levain Pagar OÜ;kehtiv;2017-02-16;;2017
11922725;Levi Foods OÜ;kehtiv;2011-06-06;;2011
12201367;Levika OÜ;kehtiv;2012-01-20;;2012
12548683;Leviso Group OÜ;kehtiv;2017-04-26;;2017
14643859;Lezzet OÜ;kehtiv;2021-01-19;;2021
10909510;Liam Holding OÜ;kehtiv;2010-02-09;;2010
10554610;Liana Vaino;kehtiv;2022-03-21;;2022
14277627;Liang OÜ;kehtiv;2017-06-17;;2017
16169921;Lifetrade OÜ;kehtiv;2021-03-28;;2021
12640845;Ligintex OÜ;kehtiv;2015-02-26;;2015
12607569;Lihtsad Asjad OÜ;kehtiv;2018-06-11;;2018
75022389;Lihula Kultuurimaja;kehtiv;2007-01-04;;2007
16138462;Liisev OÜ;kehtiv;2021-05-19;;2021
12036078;Liisi Pärgma;kehtiv;2011-05-06;;2011
16998650;Liisi Sambas;kehtiv;2024-07-08;;2024
16685224;Liiva Kohvik OÜ;kehtiv;2023-03-13;;2023
16551239;Liiva Puhkemaja OÜ;kehtiv;2024-05-10;;2024
14129269;Liivalaia Kohvik OÜ;kehtiv;2016-12-01;;2016
14323575;Liivimaa Põllumajandus OÜ;kehtiv;2025-04-08;;2025
16662387;LikeFood OÜ;kehtiv;2023-02-10;;2023
14655874;Lillakala OÜ;kehtiv;2019-02-17;;2019
11356912;Lilywhite OÜ;kehtiv;2007-09-27;;2007
14720726;Liman Restoran OÜ;kehtiv;2019-06-07;;2019
17013544;Limoncello OÜ;kehtiv;2025-03-10;;2025
14298486;Limpador OÜ;kehtiv;2019-07-11;;2019
14576206;Lindakivi Resto OÜ;kehtiv;2019-01-09;;2019
12034694;Linden OÜ;kehtiv;2026-05-27;;2026
14522854;Linnaburger OÜ;kehtiv;2018-07-12;;2018
14022896;Linnamaaler OÜ;kehtiv;2018-10-06;;2018
17283947;Linnapiiril OÜ;kehtiv;2025-08-29;;2025
14568827;Linnarebane OÜ;kehtiv;2018-10-24;;2018
12594708;Linnulaul OÜ;kehtiv;2015-04-02;;2015
16790292;Lion City House OÜ;kehtiv;2023-11-01;;2023
16535714;Liquid Intelligence OÜ;kehtiv;2022-07-14;;2022
14763279;LisSable Grupp OÜ;kehtiv;2019-07-24;;2019
16126542;Literaat Restod OÜ;kehtiv;2022-03-28;;2022
12593850;Little Japan OÜ;kehtiv;2018-05-09;;2018
12564191;Live on Screen OÜ;kehtiv;2024-11-21;;2024
16490213;Livekindly OÜ;kehtiv;2024-03-29;;2024
12744148;Livelife OÜ;kehtiv;2017-03-04;;2017
10163522;Ljudmilla Jurjeva;kehtiv;2005-04-14;;2005
16040645;Lmbk OÜ;kehtiv;2022-10-21;;2022
14980321;Locave OÜ;kehtiv;2020-07-23;;2020
12363446;Logro OÜ;kehtiv;2012-12-07;;2012
14096311;Loksa Canteen OÜ;kehtiv;2018-10-02;;2018
11908629;Lola Green OÜ;kehtiv;2022-08-15;;2022
16958136;Loliisu OÜ;kehtiv;2025-09-27;;2025
12496199;Londiste OÜ;kehtiv;2016-05-30;;2016
11902059;Loomefarm OÜ;kehtiv;2020-07-05;;2020
14980150;Loone Villa OÜ;kehtiv;2020-07-08;;2020
14236315;Lossi Catering OÜ;kehtiv;2017-04-18;;2017
11289216;Loteman OÜ;kehtiv;2007-02-23;;2007
12301043;Loud'n Live Promotions Estonia OÜ;kehtiv;2012-07-27;;2012
12790639;Louna paike OÜ;kehtiv;2016-08-17;;2016
14326320;Lovita OÜ;kehtiv;2017-11-14;;2017
14658269;Lucky Loore OÜ;kehtiv;2019-09-27;;2019
12444972;Lugemik OÜ;kehtiv;2021-09-06;;2021
16468923;Luha Pagar OÜ;kehtiv;2026-05-10;;2026
16384439;Luise Catering OÜ;kehtiv;2024-03-13;;2024
12101611;Lukemer OÜ;kehtiv;2011-10-17;;2011
16374576;Luking Pro OÜ;kehtiv;2022-03-01;;2022
16968732;Luksway OÜ;kehtiv;2024-10-28;;2024
12974188;Luluba Mandubulu OÜ;kehtiv;2016-05-02;;2016
16289669;Lumiste Aiand OÜ;kehtiv;2024-05-31;;2024
16552500;Lunakuu OÜ;kehtiv;2022-11-15;;2022
14724581;Lunca Borcutului OÜ;kehtiv;2019-08-15;;2019
12607813;Lunch Time & Catering OÜ;kehtiv;2014-02-17;;2014
12686043;Lusaber OÜ;kehtiv;2014-07-17;;2014
16820308;Lutsu Maja OÜ;kehtiv;2024-10-14;;2024
12714207;Luxhome OÜ;kehtiv;2016-03-30;;2016
17249844;LÖFT OÜ;kehtiv;2025-06-05;;2025
16470400;Läbirändaja OÜ;kehtiv;2022-07-12;;2022
77001961;Lääneranna Kultuuri- ja Noortekeskus;kehtiv;2025-09-10;;2025
12089850;Lõunalaud OÜ;kehtiv;2011-06-13;;2011
10919477;Lõunaranna Investeeringud OÜ;kehtiv;2009-05-25;;2009
12603850;M Ruut OÜ;kehtiv;2014-02-18;;2014
11930340;M&A Pubid OÜ;kehtiv;2010-07-22;;2010
11930340;M&A Pubid OÜ;kehtiv;2011-01-17;;2011
12646492;M&A Team OÜ;kehtiv;2017-03-13;;2017
16435757;M.Lastik OÜ;kehtiv;2022-05-11;;2022
14910993;M2 Haldus OÜ;kehtiv;2025-05-23;;2025
17239509;M33 Management OÜ;kehtiv;2025-12-02;;2025
14303566;MABRIK OÜ;kehtiv;2020-06-19;;2020
16484037;MADKINGS OÜ;kehtiv;2023-05-22;;2023
16493524;MADZ OÜ;kehtiv;2022-05-11;;2022
14254371;MAIKA GOOD SOUND OÜ;kehtiv;2017-05-12;;2017
11505890;MAJUTUS OÜ;kehtiv;2016-05-04;;2016
14259463;MALHEM SERVICE OÜ;kehtiv;2017-06-13;;2017
14010284;MAMS MANAGEMENT OÜ;kehtiv;2016-08-09;;2016
12181219;MAN Group OÜ;kehtiv;2011-11-16;;2011
14960962;MARVE OÜ;kehtiv;2021-06-21;;2021
16576050;MARVEL STUDIO OÜ;kehtiv;2025-09-24;;2025
12228435;MDS Impex OÜ;kehtiv;2012-12-27;;2012
16897363;MDS Starter OÜ;kehtiv;2024-01-15;;2024
14095984;MEAT AND CHEESE OÜ;kehtiv;2017-04-19;;2017
16926490;MELINDA OÜ;kehtiv;2024-05-28;;2024
14980166;MELTER OÜ;kehtiv;2021-06-01;;2021
12878771;MER restaurants OÜ;kehtiv;2015-07-17;;2015
12984409;MERKATUS GRUPP OÜ;kehtiv;2016-05-24;;2016
14125641;MESIMOKA OÜ;kehtiv;2016-10-13;;2016
11945583;METROBAR OÜ;kehtiv;2010-06-21;;2010
10535624;METSAVENNA TALU;kehtiv;2010-06-22;;2010
16098099;MG Trading OÜ;kehtiv;2020-11-30;;2020
12028088;MILIISI OÜ;kehtiv;2012-10-01;;2012
14342425;MINLORA OÜ;kehtiv;2017-10-31;;2017
16331383;MJclub OÜ;kehtiv;2021-10-06;;2021
16779439;MK Elamused OÜ;kehtiv;2026-05-06;;2026
11512275;MM AG OÜ;kehtiv;2017-08-28;;2017
14299994;MM Catering OÜ;kehtiv;2019-07-16;;2019
16931522;MMF Haldus OÜ;kehtiv;2024-07-23;;2024
14398590;MMaetKamoriz OÜ;kehtiv;2018-02-01;;2018
16943778;MNS81 Holding OÜ;kehtiv;2024-04-15;;2024
14459593;MO TOITLUSTUS OÜ;kehtiv;2018-04-25;;2018
16225741;MOB Entertainment OÜ;kehtiv;2023-02-10;;2023
11406403;MODUREN GRUPP OÜ;kehtiv;2007-12-19;;2007
80165710;MOTOKLUBI WILDHOGS MC;kehtiv;2017-08-01;;2017
16216914;MOUTHFEEL OÜ;kehtiv;2021-06-10;;2021
16820521;MR Event Service OÜ;kehtiv;2023-09-21;;2023
11660656;MR GRILL OÜ;kehtiv;2011-03-17;;2011
14735633;MRZOOG FOOD OÜ;kehtiv;2019-06-12;;2019
16538894;MRZOOG TRADING OÜ;kehtiv;2025-01-22;;2025
12142298;MS AGENCY OÜ;kehtiv;2019-05-15;;2019
80628729;MTÜ AN12;kehtiv;2024-06-23;;2024
80317745;MTÜ Abruka Rannaniit;kehtiv;2013-06-14;;2013
80592658;MTÜ Aktiivne Põltsamaa;kehtiv;2022-05-25;;2022
80368107;MTÜ Alle-Saija Teatritalu;kehtiv;2017-12-02;;2017
80574488;MTÜ Drink & Draw;kehtiv;2025-11-27;;2025
80349981;MTÜ Fortissimo;kehtiv;2024-07-24;;2024
80558791;MTÜ KAI Kunstikeskus;kehtiv;2026-02-21;;2026
80393290;MTÜ Kangas ja Puu;kehtiv;2021-06-01;;2021
80583398;MTÜ Lilli Loovusklubi;kehtiv;2021-04-29;;2021
80382990;MTÜ Loomelava;kehtiv;2017-05-26;;2017
80397069;MTÜ Loomeruum;kehtiv;2019-09-12;;2019
80669183;MTÜ Meelehea;kehtiv;2026-04-12;;2026
80613343;MTÜ MetsaMecca;kehtiv;2022-11-04;;2022
80577202;MTÜ NOORED MAALE;kehtiv;2022-08-11;;2022
80615069;MTÜ Naised Paadis;kehtiv;2023-05-09;;2023
80648117;MTÜ PUNKT Theater;kehtiv;2026-01-22;;2026
80565957;MTÜ Paranduskelder;kehtiv;2023-03-31;;2023
80329300;MTÜ Peipsimaa Kogukonnaköök;kehtiv;2012-01-17;;2012
80363751;MTÜ Prill ja Põll;kehtiv;2013-11-26;;2013
80632106;MTÜ Punktuur;kehtiv;2024-01-30;;2024
80361143;MTÜ Risti Huvi;kehtiv;2023-06-07;;2023
80388277;MTÜ Roheliselt Värske Elu;kehtiv;2017-08-08;;2017
80290963;MTÜ Salvador;kehtiv;2019-05-23;;2019
80383156;MTÜ Taikse Külaselts;kehtiv;2020-08-04;;2020
80414891;MTÜ Tsoon;kehtiv;2021-06-27;;2021
80554942;MTÜ Tudengiklubi;kehtiv;2020-03-08;;2020
80309289;MTÜ Viljandi Lennukitehas;kehtiv;2014-09-25;;2014
16115231;MULTIREST Osaühing;kehtiv;2022-05-24;;2022
16771633;MUST MOLBERT OÜ;kehtiv;2023-08-23;;2023
12825125;MVRent OÜ;kehtiv;2020-09-12;;2020
14056932;MX Crafts OÜ;kehtiv;2018-05-24;;2018
16229348;Maa gurmee OÜ;kehtiv;2023-07-12;;2023
12822782;Maa&Meri OÜ;kehtiv;2015-06-10;;2015
16541985;MaaM Trade OÜ;kehtiv;2022-07-26;;2022
16288517;Maagi OÜ;kehtiv;2021-11-02;;2021
11373744;Maailma Toit OÜ;kehtiv;2018-05-31;;2018
16164904;Maalritsehh OÜ;kehtiv;2021-06-05;;2021
12175555;Maamaitse OÜ;kehtiv;2014-10-23;;2014
11421779;Maarohi OÜ;kehtiv;2016-10-03;;2016
16955238;Maasikad Tordil OÜ;kehtiv;2024-08-20;;2024
17143071;Mad Grouse OÜ;kehtiv;2025-07-21;;2025
14990779;Made in Vachina Events OÜ;kehtiv;2020-06-30;;2020
14681080;Made in Vachina OÜ;kehtiv;2019-09-13;;2019
14114753;Maecenas OÜ;kehtiv;2017-12-06;;2017
16020370;Magera Catering OÜ;kehtiv;2020-09-15;;2020
16485382;Magnum MC Grupp OÜ;kehtiv;2022-04-26;;2022
12791478;Magus OÜ;kehtiv;2015-05-15;;2015
12161731;Magus Rosie OÜ;kehtiv;2011-10-27;;2011
17418353;Magusakamber OÜ;kehtiv;2026-05-20;;2026
14913046;Magussoolane OÜ;kehtiv;2023-04-20;;2023
11865246;Maharaja Catering OÜ;kehtiv;2010-02-22;;2010
11865246;Maharaja Catering OÜ;kehtiv;2010-02-22;;2010
17189734;Mahe Kohvik OÜ;kehtiv;2025-05-27;;2025
11965172;Mahe Pagar OÜ;kehtiv;2013-12-04;;2013
11909951;MaheMaa OÜ;kehtiv;2010-06-29;;2010
11145380;Mahedam OÜ;kehtiv;2023-05-04;;2023
12648172;Maheleib OÜ;kehtiv;2014-12-03;;2014
12672118;MahtraAuto OÜ;kehtiv;2019-02-08;;2019
17082427;Mai Kiosk OÜ;kehtiv;2024-12-27;;2024
14961884;Maidubi Zumburum OÜ;kehtiv;2020-07-21;;2020
11609164;Mairi Notton;kehtiv;2009-04-24;;2009
12666282;Mairi Pakkas;kehtiv;2022-07-18;;2022
12863663;Maitseained OÜ;kehtiv;2015-09-07;;2015
16925483;Maitseladu OÜ;kehtiv;2026-05-11;;2026
12337911;Maitsemaa OÜ;kehtiv;2015-08-18;;2015
16759796;Maitsetuli OÜ;kehtiv;2023-11-21;;2023
14697080;Maitsev Suutäis OÜ;kehtiv;2019-04-17;;2019
17130356;Maitsevõlu OÜ;kehtiv;2025-06-09;;2025
17159393;MalMarAsia OÜ;kehtiv;2026-01-16;;2026
14628676;Malgari OÜ;kehtiv;2019-05-23;;2019
14995676;Malina Motors OÜ;kehtiv;2023-02-27;;2023
14103330;Malmeks OÜ;kehtiv;2026-03-07;;2026
17445671;Malmipann OÜ;kehtiv;2026-03-16;;2026
16921771;Malusa Food&Wine OÜ;kehtiv;2024-08-14;;2024
12768924;Malvar OÜ;kehtiv;2015-03-29;;2015
10907853;Mamta Catering OÜ;kehtiv;2008-10-31;;2008
11091394;Management OÜ;kehtiv;2014-05-16;;2014
12372310;Manakamana OÜ;kehtiv;2012-12-06;;2012
17124143;Mandel OÜ;kehtiv;2024-12-08;;2024
14536715;ManiPedi OÜ;kehtiv;2018-10-22;;2018
11900600;Manjana OÜ;kehtiv;2013-12-19;;2013
12983806;Mantel ja Korsten OÜ;kehtiv;2017-05-09;;2017
11695420;Manu Catering OÜ;kehtiv;2022-03-17;;2022
14203882;Mapungane Gandaganga OÜ;kehtiv;2021-01-03;;2021
14491585;MarLe OÜ;kehtiv;2018-06-12;;2018
16070623;Marani OÜ;kehtiv;2020-10-27;;2020
16912789;Mare Blu OÜ;kehtiv;2024-09-04;;2024
16869332;Marea Restoran OÜ;kehtiv;2023-11-30;;2023
14607042;Mareia OÜ;kehtiv;2019-02-04;;2019
16486005;Margeköök OÜ;kehtiv;2022-04-26;;2022
10987757;Margherita Pizzeria OÜ;kehtiv;2019-11-26;;2019
14992614;Margot Cafe OÜ;kehtiv;2021-11-25;;2021
12824723;Margot OÜ;kehtiv;2015-06-19;;2015
16001326;Margus Hinrikus;kehtiv;2022-06-18;;2022
14850819;Margus Murulauk;kehtiv;2023-01-11;;2023
12451156;Margus Pikhoff;kehtiv;2022-04-06;;2022
14125587;Marguse Vara OÜ;kehtiv;2020-12-02;;2020
16481160;Mari Kokteilid OÜ;kehtiv;2022-05-13;;2022
14856420;Mari e Monti OÜ;kehtiv;2019-12-11;;2019
16017824;Marie Spa OÜ;kehtiv;2021-03-21;;2021
14446343;Marienhof OÜ;kehtiv;2020-06-21;;2020
14271949;Mariia Lihaäri OÜ;kehtiv;2017-06-05;;2017
12012592;Mariland OÜ;kehtiv;2010-11-08;;2010
16859003;Marinte OÜ;kehtiv;2025-08-03;;2025
10779154;Marja Maailm OÜ;kehtiv;2014-04-30;;2014
12841147;"Marje Kangro ""Vahtrasalu kohvik""";kehtiv;2015-06-16;;2015
16865073;Marjoram OÜ;kehtiv;2025-08-05;;2025
16533844;Markdani OÜ;kehtiv;2022-12-02;;2022
11313742;Market Place OÜ;kehtiv;2014-06-03;;2014
12399958;Markofka OÜ;kehtiv;2014-06-03;;2014
14486118;Marmerol OÜ;kehtiv;2022-07-12;;2022
16219120;Marnas OÜ;kehtiv;2023-06-13;;2023
12857065;Marok'Est OÜ;kehtiv;2022-05-10;;2022
16000083;Martens Kitchen OÜ;kehtiv;2021-03-05;;2021
14389740;Martial Holding OÜ;kehtiv;2018-06-19;;2018
16286375;Martin Toidud OÜ;kehtiv;2023-05-04;;2023
14048849;Masfood OÜ;kehtiv;2020-09-24;;2020
14868736;Masina 20 Kohvimaja OÜ;kehtiv;2020-09-29;;2020
14043355;Masirk OÜ;kehtiv;2016-05-16;;2016
12632099;Masker OÜ;kehtiv;2014-06-04;;2014
16273467;Massu Meierei OÜ;kehtiv;2021-07-30;;2021
16434410;Master Chef OÜ;kehtiv;2023-08-09;;2023
12682200;Master invest OÜ;kehtiv;2014-07-20;;2014
11015281;Mastercatering OÜ;kehtiv;2010-06-21;;2010
10929607;Matmar Toitlustuse OÜ;kehtiv;2005-04-15;;2005
14896945;Matmarkar OÜ;kehtiv;2021-06-14;;2021
16753173;Matsiaru OÜ;kehtiv;2024-05-28;;2024
11713223;Maverito Managment OÜ;kehtiv;2010-02-09;;2010
14193764;Mavik Restod OÜ;kehtiv;2017-01-31;;2017
12961147;MaxWhite OÜ;kehtiv;2018-12-07;;2018
16697150;Mazagan OÜ;kehtiv;2026-04-19;;2026
12169885;Meat Market OÜ;kehtiv;2011-12-16;;2011
12986399;Meat OÜ;kehtiv;2016-11-24;;2016
17412862;Meathub OÜ;kehtiv;2026-03-02;;2026
16969542;Medusa Holding OÜ;kehtiv;2024-04-25;;2024
17251433;Meduseld OÜ;kehtiv;2025-05-29;;2025
12020640;Meelelahutus teenused OÜ;kehtiv;2011-05-03;;2011
16710548;Meeli OÜ;kehtiv;2023-06-26;;2023
16218741;Meeltemaitsed OÜ;kehtiv;2021-05-11;;2021
12267808;Meenele OÜ;kehtiv;2012-06-27;;2012
16569707;Mega Grill Events OÜ;kehtiv;2023-02-15;;2023
14703596;Mega hea OÜ;kehtiv;2019-07-14;;2019
11517485;MegaPower OÜ;kehtiv;2009-12-01;;2009
16239890;Megafriikas OÜ;kehtiv;2021-07-04;;2021
17136927;Megakorraldus OÜ;kehtiv;2024-12-25;;2024
12116570;Megakringel OÜ;kehtiv;2012-05-11;;2012
14344861;Megaüritus OÜ;kehtiv;2021-12-05;;2021
11192119;Mehntack OÜ;kehtiv;2005-12-23;;2005
11192119;Mehntack OÜ;kehtiv;2005-12-23;;2005
12121200;Meie Kodu TÜ;kehtiv;2017-05-05;;2017
11676203;Meie Kohvik OÜ;kehtiv;2010-05-04;;2010
11437295;Meie Küla Eided OÜ;kehtiv;2018-07-11;;2018
12454491;Meie Pizza OÜ;kehtiv;2018-01-19;;2018
14172940;Meie Toitlustus OÜ;kehtiv;2016-12-21;;2016
14971121;Meie köök OÜ;kehtiv;2022-05-31;;2022
11885705;MeieMaitse OÜ;kehtiv;2013-10-04;;2013
11885705;MeieMaitse OÜ;kehtiv;2014-03-10;;2014
16210722;Meietoit OÜ;kehtiv;2021-06-11;;2021
17042416;Meistrimäe Kohvik OÜ;kehtiv;2024-10-17;;2024
12504102;Mejule OÜ;kehtiv;2013-10-23;;2013
17460585;Melu baaris OÜ;kehtiv;2026-04-06;;2026
16148779;Member's Club OÜ;kehtiv;2025-01-15;;2025
16479950;Memmeköök OÜ;kehtiv;2022-05-31;;2022
12160312;MerMerpitsa OÜ;kehtiv;2011-11-04;;2011
16799123;Mere värava grill OÜ;kehtiv;2023-10-20;;2023
16695406;MereBar OÜ;kehtiv;2024-10-16;;2024
17400778;Mereamps OÜ;kehtiv;2026-04-06;;2026
17188404;Merejanu OÜ;kehtiv;2025-03-03;;2025
16295322;Merekaru Maitsed OÜ;kehtiv;2021-08-19;;2021
16258249;Merekivi OÜ;kehtiv;2021-07-09;;2021
14998108;Meremaa Sadam OÜ;kehtiv;2020-07-08;;2020
16122024;Mereresto OÜ;kehtiv;2021-12-09;;2021
11495217;Meretamme OÜ;kehtiv;2010-05-17;;2010
16874729;Meridal Food OÜ;kehtiv;2024-02-02;;2024
16705793;Merikapsas OÜ;kehtiv;2023-06-01;;2023
12798144;Merike Kesküla Heltermaa baar;kehtiv;2015-02-19;;2015
16489138;MerilainCapital OÜ;kehtiv;2024-05-22;;2024
14791577;Merlahtos OÜ;kehtiv;2021-06-21;;2021
14815355;Merlana Group OÜ;kehtiv;2019-12-14;;2019
16855212;Merle Lomp;kehtiv;2023-11-26;;2023
14979275;Mermin OÜ;kehtiv;2020-06-02;;2020
12835974;Meso OÜ;kehtiv;2016-01-14;;2016
14202055;Messhall OÜ;kehtiv;2017-09-09;;2017
14841690;Mest Kohvikud OÜ;kehtiv;2019-11-20;;2019
14221503;Mest OÜ;kehtiv;2018-04-26;;2018
10452524;Metros OÜ;kehtiv;2022-10-27;;2022
14129275;Metsasadam OÜ;kehtiv;2025-05-21;;2025
11376398;Metsavenna Turismitalu OÜ;kehtiv;2012-01-02;;2012
12510157;Metsküla OÜ;kehtiv;2024-05-28;;2024
14244177;Mexicana OÜ;kehtiv;2017-05-22;;2017
12271537;MiPa Services OÜ;kehtiv;2022-08-09;;2022
16690219;Mia Masalaga OÜ;kehtiv;2023-06-02;;2023
16872142;Mia Pagar OÜ;kehtiv;2024-02-16;;2024
16628634;Miami Lounge OÜ;kehtiv;2023-06-06;;2023
12440589;Miami Ribs OÜ;kehtiv;2023-04-21;;2023
16244603;Midellamulahena Maputu OÜ;kehtiv;2021-07-01;;2021
17497157;Midnight OÜ;kehtiv;2026-05-05;;2026
14841944;Miimari OÜ;kehtiv;2019-11-28;;2019
17227736;Miinusbaar OÜ;kehtiv;2025-04-28;;2025
14185546;Mikapada OÜ;kehtiv;2024-07-05;;2024
14309095;Mikk Invest OÜ;kehtiv;2020-07-22;;2020
12762554;Milaan OÜ;kehtiv;2016-06-20;;2016
17172538;Milana Stuudio OÜ;kehtiv;2026-02-22;;2026
12040909;Milbach and Co. OÜ;kehtiv;2014-04-08;;2014
16987209;Milemishe OÜ;kehtiv;2024-09-25;;2024
14448112;Millioncino OÜ;kehtiv;2018-06-01;;2018
11951566;Milltavern OÜ;kehtiv;2010-07-28;;2010
11683077;Mimino OÜ;kehtiv;2009-11-19;;2009
17102456;Mimosa Production OÜ;kehtiv;2024-10-30;;2024
14142117;Mingi Blablabla OÜ;kehtiv;2019-11-21;;2019
14065782;MiniBar OÜ;kehtiv;2017-05-26;;2017
16011253;MiniWeekend OÜ;kehtiv;2024-08-10;;2024
17216000;Miniresto OÜ;kehtiv;2025-10-08;;2025
12714555;MiniturPro OÜ;kehtiv;2021-05-19;;2021
16213413;Mintcake OÜ;kehtiv;2023-01-25;;2023
11482692;Minuköök Osaühing;kehtiv;2012-02-07;;2012
12860379;Miopitsa OÜ;kehtiv;2016-04-29;;2016
12856456;MiraSanitas OÜ;kehtiv;2017-05-15;;2017
17211416;Miranova OÜ;kehtiv;2025-04-22;;2025
12512917;Mirasol OÜ;kehtiv;2013-12-06;;2013
12509803;Mireco OÜ;kehtiv;2022-06-15;;2022
11893797;Miska OÜ;kehtiv;2013-02-28;;2013
12609700;Mister Frank OÜ;kehtiv;2014-06-16;;2014
16578304;Mister Murka OÜ;kehtiv;2025-07-30;;2025
80248719;"Mittetulundusühing ""Lahedad Naised Lahedalt""";kehtiv;2020-07-10;;2020
80276271;Mittetulundusühing EMSI;kehtiv;2016-03-08;;2016
80354462;Mittetulundusühing Eesti Identiteedi ja Kultuuri Koda;kehtiv;2017-08-15;;2017
80391807;Mittetulundusühing FOR Tsükkel;kehtiv;2023-09-01;;2023
80363768;Mittetulundusühing Improteater;kehtiv;2023-09-18;;2023
80149006;Mittetulundusühing Kaberneeme Klubi;kehtiv;2024-07-22;;2024
80561095;Mittetulundusühing Kanepi RomuTeam;kehtiv;2025-07-11;;2025
80355556;Mittetulundusühing Kärnataja;kehtiv;2014-06-20;;2014
80075928;Mittetulundusühing Mauritiuse Instituut;kehtiv;2022-11-04;;2022
80587806;Mittetulundusühing Meie Värati;kehtiv;2024-06-27;;2024
80606662;Mittetulundusühing Mõnnaste Meierei;kehtiv;2024-05-31;;2024
80275395;Mittetulundusühing ORAVA;kehtiv;2021-10-19;;2021
80414419;Mittetulundusühing Old Tower;kehtiv;2018-10-10;;2018
80288297;Mittetulundusühing PUUNA KÜLAARENDUS;kehtiv;2010-06-08;;2010
80415318;Mittetulundusühing Peipsi Teemaja;kehtiv;2021-03-31;;2021
80361864;Mittetulundusühing Peipsiveere Kunstikeskus;kehtiv;2020-07-23;;2020
80325101;Mittetulundusühing Piiri Köök;kehtiv;2013-10-14;;2013
80261660;Mittetulundusühing Pohlad;kehtiv;2017-06-06;;2017
80083030;Mittetulundusühing Porkuni;kehtiv;2014-04-28;;2014
80348504;Mittetulundusühing Riidepuu;kehtiv;2019-05-31;;2019
80215789;Mittetulundusühing Roosna-Alliku Mõis;kehtiv;2009-12-29;;2009
80366212;Mittetulundusühing Ruum ja lugu;kehtiv;2021-08-12;;2021
80318905;Mittetulundusühing Räimeühing;kehtiv;2024-06-29;;2024
80261654;Mittetulundusühing Soesauna Talu;kehtiv;2016-11-30;;2016
80166588;Mittetulundusühing Teoteater;kehtiv;2014-09-02;;2014
80356099;Mittetulundusühing Toila Toiduklubi;kehtiv;2022-08-09;;2022
80082503;Mittetulundusühing Võhma Seltsimaja;kehtiv;2018-07-02;;2018
80287271;Mittetulundusühing Võtikmetsa Hobikoda;kehtiv;2023-06-28;;2023
80406220;Mittetulundusühing Ökokuller;kehtiv;2022-07-07;;2022
12151827;Mixed Invest OÜ;kehtiv;2013-02-20;;2013
80597615;Mjproduction MTÜ;kehtiv;2021-06-28;;2021
16630594;MoMull OÜ;kehtiv;2023-12-01;;2023
16773336;MoSpa OÜ;kehtiv;2025-09-12;;2025
14070300;Mocco OÜ;kehtiv;2018-05-06;;2018
14974444;Modern Foods OÜ;kehtiv;2020-05-25;;2020
11792914;Moe Krog OÜ;kehtiv;2019-01-18;;2019
80394094;Moe Mõis MTÜ;kehtiv;2017-05-25;;2017
11018629;Mojo Holding OÜ;kehtiv;2023-04-12;;2023
12903345;Mokokchu Tsutapella OÜ;kehtiv;2017-01-23;;2017
12085042;Moksik OÜ;kehtiv;2011-06-07;;2011
10589169;Molumong Dukuzini OÜ;kehtiv;2005-04-19;;2005
17031909;Mon Reflet S OÜ;kehtiv;2025-03-26;;2025
12667726;Mon Repos OÜ;kehtiv;2016-08-01;;2016
12126769;Montez OÜ;kehtiv;2018-03-19;;2018
16566947;Moonglow OÜ;kehtiv;2023-07-19;;2023
16746821;Moonlust OÜ;kehtiv;2023-09-04;;2023
11253394;Moonsund Catering OÜ;kehtiv;2023-06-05;;2023
14174318;Moosipall OÜ;kehtiv;2017-07-06;;2017
14233742;Morber OÜ;kehtiv;2024-05-19;;2024
14718405;Moretanlab OÜ;kehtiv;2024-06-11;;2024
11136300;Morna Õnne talu OÜ;kehtiv;2021-04-25;;2021
12335088;Mosaiik Grupp OÜ;kehtiv;2013-04-30;;2013
12897082;Motorhome OÜ;kehtiv;2017-12-14;;2017
14555084;MuSu kohvikud OÜ;kehtiv;2020-10-16;;2020
14188317;Mugapynyana Tzetsebjwe OÜ;kehtiv;2017-02-20;;2017
12888953;Mugish OÜ;kehtiv;2017-06-29;;2017
16078047;Muhe Resto OÜ;kehtiv;2020-11-23;;2020
11582117;Muhoroni Capsabet OÜ;kehtiv;2009-04-13;;2009
16184108;Muhu Catering OÜ;kehtiv;2021-04-19;;2021
16518934;Muhu Namaste OÜ;kehtiv;2022-06-20;;2022
16109667;Muhu neiu OÜ;kehtiv;2021-12-09;;2021
14535466;Muhurito OÜ;kehtiv;2022-07-22;;2022
17022495;Muliti Morompika OÜ;kehtiv;2024-09-12;;2024
14406094;Mulks OÜ;kehtiv;2018-05-15;;2018
17210983;Mull & Maik OÜ;kehtiv;2025-04-25;;2025
17132800;Mullur Osaühing;kehtiv;2025-01-04;;2025
12138465;Multi Solutions OÜ;kehtiv;2023-02-09;;2023
14013130;Munajala OÜ;kehtiv;2016-05-02;;2016
11991270;Munchers OÜ;kehtiv;2015-07-01;;2015
14753022;Munuke OÜ;kehtiv;2019-09-23;;2019
17502651;Muru ja mull OÜ;kehtiv;2026-05-12;;2026
11548014;Music Academy OÜ;kehtiv;2013-08-16;;2013
12481743;Mussoon Meedia OÜ;kehtiv;2016-04-13;;2016
14385877;Must Kollane OÜ;kehtiv;2018-01-19;;2018
12929942;Must Ploom OÜ;kehtiv;2018-01-29;;2018
17092609;MustMull OÜ;kehtiv;2025-04-24;;2025
12273499;Mustakivi Piljard OÜ;kehtiv;2014-03-28;;2014
14490634;Mustamäe Spa OÜ;kehtiv;2018-10-10;;2018
11120517;Mutengaziku Kapelabulungu OÜ;kehtiv;2013-04-16;;2013
14597065;Muusa Kohvik OÜ;kehtiv;2019-03-05;;2019
11984040;My City Hotel OÜ;kehtiv;2016-08-10;;2016
12623798;My Food Invest OÜ;kehtiv;2014-06-12;;2014
12839819;MyKasta OÜ;kehtiv;2015-07-08;;2015
14891735;MyKitchen OÜ;kehtiv;2023-08-15;;2023
16391379;MyMoon Food OÜ;kehtiv;2023-03-27;;2023
14797982;MyPack OÜ;kehtiv;2022-05-05;;2022
12278143;MySushi OÜ;kehtiv;2012-10-23;;2012
16195520;MyThai OÜ;kehtiv;2021-04-20;;2021
12817284;Mycafe OÜ;kehtiv;2016-03-27;;2016
10055947;MÄRJAMAA TARBIJATE ÜHISTU;kehtiv;2009-05-19;;2009
14202109;MÖT OÜ;kehtiv;2017-05-11;;2017
16055405;Mägestiku Pubi OÜ;kehtiv;2021-04-28;;2021
80398146;Mägilaste Motoklubi;kehtiv;2023-05-15;;2023
14770894;Männik OÜ;kehtiv;2019-11-23;;2019
16771923;Märdibaar OÜ;kehtiv;2023-08-29;;2023
12252280;Märtin Group OÜ;kehtiv;2012-09-24;;2012
12689857;Mõigu Pizza OÜ;kehtiv;2014-10-21;;2014
16009983;Mõisakamber OÜ;kehtiv;2020-11-24;;2020
16570202;Mõisavärava OÜ;kehtiv;2025-09-15;;2025
16916066;Mõtleme Hiljem UÜ;kehtiv;2024-02-08;;2024
11672286;Möku OÜ;kehtiv;2009-12-16;;2009
10820023;Mönus Villem osaühing;kehtiv;2005-06-14;;2005
14261371;Münkenhof OÜ;kehtiv;2018-11-05;;2018
11538346;Müstigue OÜ;kehtiv;2008-12-10;;2008
14939442;N Flower OÜ;kehtiv;2020-04-08;;2020
16127027;N58 OÜ;kehtiv;2021-10-20;;2021
17033624;NAAFI Estonia OÜ;kehtiv;2024-10-25;;2024
17427339;NAPS Baar OÜ;kehtiv;2026-02-14;;2026
10100228;NAPU TALU;kehtiv;2004-06-03;;2004
10317962;NATALIA KIRILLOVA ÄRI;kehtiv;2014-06-20;;2014
14554073;NAVIERO OÜ;kehtiv;2020-05-26;;2020
12846765;NAZ OÜ;kehtiv;2022-11-16;;2022
14007419;NEBI OÜ;kehtiv;2023-10-02;;2023
10087605;NEPI MAJA OSAÜHING;kehtiv;2004-06-10;;2004
10012915;NIINA MNOGOLESSOVA KIOSK;kehtiv;2004-07-19;;2004
10012915;NIINA MNOGOLESSOVA KIOSK;kehtiv;2011-09-05;;2011
11210700;NITORIS OÜ;kehtiv;2017-06-28;;2017
14391895;NOKK Resto OÜ;kehtiv;2019-03-22;;2019
17034552;NOOT Agency OÜ;kehtiv;2024-10-01;;2024
11430471;NOP OÜ;kehtiv;2008-03-07;;2008
11430471;NOP OÜ;kehtiv;2011-05-30;;2011
14203824;NORA INVEST OÜ;kehtiv;2018-02-02;;2018
12570903;NS INVEST OÜ;kehtiv;2014-02-27;;2014
14736259;NTSGD OÜ;kehtiv;2020-07-14;;2020
16009138;NUNNE 18 OÜ;kehtiv;2020-07-27;;2020
10935252;NURME BISTROO OÜ;kehtiv;2004-12-27;;2004
16329854;Naabrimehed OÜ;kehtiv;2022-10-28;;2022
16507053;Nabra OÜ;kehtiv;2022-07-09;;2022
16827724;Naichai OÜ;kehtiv;2024-08-17;;2024
12828327;Naissaare Kohvik OÜ;kehtiv;2015-04-27;;2015
12716353;Nalband Wan OÜ;kehtiv;2017-03-22;;2017
17026104;Namaste India Invest OÜ;kehtiv;2024-08-23;;2024
16760782;Namaste India OÜ;kehtiv;2023-08-17;;2023
12786282;Namo Buddha OÜ;kehtiv;2015-03-30;;2015
12968310;Narciss OÜ;kehtiv;2015-12-29;;2015
14979789;NareKaks OÜ;kehtiv;2021-05-06;;2021
11988090;Narmet OÜ;kehtiv;2011-03-18;;2011
12531375;Narva Toitlustus OÜ;kehtiv;2014-06-27;;2014
12531375;Narva Toitlustus OÜ;kehtiv;2014-06-27;;2014
16479996;Narvland OÜ;kehtiv;2022-04-14;;2022
12308714;Nasbor OÜ;kehtiv;2012-07-05;;2012
16686844;Nasmit OÜ;kehtiv;2023-05-02;;2023
12532340;Nata katab OÜ;kehtiv;2014-06-05;;2014
16094374;NataDives OÜ;kehtiv;2020-11-12;;2020
11235657;Natalija Gukova;kehtiv;2006-07-04;;2006
12976700;Natalja Duda;kehtiv;2016-02-05;;2016
14890776;Natmel OÜ;kehtiv;2021-07-08;;2021
12830540;Naturaalprojekt OÜ;kehtiv;2018-04-23;;2018
17179998;Nautica golfikeskus OÜ;kehtiv;2025-03-16;;2025
12881052;Nautlejad OÜ;kehtiv;2020-07-30;;2020
12492089;Nautse OÜ;kehtiv;2014-06-05;;2014
12492089;Nautse OÜ;kehtiv;2014-06-12;;2014
14791347;Nawwas Sakuranomi OÜ;kehtiv;2020-06-18;;2020
14561280;Nectar OÜ;kehtiv;2023-03-24;;2023
14772048;Neeme Marina OÜ;kehtiv;2020-06-04;;2020
16236880;Negus Negusti OÜ;kehtiv;2021-07-08;;2021
14890865;Neitsijärve OÜ;kehtiv;2021-06-16;;2021
10392047;Neitsitorni kohviku Aktsiaselts;kehtiv;2005-05-02;;2005
10392047;Neitsitorni kohviku Aktsiaselts;kehtiv;2005-05-02;;2005
10392047;Neitsitorni kohviku Aktsiaselts;kehtiv;2005-05-05;;2005
17052366;Neko Delivery OÜ;kehtiv;2024-09-01;;2024
17019883;Neko Resto OÜ;kehtiv;2024-07-24;;2024
17150086;Nekskörd OÜ;kehtiv;2025-01-08;;2025
12634402;Neli tuba OÜ;kehtiv;2015-06-10;;2015
17394718;Neljakesi OÜ;kehtiv;2026-03-16;;2026
10966152;Neuemark OÜ;kehtiv;2009-04-09;;2009
12797452;Never too late OÜ;kehtiv;2019-05-22;;2019
14481575;New Format OÜ;kehtiv;2021-04-28;;2021
10220837;New Orleans Ribs OÜ;kehtiv;2019-05-24;;2019
11910389;New Orleans Ribs OÜ;kehtiv;2010-09-24;;2010
12596205;New York Ribs OÜ;kehtiv;2014-05-30;;2014
10560295;Next Level Agency OÜ;kehtiv;2012-11-15;;2012
16939788;Nightberry OÜ;kehtiv;2024-04-29;;2024
14709268;Nimeotsing OÜ;kehtiv;2019-10-21;;2019
11080924;Nimeta Management Osaühing;kehtiv;2005-05-13;;2005
16341654;Ninase Puhkeküla OÜ;kehtiv;2024-04-09;;2024
12525825;Nirvana OÜ;kehtiv;2014-08-16;;2014
12407356;Nkotakata Mterera OÜ;kehtiv;2021-04-09;;2021
12910871;No Work OÜ;kehtiv;2019-06-10;;2019
17198006;Noarootsi Teatrigaraaž OÜ;kehtiv;2025-04-04;;2025
17226576;Nomade Resto OÜ;kehtiv;2025-08-04;;2025
12486835;Noorus OÜ;kehtiv;2017-09-26;;2017
14452496;Norbert Lampert;kehtiv;2020-08-27;;2020
17065437;NordAsia OÜ;kehtiv;2025-06-17;;2025
14025765;Nordhouse Building centre OÜ;kehtiv;2016-11-02;;2016
12649579;Nordic Beach OÜ;kehtiv;2017-11-07;;2017
12154406;Nordic Beer House OÜ;kehtiv;2017-07-28;;2017
14095777;Nordic Cafes OÜ;kehtiv;2016-08-12;;2016
12189847;Nordic Homeart OÜ;kehtiv;2012-11-30;;2012
14573550;Nordic SeaWood OÜ;kehtiv;2019-08-01;;2019
11970948;NordicOne OÜ;kehtiv;2012-08-17;;2012
12179731;Nordstrand OÜ;kehtiv;2013-06-11;;2013
14609147;Norsberg Estonia OÜ;kehtiv;2018-12-04;;2018
14145274;Northmen Cafe OÜ;kehtiv;2017-05-15;;2017
12653641;Notemill OÜ;kehtiv;2020-07-01;;2020
11620711;NovaBeta OÜ;kehtiv;2013-07-10;;2013
12348949;Novabaltic Retail OÜ;kehtiv;2020-06-19;;2020
16409524;NoveMore OÜ;kehtiv;2022-05-13;;2022
17236296;Novempes OÜ;kehtiv;2025-05-29;;2025
10331672;Novus Cars Estonia OÜ;kehtiv;2015-01-09;;2015
14485159;Noya Restoran OÜ;kehtiv;2018-07-02;;2018
12998104;Nunne Kvartal OÜ;kehtiv;2005-06-27;;2005
14159106;Nurga Taldrik OÜ;kehtiv;2017-03-30;;2017
14186215;Nurmenuku Pood OÜ;kehtiv;2020-10-27;;2020
14110726;Nuustaku Pruulikoda OÜ;kehtiv;2021-07-03;;2021
14987240;Nyarajar Niambusu OÜ;kehtiv;2020-06-16;;2020
14266316;Näljane OÜ;kehtiv;2017-06-19;;2017
10813069;Nässuma Puhkekeskus OÜ;kehtiv;2014-06-19;;2014
80364733;Nõmme Haridus- ja Rahvamajaselts;kehtiv;2014-12-03;;2014
12720573;Nõmme Jaamarestoran OÜ;kehtiv;2015-03-13;;2015
12654505;Nõmme Kaubandus OÜ;kehtiv;2021-05-14;;2021
14674937;Nõmme Kõrts ja Peoruum OÜ;kehtiv;2019-03-05;;2019
14633861;Nöks OÜ;kehtiv;2019-05-28;;2019
12840544;Nöösker OÜ;kehtiv;2024-01-30;;2024
17180549;Nüanss Drinks OÜ;kehtiv;2025-02-27;;2025
14769276;Nümfo OÜ;kehtiv;2020-07-08;;2020
14921784;O Art Studio OÜ;kehtiv;2020-06-17;;2020
12456018;O-SUSHI GROUP OÜ;kehtiv;2026-02-22;;2026
10371453;O.K. Neeruti Aktsiaselts;kehtiv;2007-05-09;;2007
14045182;ODGOVARA SHABLI OÜ;kehtiv;2016-05-25;;2016
11692359;ODIL Eesti OÜ;kehtiv;2009-10-06;;2009
14008790;OLD TOWN HOSTEL ALUR OÜ;kehtiv;2018-11-27;;2018
10887889;OLDE ESTONIA OÜ;kehtiv;2005-05-06;;2005
10887889;OLDE ESTONIA OÜ;kehtiv;2011-10-25;;2011
10887889;OLDE ESTONIA OÜ;kehtiv;2011-12-28;;2011
10849021;OLEG ORLOV;kehtiv;2008-02-06;;2008
12476021;OLEGRAND BALTIC OÜ;kehtiv;2016-09-06;;2016
11382200;OLEV MÄE;kehtiv;2013-07-04;;2013
12691720;OLTAN TOITLUSTUS OÜ;kehtiv;2015-06-01;;2015
12052746;OLXCLUB OSAÜHING;kehtiv;2012-04-05;;2012
16259823;OM JAI SHAMBHO OÜ;kehtiv;2021-09-27;;2021
80328246;OM Stuudio;kehtiv;2018-03-27;;2018
14313441;OPINT OÜ;kehtiv;2024-09-23;;2024
11101974;OSAÜHING A.G.M. KAUBANDUS;kehtiv;2005-07-01;;2005
11101974;OSAÜHING A.G.M. KAUBANDUS;kehtiv;2006-05-10;;2006
11334448;OSAÜHING ALMIRANIX;kehtiv;2007-03-23;;2007
10311920;OSAÜHING ALSTOK PUIT;kehtiv;2010-11-19;;2010
10306609;OSAÜHING ANNRII;kehtiv;2010-04-01;;2010
10680556;OSAÜHING ARAZ MARKET;kehtiv;2015-08-13;;2015
10156571;OSAÜHING BON-HI;kehtiv;2006-12-27;;2006
10988308;OSAÜHING Bassing;kehtiv;2018-01-31;;2018
11096701;OSAÜHING Bermotex;kehtiv;2015-04-06;;2015
10935559;OSAÜHING CITYHAUS GRUPP;kehtiv;2004-12-27;;2004
10859775;OSAÜHING CITYPARTNER;kehtiv;2005-03-23;;2005
10238530;OSAÜHING ELOMETSO;kehtiv;2004-12-10;;2004
10378871;OSAÜHING EMART AUTO;kehtiv;2005-04-21;;2005
10432953;OSAÜHING ENDU-INNI;kehtiv;2010-06-22;;2010
11142594;OSAÜHING Elviac;kehtiv;2008-05-13;;2008
10283967;OSAÜHING FORSS;kehtiv;2004-09-03;;2004
10061014;OSAÜHING GRETA BAAR;kehtiv;2005-04-15;;2005
10870305;OSAÜHING HANSACONSTANT & PARTNERID;kehtiv;2005-03-15;;2005
10991380;OSAÜHING HANSAPLANT HULGI;kehtiv;2010-07-14;;2010
11314776;OSAÜHING HIGH-TEX;kehtiv;2018-04-30;;2018
10492168;OSAÜHING JASME;kehtiv;2012-05-10;;2012
11503572;OSAÜHING KAPRIZ SAJUZ;kehtiv;2008-05-13;;2008
10306496;OSAÜHING KET-BOX;kehtiv;2017-10-16;;2017
10693027;OSAÜHING KONFLORA;kehtiv;2017-06-10;;2017
10188631;OSAÜHING KOTKA- RIST;kehtiv;2005-04-13;;2005
10708668;OSAÜHING Ketterer;kehtiv;2005-03-28;;2005
10304304;OSAÜHING KÖÖGIKRATT;kehtiv;2005-04-12;;2005
10304304;OSAÜHING KÖÖGIKRATT;kehtiv;2006-07-10;;2006
11434196;OSAÜHING LANDVETER;kehtiv;2008-09-10;;2008
10546444;OSAÜHING LEIDREK;kehtiv;2008-05-26;;2008
10305172;OSAÜHING MAASIKAS & KO;kehtiv;2005-02-21;;2005
10202986;OSAÜHING MAIASMOKK;kehtiv;2004-04-27;;2004
11282881;OSAÜHING MIMOSA DESIGN;kehtiv;2012-04-16;;2012
10283068;OSAÜHING OMARENT;kehtiv;2020-06-17;;2020
10528334;OSAÜHING PIDULAUD;kehtiv;2010-01-18;;2010
10781688;OSAÜHING RAIGER TRIO;kehtiv;2005-02-21;;2005
10700164;OSAÜHING RAMBUUR TOITLUSTUS;kehtiv;2005-03-30;;2005
10394559;OSAÜHING RELIINA;kehtiv;2005-04-18;;2005
10845655;OSAÜHING RIKA MOR;kehtiv;2011-12-06;;2011
10845655;OSAÜHING RIKA MOR;kehtiv;2014-03-28;;2014
10237306;OSAÜHING RIXMERI;kehtiv;2005-06-17;;2005
10188186;OSAÜHING RMM TOITLUSTUS;kehtiv;2005-03-14;;2005
11131395;OSAÜHING RUSSTRAH;kehtiv;2015-07-08;;2015
10328339;OSAÜHING SARGOLD;kehtiv;2005-04-15;;2005
10391504;OSAÜHING SAUKAS;kehtiv;2005-05-10;;2005
10197446;OSAÜHING SEMIKOR;kehtiv;2004-06-30;;2004
11088541;OSAÜHING SHINOK;kehtiv;2005-03-10;;2005
11088541;OSAÜHING SHINOK;kehtiv;2011-05-31;;2011
10321573;OSAÜHING TESMASAN;kehtiv;2014-10-20;;2014
10562928;OSAÜHING TÄHETORNI;kehtiv;2004-06-04;;2004
10407004;OSAÜHING ULVI KÖÖK;kehtiv;2004-09-13;;2004
10193477;OSAÜHING VETSITALL;kehtiv;2005-04-28;;2005
10391094;OSAÜHING VIIGARDI;kehtiv;2005-04-06;;2005
10266124;OSAÜHING VIRMA M.T.;kehtiv;2004-04-27;;2004
10264415;OSAÜHING WESTBERG;kehtiv;2012-05-23;;2012
11148823;OSAÜHING ÖKUL;kehtiv;2005-08-30;;2005
12258092;Oaas Catering OÜ;kehtiv;2013-01-11;;2013
16250839;Obvia OÜ;kehtiv;2024-06-06;;2024
14060425;Ocelotus OÜ;kehtiv;2021-01-21;;2021
12518446;Ocras OÜ;kehtiv;2017-09-09;;2017
14390364;Oguy Njemanze OÜ;kehtiv;2017-12-22;;2017
12922584;Ogwashi Ukwunzu OÜ;kehtiv;2019-03-28;;2019
80613722;Ohtu Motoklubi;kehtiv;2025-01-09;;2025
12413011;Oidika OÜ;kehtiv;2018-05-31;;2018
17025375;Oja Pizza OÜ;kehtiv;2024-10-04;;2024
14470778;Ojakask OÜ;kehtiv;2019-01-13;;2019
12148386;Okaskera Grupp OÜ;kehtiv;2011-10-07;;2011
12630930;Okkatee OÜ;kehtiv;2019-10-30;;2019
12099535;Oksana Serdjuk;kehtiv;2015-07-03;;2015
14917593;Oktain Grupp OÜ;kehtiv;2020-09-07;;2020
11370579;Olamer OÜ;kehtiv;2021-06-21;;2021
16225497;Old Hapsal Hotel OÜ;kehtiv;2024-03-13;;2024
12492675;Olelukoe Fantazija OÜ;kehtiv;2021-05-17;;2021
12798799;Olgina Arendus OÜ;kehtiv;2021-05-17;;2021
11192283;Olive Hospitality OÜ;kehtiv;2006-09-28;;2006
11192283;Olive Hospitality OÜ;kehtiv;2006-09-28;;2006
14540421;Olivia Resto OÜ;kehtiv;2018-10-17;;2018
16900562;Olvia KONT OÜ;kehtiv;2024-11-13;;2024
14124131;Omniko Etana OÜ;kehtiv;2017-04-04;;2017
14333969;One World Golf OÜ;kehtiv;2021-10-12;;2021
17380768;Oolwere OÜ;kehtiv;2026-05-05;;2026
16065817;Opium World OÜ;kehtiv;2020-11-05;;2020
14312157;Optimus & Partners OÜ;kehtiv;2018-10-23;;2018
16448855;Orange House OÜ;kehtiv;2022-05-03;;2022
16784819;Oraveski OÜ;kehtiv;2024-04-30;;2024
14188533;Original Decor OÜ;kehtiv;2020-03-21;;2020
80241870;Orjaku Külaselts;kehtiv;2016-05-12;;2016
17396060;Oru Hotel OP OÜ;kehtiv;2010-12-17;;2010
11132420;Oru-A2 osaühing;kehtiv;2007-07-17;;2007
10006995;"Osaühing ""Pajula""";kehtiv;2009-06-16;;2009
10006995;"Osaühing ""Pajula""";kehtiv;2011-10-20;;2011
10039090;"Osaühing ""Ümma Pizza""";kehtiv;2005-03-31;;2005
11442899;Osaühing A Klass Ehitus;kehtiv;2011-11-30;;2011
10204459;Osaühing A-ENTIMA;kehtiv;2015-11-17;;2015
11129642;Osaühing ANITA TUUR;kehtiv;2008-06-03;;2008
10680680;Osaühing Acrofit;kehtiv;2013-07-18;;2013
10373771;Osaühing Adams Grupp;kehtiv;2014-02-06;;2014
10095792;Osaühing Adiantro;kehtiv;2005-04-25;;2005
11598029;Osaühing Advance Avenue;kehtiv;2009-12-17;;2009
11710650;Osaühing Aldar Eesti;kehtiv;2012-06-13;;2012
11335531;Osaühing Alfadel;kehtiv;2021-02-24;;2021
10233455;Osaühing Alfredi pub;kehtiv;2006-03-23;;2006
11130846;Osaühing Allodium;kehtiv;2006-05-05;;2006
11411410;Osaühing AlterTech EU;kehtiv;2019-11-11;;2019
10821850;Osaühing Amberto Invest;kehtiv;2006-01-27;;2006
11759478;Osaühing Anne Toidud;kehtiv;2009-11-26;;2009
10370258;Osaühing Aramis;kehtiv;2015-07-20;;2015
10358694;Osaühing Arensburg;kehtiv;2005-06-16;;2005
10358694;Osaühing Arensburg;kehtiv;2005-06-16;;2005
10878100;Osaühing Argonfeld;kehtiv;2012-09-18;;2012
11091767;Osaühing Artemis Souvlaki;kehtiv;2013-03-20;;2013
10359191;Osaühing Asmark;kehtiv;2005-09-30;;2005
10424534;Osaühing Avelin LM;kehtiv;2014-02-17;;2014
10130413;Osaühing Avicula;kehtiv;2004-06-10;;2004
10245412;Osaühing BALTISKA VIRU;kehtiv;2004-04-22;;2004
10245412;Osaühing BALTISKA VIRU;kehtiv;2014-02-13;;2014
10425255;Osaühing BEK;kehtiv;2009-05-26;;2009
10636176;Osaühing BREVINI;kehtiv;2009-06-03;;2009
10636176;Osaühing BREVINI;kehtiv;2012-10-09;;2012
11089822;Osaühing Balti Ärigrupp;kehtiv;2010-10-26;;2010
10729682;Osaühing Baltic Loghouses;kehtiv;2021-05-31;;2021
10333688;Osaühing Bankend Group;kehtiv;2019-01-15;;2019
10657936;Osaühing Bannerton;kehtiv;2004-05-13;;2004
12251003;Osaühing Barthold;kehtiv;2022-12-28;;2022
10730550;Osaühing Bejlagan;kehtiv;2021-02-03;;2021
10574920;Osaühing Blue Systems;kehtiv;2004-09-13;;2004
10848866;Osaühing CARALEE;kehtiv;2012-11-14;;2012
10301731;Osaühing Capsi AP;kehtiv;2012-12-28;;2012
10000774;Osaühing Casus;kehtiv;2023-07-06;;2023
10114265;Osaühing Catering Service;kehtiv;2005-03-29;;2005
10025455;Osaühing Cavaterra;kehtiv;2005-03-18;;2005
10922249;Osaühing Central Hotell;kehtiv;2005-04-01;;2005
10725218;Osaühing Comlink;kehtiv;2007-11-30;;2007
10725218;Osaühing Comlink;kehtiv;2008-09-09;;2008
10725218;Osaühing Comlink;kehtiv;2010-01-18;;2010
10178710;Osaühing Desoral;kehtiv;2004-11-18;;2004
12661540;Osaühing Dionis Grupp;kehtiv;2014-06-11;;2014
11160184;Osaühing Dunkley;kehtiv;2011-10-28;;2011
10119558;Osaühing EKA Toitlustus;kehtiv;2004-04-30;;2004
12373918;Osaühing ELPAN;kehtiv;2014-11-24;;2014
11476697;Osaühing EPITET;kehtiv;2009-03-04;;2009
10245984;Osaühing ESTEETIKA JA TANTSUKOOL;kehtiv;2018-06-21;;2018
10830702;Osaühing ETAPP SN;kehtiv;2005-05-10;;2005
16133944;Osaühing EXTEBAR;kehtiv;2024-07-17;;2024
10232257;Osaühing Egiid;kehtiv;2004-05-06;;2004
11322675;Osaühing Ehakas;kehtiv;2007-05-25;;2007
11469786;Osaühing Eivera;kehtiv;2026-04-15;;2026
10098603;Osaühing Ektarin;kehtiv;2005-04-01;;2005
10418290;Osaühing Elepak;kehtiv;2006-01-13;;2006
10488178;Osaühing Elevant;kehtiv;2004-12-31;;2004
10751823;Osaühing Emilios;kehtiv;2019-02-23;;2019
10086304;Osaühing Enim;kehtiv;2014-06-04;;2014
10711179;Osaühing Esperan;kehtiv;2007-03-01;;2007
10711179;Osaühing Esperan;kehtiv;2008-11-28;;2008
10711179;Osaühing Esperan;kehtiv;2010-05-25;;2010
10711179;Osaühing Esperan;kehtiv;2011-02-11;;2011
10711179;Osaühing Esperan;kehtiv;2013-03-13;;2013
10711179;Osaühing Esperan;kehtiv;2013-10-28;;2013
10711179;Osaühing Esperan;kehtiv;2014-02-25;;2014
10711179;Osaühing Esperan;kehtiv;2014-03-25;;2014
10893938;Osaühing Estnature;kehtiv;2012-06-08;;2012
10329557;Osaühing Estonian Coffeehouse;kehtiv;2010-03-03;;2010
10481466;Osaühing Estrelita;kehtiv;2015-10-15;;2015
10911168;Osaühing Ethel Merman;kehtiv;2017-10-27;;2017
10993657;Osaühing Eurowell;kehtiv;2024-10-02;;2024
10644075;Osaühing Euterpe;kehtiv;2008-09-11;;2008
11278879;Osaühing Evermark;kehtiv;2007-03-26;;2007
10308957;Osaühing Express TR;kehtiv;2005-04-27;;2005
10250620;Osaühing F 3;kehtiv;2004-10-14;;2004
11345624;Osaühing Farfalle;kehtiv;2021-05-19;;2021
11586486;Osaühing Fatlink;kehtiv;2017-11-16;;2017
10098141;Osaühing Finite;kehtiv;2005-03-10;;2005
11424039;Osaühing Firm Ehitus;kehtiv;2018-07-11;;2018
10826882;Osaühing Firreto;kehtiv;2005-09-14;;2005
10539310;Osaühing Fliis Trade;kehtiv;2005-04-05;;2005
11167173;Osaühing Forellipüük;kehtiv;2005-12-21;;2005
10591404;Osaühing Fortuna Travel;kehtiv;2016-04-28;;2016
10883398;Osaühing Foxy;kehtiv;2020-03-18;;2020
10858563;Osaühing Fulton Service;kehtiv;2005-04-18;;2005
10048960;Osaühing GAARLIG;kehtiv;2017-06-09;;2017
10461788;Osaühing GAVERT;kehtiv;2005-01-05;;2005
10338183;Osaühing GENEVA;kehtiv;2004-05-28;;2004
10338183;Osaühing GENEVA;kehtiv;2004-12-15;;2004
10338183;Osaühing GENEVA;kehtiv;2008-05-06;;2008
10338183;Osaühing GENEVA;kehtiv;2008-05-06;;2008
10338183;Osaühing GENEVA;kehtiv;2009-06-04;;2009
10876986;Osaühing GRAUBERG;kehtiv;2022-05-12;;2022
10731532;Osaühing Geldias Grupp;kehtiv;2005-04-15;;2005
10724176;Osaühing HAMLIN;kehtiv;2011-06-29;;2011
10221340;Osaühing HIIBO;kehtiv;2004-12-08;;2004
10127397;Osaühing HILMERI;kehtiv;2018-09-07;;2018
10792290;Osaühing Haapsalu Linna Spordibaasid;kehtiv;2004-08-23;;2004
10792290;Osaühing Haapsalu Linna Spordibaasid;kehtiv;2012-06-28;;2012
10221759;Osaühing Halinga Keskus;kehtiv;2024-10-31;;2024
10703955;Osaühing Handell;kehtiv;2007-04-20;;2007
10022681;Osaühing Hankasport;kehtiv;2016-03-23;;2016
10591746;Osaühing Hansacatering;kehtiv;2006-10-18;;2006
10591746;Osaühing Hansacatering;kehtiv;2006-11-09;;2006
10979137;Osaühing Harrelson;kehtiv;2008-01-17;;2008
10085894;Osaühing Havers;kehtiv;2007-07-25;;2007
10837744;Osaühing Helliston;kehtiv;2011-07-07;;2011
11714794;Osaühing Hiieleek;kehtiv;2009-10-12;;2009
10941152;Osaühing Hobbykarting;kehtiv;2007-08-17;;2007
10941152;Osaühing Hobbykarting;kehtiv;2010-05-18;;2010
10584501;Osaühing Hogg Invest;kehtiv;2022-11-01;;2022
10476620;Osaühing Honeywell;kehtiv;2005-03-04;;2005
10476620;Osaühing Honeywell;kehtiv;2005-04-01;;2005
11408448;Osaühing Horndal;kehtiv;2024-06-20;;2024
11218512;Osaühing Hunt-Fish Group;kehtiv;2009-06-04;;2009
10247635;Osaühing IDA R&D;kehtiv;2011-02-15;;2011
10247635;Osaühing IDA R&D;kehtiv;2011-12-01;;2011
10161031;Osaühing IKB;kehtiv;2005-04-22;;2005
10924248;Osaühing IMAVERE ARENDUS;kehtiv;2014-03-13;;2014
10161922;Osaühing Illimar;kehtiv;2018-08-08;;2018
10334073;Osaühing Ilona Paugus;kehtiv;2004-09-27;;2004
10186922;Osaühing JOOSAND;kehtiv;2005-04-19;;2005
10186922;Osaühing JOOSAND;kehtiv;2008-02-29;;2008
10794679;Osaühing Jeeb;kehtiv;2008-09-26;;2008
10794679;Osaühing Jeeb;kehtiv;2010-09-13;;2010
10794679;Osaühing Jeeb;kehtiv;2012-05-30;;2012
10182321;Osaühing Jussi Grupp;kehtiv;2005-04-25;;2005
11231085;Osaühing Jõeoru Villa;kehtiv;2006-04-28;;2006
10885695;Osaühing KARHOF;kehtiv;2005-04-08;;2005
10196955;Osaühing KAUKSI RAND;kehtiv;2006-05-15;;2006
11102844;Osaühing KESSUKE;kehtiv;2005-10-07;;2005
10928281;Osaühing KITMARI;kehtiv;2014-07-28;;2014
10133334;Osaühing KOMANDOR;kehtiv;2004-07-01;;2004
10133334;Osaühing KOMANDOR;kehtiv;2004-10-08;;2004
10400516;Osaühing KREENIKA;kehtiv;2006-03-20;;2006
10928654;Osaühing KRUNK;kehtiv;2011-11-14;;2011
10510386;Osaühing KUTER;kehtiv;2006-04-28;;2006
10338355;Osaühing KWARTONS;kehtiv;2012-11-07;;2012
10338355;Osaühing KWARTONS;kehtiv;2014-04-03;;2014
10405330;Osaühing Kadri Tare;kehtiv;2005-03-29;;2005
10405330;Osaühing Kadri Tare;kehtiv;2010-01-14;;2010
10125984;Osaühing Kagureis;kehtiv;2005-04-26;;2005
10125984;Osaühing Kagureis;kehtiv;2005-04-26;;2005
10125984;Osaühing Kagureis;kehtiv;2010-05-11;;2010
10124424;Osaühing Kalamees;kehtiv;2005-04-14;;2005
10124424;Osaühing Kalamees;kehtiv;2011-11-24;;2011
11253388;Osaühing Kalastustarbed;kehtiv;2010-09-28;;2010
11253388;Osaühing Kalastustarbed;kehtiv;2012-05-24;;2012
10813900;Osaühing Kariplon;kehtiv;2005-04-07;;2005
10813900;Osaühing Kariplon;kehtiv;2013-03-26;;2013
10594199;Osaühing Karleco;kehtiv;2005-05-19;;2005
10594199;Osaühing Karleco;kehtiv;2010-07-14;;2010
10817914;Osaühing Karmenita;kehtiv;2006-04-05;;2006
10219509;Osaühing Kaubavarustus St. MAR;kehtiv;2015-09-01;;2015
10280377;Osaühing Kebab King;kehtiv;2015-04-24;;2015
10017208;Osaühing Keila Gnoom;kehtiv;2005-03-15;;2005
10858379;Osaühing Kemendro;kehtiv;2005-03-31;;2005
10789193;Osaühing Kentmanni Pub;kehtiv;2012-12-05;;2012
10550701;Osaühing Kesling;kehtiv;2005-04-18;;2005
10441509;Osaühing Kingexport;kehtiv;2005-01-25;;2005
10441509;Osaühing Kingexport;kehtiv;2005-06-22;;2005
11247850;Osaühing Kipi-Koovi;kehtiv;2008-07-24;;2008
10208724;Osaühing Klaasimees;kehtiv;2008-12-17;;2008
11053399;Osaühing Klementina;kehtiv;2005-02-11;;2005
10634384;Osaühing Klubikultuur;kehtiv;2005-04-19;;2005
11092560;Osaühing Kodade;kehtiv;2016-06-06;;2016
10659510;Osaühing Koduköök;kehtiv;2005-02-01;;2005
10153325;Osaühing Kodulinna Lokaal;kehtiv;2005-03-07;;2005
10296645;Osaühing Kommerts;kehtiv;2005-05-19;;2005
12146312;Osaühing Kongo Hotell;kehtiv;2012-06-11;;2012
10296332;Osaühing Korall A.H.T.;kehtiv;2007-06-14;;2007
10144409;Osaühing Korrin;kehtiv;2006-12-21;;2006
10480188;Osaühing Kreemela Maxi;kehtiv;2005-04-18;;2005
11873004;Osaühing Kriscontrol;kehtiv;2017-05-17;;2017
10405399;Osaühing Krylvi;kehtiv;2007-06-29;;2007
11238791;Osaühing Kuku Köögid;kehtiv;2012-10-09;;2012
11468083;Osaühing Kuppel Toitlustus;kehtiv;2013-08-08;;2013
10734074;Osaühing Kuremäe Matkad;kehtiv;2009-09-28;;2009
10610588;Osaühing Kurva Kodu;kehtiv;2005-04-19;;2005
10669342;Osaühing LAAGNOR;kehtiv;2004-05-28;;2004
10236206;Osaühing LIHULA KAUBAHOOV;kehtiv;2014-09-16;;2014
10928602;Osaühing LINAVURT;kehtiv;2008-05-13;;2008
10988159;Osaühing LK Eined;kehtiv;2005-04-27;;2005
10941755;Osaühing LUCULLUS;kehtiv;2005-07-21;;2005
10941755;Osaühing LUCULLUS;kehtiv;2008-02-29;;2008
10847861;Osaühing Laesson & Partnerid;kehtiv;2013-12-03;;2013
10847861;Osaühing Laesson & Partnerid;kehtiv;2014-07-09;;2014
10996710;Osaühing Lahe Maja;kehtiv;2015-04-07;;2015
10854105;Osaühing Laiamäe Talu;kehtiv;2007-07-18;;2007
10572424;Osaühing Lammasmäe Puhkekeskus;kehtiv;2005-04-28;;2005
10221587;Osaühing Larsen FP;kehtiv;2020-01-10;;2020
10707611;Osaühing Lavigo;kehtiv;2020-04-21;;2020
11150010;Osaühing Lavora;kehtiv;2006-02-01;;2006
11150010;Osaühing Lavora;kehtiv;2006-02-01;;2006
10094137;Osaühing Lehtsala;kehtiv;2005-03-18;;2005
10073709;Osaühing Leman;kehtiv;2004-06-16;;2004
10073709;Osaühing Leman;kehtiv;2004-10-12;;2004
10560987;Osaühing Levirando;kehtiv;2005-04-20;;2005
10358665;Osaühing Liisi;kehtiv;2004-06-02;;2004
10358665;Osaühing Liisi;kehtiv;2013-10-11;;2013
12155073;Osaühing Loka Group;kehtiv;2019-09-26;;2019
11903633;Osaühing Loob International;kehtiv;2011-06-21;;2011
12161866;Osaühing Luidoor;kehtiv;2013-03-28;;2013
10234822;Osaühing Lukos;kehtiv;2005-03-15;;2005
10612572;Osaühing LÕVI;kehtiv;2005-03-14;;2005
10612572;Osaühing LÕVI;kehtiv;2005-03-14;;2005
16439838;Osaühing Lähte Pagar;kehtiv;2024-02-24;;2024
10408363;Osaühing M.M.E.Omelan;kehtiv;2005-04-28;;2005
10578303;Osaühing MAALETOR;kehtiv;2006-12-12;;2006
10928708;Osaühing MARELLABELL;kehtiv;2019-07-09;;2019
10661300;Osaühing MAX SERVIC;kehtiv;2012-11-30;;2012
10654458;Osaühing MELMONT;kehtiv;2005-01-04;;2005
10448351;Osaühing MEPA & KO;kehtiv;2005-03-31;;2005
10228968;Osaühing MM-CONTRA;kehtiv;2008-08-29;;2008
11154278;Osaühing Maitsest Maitsesse;kehtiv;2009-11-10;;2009
11212828;Osaühing Malana Grupp;kehtiv;2010-06-11;;2010
10159374;Osaühing Malltop;kehtiv;2005-04-01;;2005
10530928;Osaühing Manderon;kehtiv;2009-04-08;;2009
11700999;Osaühing Mandra Kaubandus;kehtiv;2015-10-06;;2015
11310376;Osaühing Mare Catering;kehtiv;2016-02-22;;2016
11185296;Osaühing Marengel;kehtiv;2007-09-13;;2007
16044962;Osaühing Maricolous;kehtiv;2022-03-07;;2022
10620241;Osaühing Mark Systems;kehtiv;2004-08-26;;2004
10334297;Osaühing Mathiesen ja pojad;kehtiv;2005-03-31;;2005
11008134;Osaühing Matkaabi;kehtiv;2025-07-15;;2025
10967312;Osaühing Matkamees;kehtiv;2018-05-15;;2018
10453978;Osaühing Maurellis;kehtiv;2015-12-15;;2015
10813039;Osaühing Meie Pubi;kehtiv;2005-03-11;;2005
10836024;Osaühing Merike;kehtiv;2005-04-15;;2005
11352104;Osaühing Merintal;kehtiv;2007-09-03;;2007
10795213;Osaühing Morteron;kehtiv;2005-05-04;;2005
10659438;Osaühing Muhu Jaanalind;kehtiv;2009-06-16;;2009
11132041;Osaühing Muhu Maa;kehtiv;2014-10-31;;2014
10830323;Osaühing Mäenurga Talu;kehtiv;2005-03-11;;2005
17263904;Osaühing Männikohvik;kehtiv;2025-06-27;;2025
10541725;Osaühing Mäo Grill;kehtiv;2005-03-18;;2005
10541725;Osaühing Mäo Grill;kehtiv;2014-10-20;;2014
10951593;Osaühing NIKA GRUPP;kehtiv;2005-04-05;;2005
11372377;Osaühing NOVATREK GROUP;kehtiv;2010-08-06;;2010
10239618;Osaühing Narva Kohvik;kehtiv;2005-02-21;;2005
16006737;Osaühing Narwest;kehtiv;2021-07-14;;2021
10484134;Osaühing Nata Paradiis;kehtiv;2017-08-18;;2017
10271639;Osaühing Naxos;kehtiv;2004-05-18;;2004
11149337;Osaühing Nordic Hotels;kehtiv;2007-12-04;;2007
11149337;Osaühing Nordic Hotels;kehtiv;2007-12-04;;2007
11149337;Osaühing Nordic Hotels;kehtiv;2007-12-04;;2007
10229175;Osaühing Nuka Kaubad;kehtiv;2013-07-10;;2013
11656755;Osaühing Nurgapealne;kehtiv;2010-02-04;;2010
10248273;Osaühing Nurm;kehtiv;2005-03-28;;2005
11185132;Osaühing OKTAR MT;kehtiv;2019-06-07;;2019
11426667;Osaühing OVO KREDIIT;kehtiv;2018-01-10;;2018
11248163;Osaühing Ohukotsu Ehitus;kehtiv;2019-02-26;;2019
10196866;Osaühing Oligarh;kehtiv;2019-03-11;;2019
10763928;Osaühing Olindia;kehtiv;2024-06-28;;2024
10919721;Osaühing Orantes;kehtiv;2004-10-12;;2004
10993261;Osaühing Ozon;kehtiv;2005-04-14;;2005
11997982;Osaühing PAE BAAR;kehtiv;2010-10-27;;2010
11144340;Osaühing PD Grupp;kehtiv;2005-06-21;;2005
11334508;Osaühing POSITIVUS;kehtiv;2007-05-18;;2007
11334508;Osaühing POSITIVUS;kehtiv;2008-11-24;;2008
11101655;Osaühing PRIMOS GRUPP;kehtiv;2013-09-06;;2013
11131679;Osaühing PUHTUS JA HOOLITSUS;kehtiv;2017-10-30;;2017
10170772;Osaühing Paan;kehtiv;2005-02-17;;2005
10170772;Osaühing Paan;kehtiv;2005-03-10;;2005
10170772;Osaühing Paan;kehtiv;2005-03-11;;2005
10170772;Osaühing Paan;kehtiv;2005-03-11;;2005
10170772;Osaühing Paan;kehtiv;2005-03-30;;2005
10170772;Osaühing Paan;kehtiv;2008-02-08;;2008
10170772;Osaühing Paan;kehtiv;2014-09-18;;2014
10656380;Osaühing Paleton;kehtiv;2008-11-21;;2008
11961659;Osaühing Palgisaar;kehtiv;2010-07-19;;2010
10335013;Osaühing Pantole;kehtiv;2004-04-28;;2004
10276677;Osaühing Peeter Projekt;esitatud;2005-04-01;;2005
11275266;Osaühing Pellando;kehtiv;2009-12-02;;2009
10268436;Osaühing Perenaine;kehtiv;2004-08-25;;2004
12558492;Osaühing Piiri Kalasaar;kehtiv;2017-01-21;;2017
11526107;Osaühing Pitas;kehtiv;2009-05-07;;2009
10049378;Osaühing Piurik;kehtiv;2023-03-09;;2023
12095945;Osaühing Poeet;kehtiv;2021-03-17;;2021
11189006;Osaühing Pressing;kehtiv;2006-03-10;;2006
11189006;Osaühing Pressing;kehtiv;2014-12-11;;2014
10982116;Osaühing Punane Torn;kehtiv;2004-07-23;;2004
10617291;Osaühing Puuhamaa;kehtiv;2005-03-16;;2005
10266584;Osaühing PÕHJA VALDUS;kehtiv;2009-09-16;;2009
14079175;Osaühing Päikseline catering;kehtiv;2016-11-16;;2016
12445954;Osaühing RAMM ja RUUM;kehtiv;2017-06-05;;2017
10113099;Osaühing REFKOMP;kehtiv;2005-04-14;;2005
10196984;Osaühing REINEBERG;kehtiv;2004-08-12;;2004
11292230;Osaühing RIKAS-VO;kehtiv;2007-04-27;;2007
11031268;Osaühing RILJA;kehtiv;2011-04-28;;2011
11430382;Osaühing ROCCA HOTELLIGRUPP;kehtiv;2008-04-30;;2008
10056444;Osaühing ROOSTA PUHKEKÜLA;kehtiv;2005-05-30;;2005
11188656;Osaühing RUSANIKA;kehtiv;2006-03-01;;2006
10122253;Osaühing Raaret;kehtiv;2016-06-06;;2016
10771069;Osaühing Rakbowl;kehtiv;2012-07-11;;2012
10368793;Osaühing Ranissa;kehtiv;2006-05-18;;2006
11322586;Osaühing Ranna-Villa;kehtiv;2018-05-28;;2018
11108901;Osaühing Reeda Pagar;kehtiv;2016-06-30;;2016
10931107;Osaühing Reelingu;kehtiv;2005-04-14;;2005
11435793;Osaühing Reimerland;kehtiv;2008-02-08;;2008
10003376;Osaühing Reinup Reisid;kehtiv;2005-04-05;;2005
10082105;Osaühing Reiser;kehtiv;2004-07-08;;2004
10817067;Osaühing Reneman;kehtiv;2010-03-25;;2010
10931550;Osaühing Rest Best;kehtiv;2009-08-14;;2009
10327682;Osaühing Roland Kaubandus;kehtiv;2012-04-12;;2012
10327682;Osaühing Roland Kaubandus;kehtiv;2014-05-20;;2014
11072209;Osaühing Romss;kehtiv;2017-11-20;;2017
11481735;Osaühing Ronyx Log;kehtiv;2014-06-06;;2014
10218042;Osaühing SALUKIVI;kehtiv;2004-12-13;;2004
10077498;Osaühing SAMBAR;kehtiv;2005-03-24;;2005
10077498;Osaühing SAMBAR;kehtiv;2005-03-24;;2005
10077498;Osaühing SAMBAR;kehtiv;2005-03-24;;2005
10077498;Osaühing SAMBAR;kehtiv;2008-12-05;;2008
10797076;Osaühing SANESI;kehtiv;2013-01-11;;2013
10783693;Osaühing SIANNA;kehtiv;2013-08-12;;2013
10963774;Osaühing SILDEX;kehtiv;2007-05-03;;2007
10647791;Osaühing SMARTSON;kehtiv;2026-02-05;;2026
10795360;Osaühing SMG Invest;kehtiv;2022-10-20;;2022
10859278;Osaühing SPINNAKER;kehtiv;2019-07-08;;2019
11363258;Osaühing Saare Värav;kehtiv;2007-06-05;;2007
14367709;Osaühing Sabroso;kehtiv;2020-07-20;;2020
11576536;Osaühing Sahvri;kehtiv;2010-04-21;;2010
10098595;Osaühing Saialill;kehtiv;2005-02-09;;2005
10250614;Osaühing Salvador;kehtiv;2004-10-11;;2004
10414895;Osaühing Sassimaja;kehtiv;2005-07-27;;2005
10101144;Osaühing Sava Pargipaik;kehtiv;2005-04-22;;2005
10115537;Osaühing Savello;kehtiv;2021-01-29;;2021
11009748;Osaühing Seelight;kehtiv;2004-05-25;;2004
11075082;Osaühing Sentafarm;kehtiv;2017-03-21;;2017
11038514;Osaühing Serventor;kehtiv;2004-07-12;;2004
11394829;Osaühing Sillaääre;kehtiv;2008-07-16;;2008
10147431;Osaühing Solarell;kehtiv;2024-11-14;;2024
10090688;Osaühing Some;kehtiv;2013-12-12;;2013
14294548;Osaühing Sretensk;kehtiv;2025-06-17;;2025
10007865;Osaühing Stateksi;kehtiv;2005-04-15;;2005
10999737;Osaühing Stefania;kehtiv;2005-01-13;;2005
12585135;Osaühing Steinfors pluss;kehtiv;2017-05-04;;2017
10229270;Osaühing Stekil;kehtiv;2004-08-30;;2004
10229270;Osaühing Stekil;kehtiv;2013-11-29;;2013
10082816;Osaühing Store;kehtiv;2017-06-12;;2017
11446455;Osaühing Sulps;kehtiv;2010-01-05;;2010
10703599;Osaühing Sunita Trading;kehtiv;2005-04-20;;2005
11136375;Osaühing Sunna;kehtiv;2017-08-22;;2017
10741513;Osaühing Supeluse Kinnisvara;kehtiv;2010-06-17;;2010
10187347;Osaühing Süsi SG;kehtiv;2005-02-01;;2005
10187347;Osaühing Süsi SG;kehtiv;2013-02-05;;2013
10119564;Osaühing TE Ehitus;kehtiv;2005-05-26;;2005
10161833;Osaühing TIGRAN PLUS;kehtiv;2005-09-28;;2005
10854275;Osaühing TIKVEL;kehtiv;2007-05-28;;2007
10952552;Osaühing TLG HOTELL;kehtiv;2004-05-10;;2004
10952552;Osaühing TLG HOTELL;kehtiv;2004-05-10;;2004
10952552;Osaühing TLG HOTELL;kehtiv;2004-05-10;;2004
10952552;Osaühing TLG HOTELL;kehtiv;2004-05-10;;2004
10952552;Osaühing TLG HOTELL;kehtiv;2007-03-13;;2007
10952552;Osaühing TLG HOTELL;kehtiv;2007-03-13;;2007
10952552;Osaühing TLG HOTELL;kehtiv;2007-03-13;;2007
10952552;Osaühing TLG HOTELL;kehtiv;2007-03-13;;2007
10952552;Osaühing TLG HOTELL;kehtiv;2009-02-18;;2009
10407470;Osaühing TRANS-A;kehtiv;2018-05-30;;2018
10336575;Osaühing TS Partner;kehtiv;2005-06-16;;2005
11598348;Osaühing TT Lontova;kehtiv;2011-08-22;;2011
11273385;Osaühing TUULMER;kehtiv;2006-08-22;;2006
10151349;Osaühing Taagepera Loss;kehtiv;2006-03-31;;2006
14001285;Osaühing Tagavälja Talutare;kehtiv;2017-06-05;;2017
10403532;Osaühing Taimler MM;kehtiv;2004-05-25;;2004
10403532;Osaühing Taimler MM;kehtiv;2011-03-28;;2011
10403532;Osaühing Taimler MM;kehtiv;2012-04-26;;2012
10403532;Osaühing Taimler MM;kehtiv;2012-04-27;;2012
11954369;Osaühing Tarkmees;kehtiv;2020-01-20;;2020
11322557;Osaühing Tasskohvi;kehtiv;2007-08-27;;2007
10559955;Osaühing Tervise Paradiis;kehtiv;2004-06-28;;2004
10559955;Osaühing Tervise Paradiis;kehtiv;2005-02-22;;2005
10559955;Osaühing Tervise Paradiis;kehtiv;2005-02-22;;2005
10559955;Osaühing Tervise Paradiis;kehtiv;2005-02-22;;2005
10559955;Osaühing Tervise Paradiis;kehtiv;2005-02-22;;2005
10559955;Osaühing Tervise Paradiis;kehtiv;2005-02-22;;2005
10559955;Osaühing Tervise Paradiis;kehtiv;2011-07-15;;2011
11320707;Osaühing Tiigi Pood;kehtiv;2015-01-16;;2015
10971928;Osaühing Tirumala;kehtiv;2008-01-08;;2008
10971928;Osaühing Tirumala;kehtiv;2014-06-16;;2014
10909846;Osaühing Tondiraba Tennisekeskus;kehtiv;2005-05-09;;2005
10668868;Osaühing Top Kinnisvara;kehtiv;2005-04-27;;2005
10633568;Osaühing Traus-RAK;kehtiv;2005-02-09;;2005
10633568;Osaühing Traus-RAK;kehtiv;2013-08-14;;2013
10972649;Osaühing Travel Balt;kehtiv;2005-08-18;;2005
12532989;Osaühing TruckExpress;kehtiv;2016-08-16;;2016
10769144;Osaühing Truude;kehtiv;2013-04-08;;2013
10676282;Osaühing Tuberkuloited;esitatud;2005-05-02;;2005
10497639;Osaühing Tuudur Alter;kehtiv;2004-04-30;;2004
10008480;Osaühing Tuuleveski;kehtiv;2007-03-06;;2007
10008480;Osaühing Tuuleveski;kehtiv;2010-05-07;;2010
10250643;Osaühing Tõnis ja Pojad;kehtiv;2009-04-15;;2009
10294793;Osaühing ULTRA KAUBANDUS;kehtiv;2010-02-25;;2010
11235663;Osaühing UpLine Grupp;kehtiv;2012-10-12;;2012
10885985;Osaühing Upakkterminal EV;kehtiv;2012-10-30;;2012
11443775;Osaühing Urban Sport;kehtiv;2024-06-17;;2024
10501281;Osaühing Usin-TR;kehtiv;2010-11-17;;2010
10669035;Osaühing VIATOR VITA;kehtiv;2005-04-13;;2005
10133995;Osaühing VIIRA PLUSS;kehtiv;2004-08-12;;2004
11452320;Osaühing VIP Shop;kehtiv;2015-10-29;;2015
11045342;Osaühing Valga Voorimees;kehtiv;2004-08-18;;2004
11131107;Osaühing Vallimägi;kehtiv;2005-09-23;;2005
10741571;Osaühing Vana-Tooma Talu;kehtiv;2005-04-29;;2005
10811142;Osaühing Vanalinna Bowling;kehtiv;2005-02-21;;2005
10795456;Osaühing Veiko Transport;kehtiv;2020-08-03;;2020
10409701;Osaühing Vengeldo;kehtiv;2005-04-06;;2005
10654180;Osaühing Veniete;kehtiv;2009-08-14;;2009
10654180;Osaühing Veniete;kehtiv;2009-08-14;;2009
10654180;Osaühing Veniete;kehtiv;2012-08-27;;2012
11522380;Osaühing Verta Teenused;kehtiv;2022-09-18;;2022
10493713;Osaühing Vesivärava;kehtiv;2004-08-24;;2004
10196346;Osaühing Viitna Puhkekeskus;kehtiv;2005-04-05;;2005
10074689;Osaühing Vilaret;kehtiv;2010-05-14;;2010
10216238;Osaühing Viljandi KEK;kehtiv;2008-12-04;;2008
10196180;Osaühing VÕSU GRILLBAAR;kehtiv;2005-04-15;;2005
10771721;Osaühing VÜRST;kehtiv;2004-07-23;;2004
10396335;Osaühing Väike Manuk;kehtiv;2014-05-16;;2014
10293730;Osaühing WESMO;kehtiv;2005-06-22;;2005
10420312;Osaühing WIPO;kehtiv;2005-03-10;;2005
11301957;Osaühing WellcomeGroup;kehtiv;2010-03-03;;2010
10338823;Osaühing Westender;kehtiv;2004-08-26;;2004
10637709;Osaühing Westham Invest;kehtiv;2024-10-09;;2024
12290925;Osaühing Wind of Change;kehtiv;2012-06-29;;2012
11087530;Osaühing Witafan;kehtiv;2016-11-28;;2016
10279049;Osaühing ZERIS;kehtiv;2013-10-07;;2013
10043217;Osaühing ZUBRORUS;kehtiv;2004-12-28;;2004
10199184;Osaühing Ziljano;kehtiv;2005-04-21;;2005
16657506;Osaühing Ääsmäe Külaplatsi kohvik;kehtiv;2023-02-06;;2023
10074465;Osaühing Õlletare;kehtiv;2005-05-13;;2005
10074465;Osaühing Õlletare;kehtiv;2005-05-13;;2005
10568836;Osaühing Šabet Kaubandus;kehtiv;2005-04-11;;2005
10568836;Osaühing Šabet Kaubandus;kehtiv;2005-04-11;;2005
10568836;Osaühing Šabet Kaubandus;kehtiv;2005-04-11;;2005
10186477;Osaühing ŽUR;kehtiv;2004-12-17;;2004
11463536;Oserv OÜ;kehtiv;2009-06-01;;2009
14323422;Osmussaare Mesi OÜ;kehtiv;2021-04-11;;2021
14960287;Ostberg OÜ;kehtiv;2024-04-25;;2024
16776234;Osteria Group OÜ;kehtiv;2025-06-10;;2025
14463494;Osteria Moderna OÜ;kehtiv;2020-03-25;;2020
12061320;Osteria OÜ;kehtiv;2011-05-06;;2011
11379209;Ostrat Grupp OÜ;kehtiv;2013-04-24;;2013
16884811;Otaku Köök OÜ;kehtiv;2024-09-23;;2024
77000683;Otepää Kultuurikeskused;kehtiv;2018-04-12;;2018
17205947;Otsa Elamustalu OÜ;kehtiv;2025-08-21;;2025
16936956;Oven cafe OÜ;kehtiv;2024-04-16;;2024
10871664;Oxforell OÜ;kehtiv;2005-04-12;;2005
16064427;OysterBoys OÜ;kehtiv;2024-12-16;;2024
12143638;OÜ 2 Kokteili;kehtiv;2015-06-11;;2015
11112216;OÜ A & R;kehtiv;2006-12-05;;2006
16047759;OÜ A.A.M. kohvik;kehtiv;2021-11-26;;2021
14765249;OÜ A360;kehtiv;2020-08-12;;2020
12363067;OÜ ABIEHITUS;kehtiv;2013-05-30;;2013
14128620;OÜ ABOUGHALY;kehtiv;2017-09-02;;2017
10670411;OÜ ADELOONE;kehtiv;2005-04-19;;2005
10670411;OÜ ADELOONE;kehtiv;2012-05-02;;2012
10827054;OÜ AKORD INVEST;kehtiv;2005-04-20;;2005
11375565;OÜ ALDERISLAND;kehtiv;2020-06-04;;2020
16825932;OÜ ALEKSEF;kehtiv;2024-05-30;;2024
12109305;OÜ ALLIKAKOOPA;kehtiv;2011-11-11;;2011
10835792;OÜ ALTMÕISA;kehtiv;2005-04-12;;2005
11651746;OÜ ANNA EDASI;kehtiv;2021-08-03;;2021
10352378;OÜ ANTI JA PARTNERID;kehtiv;2005-04-11;;2005
12373597;OÜ AO Investeering;kehtiv;2019-12-12;;2019
14176369;OÜ APL Restoranid;kehtiv;2018-05-22;;2018
11078005;OÜ ARIPALTE;kehtiv;2005-04-12;;2005
11078005;OÜ ARIPALTE;kehtiv;2008-02-04;;2008
11078005;OÜ ARIPALTE;kehtiv;2011-06-21;;2011
11078005;OÜ ARIPALTE;kehtiv;2013-12-27;;2013
16496109;OÜ ARJAAN;kehtiv;2022-07-20;;2022
11034551;OÜ ARTENEX;kehtiv;2024-09-18;;2024
10912593;OÜ ASPIC;kehtiv;2017-06-12;;2017
10030686;OÜ ASSA TARE;kehtiv;2004-11-24;;2004
17136821;OÜ AUVÄRAV;kehtiv;2025-09-09;;2025
16303547;OÜ AV Investeeringud;kehtiv;2024-11-05;;2024
12476156;OÜ AVGUSTA;kehtiv;2025-05-21;;2025
11408603;OÜ Aadlipreili;kehtiv;2008-05-06;;2008
10845170;OÜ Aadupoisid;kehtiv;2005-02-21;;2005
11137630;OÜ Aasa Kohvik;kehtiv;2005-07-29;;2005
12993590;OÜ Acubens TS;kehtiv;2016-02-15;;2016
11700077;OÜ Aesir;kehtiv;2011-08-16;;2011
11938264;OÜ Ahadeli;kehtiv;2012-08-23;;2012
12563613;OÜ Ai Long;kehtiv;2013-12-31;;2013
16705487;OÜ Aida Peosaal;kehtiv;2023-08-14;;2023
16849418;OÜ Aiving;kehtiv;2024-03-15;;2024
11311720;OÜ Akdeniz;kehtiv;2010-01-05;;2010
11311720;OÜ Akdeniz;kehtiv;2012-04-05;;2012
14387161;OÜ Alioli;kehtiv;2024-05-02;;2024
12588911;OÜ Almandin;kehtiv;2014-01-24;;2014
14142620;OÜ Altairmoi;kehtiv;2017-12-01;;2017
11636043;OÜ Altvälja;kehtiv;2012-07-05;;2012
12153393;OÜ Alõmova Irina;kehtiv;2011-10-06;;2011
14047028;OÜ Ambassa Munshigany;kehtiv;2016-12-05;;2016
10574727;OÜ Amerim;kehtiv;2005-12-22;;2005
12837499;OÜ Aneira;kehtiv;2015-05-02;;2015
12776319;OÜ Anmand;kehtiv;2016-03-13;;2016
17308676;OÜ Anni Kohvikud;kehtiv;2025-11-13;;2025
12648213;OÜ Anweb;kehtiv;2017-06-09;;2017
10574433;OÜ Arefonte Chemicals;kehtiv;2009-05-26;;2009
10574433;OÜ Arefonte Chemicals;kehtiv;2011-05-09;;2011
11568092;OÜ Arm-Ararat;kehtiv;2010-10-14;;2010
16922078;OÜ Art Cesari;kehtiv;2024-11-19;;2024
12211893;OÜ Artbeat;kehtiv;2024-04-11;;2024
12295288;OÜ Artop;kehtiv;2012-06-11;;2012
11185669;OÜ Arturi Juures;kehtiv;2005-12-02;;2005
11185669;OÜ Arturi Juures;kehtiv;2014-07-23;;2014
16229940;OÜ Arukas Hobu;kehtiv;2022-03-28;;2022
10083300;OÜ Asa Spa;kehtiv;2005-05-24;;2005
10083300;OÜ Asa Spa;kehtiv;2005-05-24;;2005
10083300;OÜ Asa Spa;kehtiv;2005-05-24;;2005
10083300;OÜ Asa Spa;kehtiv;2005-05-24;;2005
10083300;OÜ Asa Spa;kehtiv;2005-05-24;;2005
10083300;OÜ Asa Spa;kehtiv;2005-05-24;;2005
10083300;OÜ Asa Spa;kehtiv;2005-05-24;;2005
11963457;OÜ Atribor;kehtiv;2025-03-16;;2025
11726390;OÜ Auris Investments;kehtiv;2010-02-12;;2010
10615671;OÜ Azamar;kehtiv;2005-05-12;;2005
17014963;OÜ BH Grupp;kehtiv;2024-10-19;;2024
10944110;OÜ BRITNEY;kehtiv;2006-02-28;;2006
12997470;OÜ Baan Thai;kehtiv;2017-04-08;;2017
16002709;OÜ BaltaTramm;kehtiv;2020-08-11;;2020
12785288;OÜ Balti I.S.;kehtiv;2017-12-20;;2017
11063127;OÜ Barosel;kehtiv;2014-04-17;;2014
16227148;OÜ Beibebaar;kehtiv;2021-05-27;;2021
10569971;OÜ Benitrade;kehtiv;2004-08-23;;2004
16756846;OÜ Best Beef;kehtiv;2023-07-06;;2023
14047301;OÜ Best Party Solutions;kehtiv;2021-07-26;;2021
10385604;OÜ Bevega;kehtiv;2005-03-10;;2005
11430666;OÜ Biitmii;kehtiv;2026-04-08;;2026
16592557;OÜ Boho Hub;kehtiv;2023-03-31;;2023
11185600;OÜ Bona Verbum;kehtiv;2019-07-17;;2019
14542213;OÜ Break Cafe;kehtiv;2018-08-24;;2018
16665888;OÜ Brevesti;kehtiv;2023-05-15;;2023
16710749;OÜ Briis Bar;kehtiv;2025-05-17;;2025
16538138;OÜ Burrata;kehtiv;2025-05-07;;2025
11212900;OÜ CAFE VELVET;kehtiv;2007-05-09;;2007
10970774;OÜ COPS & MAX;kehtiv;2006-06-19;;2006
16795013;OÜ CafeOk;kehtiv;2026-03-11;;2026
14582129;OÜ Califa;kehtiv;2020-06-15;;2020
14283438;OÜ Catering Team;kehtiv;2017-08-08;;2017
12738171;OÜ CharmFood;kehtiv;2019-10-30;;2019
11223826;OÜ Chedi;kehtiv;2008-01-15;;2008
14163800;OÜ Chinar Group;kehtiv;2016-12-27;;2016
14024300;OÜ Chocostick;kehtiv;2016-09-29;;2016
11371194;OÜ Cocktail Catering;kehtiv;2024-04-04;;2024
10576698;OÜ Coconut Trade;kehtiv;2020-06-22;;2020
10973577;OÜ ConellGroup;kehtiv;2004-05-10;;2004
16186596;OÜ Crissimo;kehtiv;2024-07-18;;2024
16440304;OÜ DZEM;kehtiv;2022-12-12;;2022
12726937;OÜ Danton;kehtiv;2019-10-15;;2019
12504777;OÜ Delhi Gate;kehtiv;2016-09-20;;2016
10687423;OÜ Desito Invest;kehtiv;2005-04-25;;2005
12597397;OÜ Diner Food;kehtiv;2014-04-17;;2014
16648588;OÜ Disain ja vein;kehtiv;2023-06-22;;2023
17311299;OÜ Disco Fantastico;kehtiv;2026-04-24;;2026
17070192;OÜ DomFood;kehtiv;2024-11-03;;2024
10942080;OÜ Dorpat Sport;kehtiv;2010-01-26;;2010
14824845;OÜ Dreamlandia;kehtiv;2023-11-19;;2023
10920753;OÜ EASY STAY HOSPITALITY GROUP;kehtiv;2004-05-11;;2004
10548331;OÜ EKOVIR;esitatud;2014-12-08;;2014
10888896;OÜ EKSELON;kehtiv;2018-10-03;;2018
11103140;OÜ ELEKAASIK-RIIN;kehtiv;2008-09-04;;2008
10474354;OÜ ENTRI;kehtiv;2012-11-01;;2012
11239328;OÜ ESTFORCE;kehtiv;2006-05-29;;2006
11444160;OÜ EUROFORTRESS;kehtiv;2024-06-24;;2024
11076271;OÜ EVELAIN KÖÖK;kehtiv;2006-08-22;;2006
16858268;OÜ EatGood;kehtiv;2024-03-01;;2024
17297553;OÜ Eclano;kehtiv;2025-09-08;;2025
11544453;OÜ Eduger;kehtiv;2008-12-30;;2008
10382853;OÜ Efendi;kehtiv;2004-12-28;;2004
10382853;OÜ Efendi;kehtiv;2007-04-27;;2007
10382853;OÜ Efendi;kehtiv;2013-06-17;;2013
12177873;OÜ Ellegant;kehtiv;2014-04-28;;2014
10049906;OÜ Enn Roose & Ko;kehtiv;2014-06-20;;2014
12500653;OÜ Erkehe;kehtiv;2014-06-03;;2014
11540314;OÜ Erki.S.;kehtiv;2008-12-19;;2008
12527563;OÜ Escarius;kehtiv;2013-10-18;;2013
16489575;OÜ Eskobaar;kehtiv;2022-05-19;;2022
14205361;OÜ Etsi talutooted;kehtiv;2018-06-19;;2018
10978451;OÜ EuroClass;kehtiv;2024-04-26;;2024
11210367;OÜ Euromeister;kehtiv;2018-10-11;;2018
11746702;OÜ Eurowear;kehtiv;2022-01-06;;2022
10454682;OÜ Exo Trade;kehtiv;2005-04-14;;2005
12632538;OÜ Express Ration;kehtiv;2022-06-16;;2022
10853488;OÜ FASTEREN;kehtiv;2005-04-13;;2005
12335042;OÜ FELLINI KOHVIK;kehtiv;2012-12-20;;2012
12625432;OÜ FLORENS;kehtiv;2014-04-16;;2014
11553564;OÜ FOODSTOP;kehtiv;2011-03-21;;2011
14713583;OÜ FROSTDESIGN;kehtiv;2019-06-10;;2019
12252344;OÜ Fantyard;kehtiv;2012-04-27;;2012
10195364;OÜ Feeter;kehtiv;2005-04-18;;2005
10195364;OÜ Feeter;kehtiv;2009-03-11;;2009
10742323;OÜ Feldmanni Köök;kehtiv;2009-04-13;;2009
10427604;OÜ Feniston;kehtiv;2017-02-13;;2017
12412848;OÜ Feum;kehtiv;2024-09-13;;2024
12123989;OÜ Fidera Baltic;kehtiv;2020-02-05;;2020
10889302;OÜ Firmaekspert;kehtiv;2017-01-25;;2017
17335259;OÜ Flerry;kehtiv;2026-05-05;;2026
12257454;OÜ Flusso;kehtiv;2012-06-13;;2012
12257454;OÜ Flusso;kehtiv;2013-04-30;;2013
12257454;OÜ Flusso;kehtiv;2013-10-10;;2013
12849835;OÜ Fortnoks;kehtiv;2015-06-03;;2015
12547590;OÜ Fregatt;kehtiv;2013-12-09;;2013
12379329;OÜ GENAU;kehtiv;2014-06-16;;2014
12494800;OÜ GINER;kehtiv;2013-07-18;;2013
14690273;OÜ Garden Cafe;kehtiv;2019-05-22;;2019
11204088;OÜ Garsmille;kehtiv;2006-11-16;;2006
16301152;OÜ Gaston Grupp;kehtiv;2022-06-22;;2022
14082390;OÜ Gastro G;kehtiv;2016-07-26;;2016
14216347;OÜ Gemüüse;kehtiv;2017-03-09;;2017
11386899;OÜ Gofood Group;kehtiv;2021-04-26;;2021
11658797;OÜ Gospa;kehtiv;2011-01-17;;2011
10741690;OÜ Grand Hotel Viljandi;kehtiv;2005-05-02;;2005
12155937;OÜ Green Souplin;kehtiv;2023-05-24;;2023
12956293;OÜ Grillar;kehtiv;2016-01-26;;2016
16025551;OÜ Grizzli Gurmee;kehtiv;2021-04-02;;2021
12555200;OÜ Grus;kehtiv;2015-04-29;;2015
10453487;OÜ Gurmania;kehtiv;2005-03-24;;2005
11537594;OÜ Gurmann Group;kehtiv;2026-04-29;;2026
11579894;OÜ Gurmeeklubi;kehtiv;2016-11-23;;2016
11150688;OÜ HARDABAAR;kehtiv;2018-10-08;;2018
10960586;OÜ HARVESTON KAUBANDUS;kehtiv;2010-02-15;;2010
12555743;OÜ HAYASTAN Group;kehtiv;2014-12-11;;2014
17104287;OÜ HOLA GRILL;kehtiv;2025-06-18;;2025
14982774;OÜ Hall i Pizza;kehtiv;2020-07-07;;2020
12583194;OÜ Harjumaa Avatud Koolituskoda;kehtiv;2020-07-05;;2020
16706951;OÜ Hea Tee;kehtiv;2023-05-15;;2023
12200112;OÜ Heim;kehtiv;2012-04-12;;2012
10071709;OÜ Hermes Pärnu;kehtiv;2005-04-22;;2005
16419787;OÜ Hi:oma:;kehtiv;2024-03-11;;2024
12186429;OÜ Hiienurme;kehtiv;2012-02-17;;2012
14034480;OÜ Hiiu Gruuv;kehtiv;2016-05-26;;2016
10894694;OÜ Hiiu Jorn;kehtiv;2014-06-17;;2014
14010775;OÜ Hommiku Kohvik;kehtiv;2016-08-16;;2016
14647828;OÜ Hortego;kehtiv;2019-02-04;;2019
11280161;OÜ Hotell Euroopa;kehtiv;2014-09-01;;2014
10366564;OÜ Hotell Sõnajala;kehtiv;2005-06-09;;2005
11033876;OÜ Hotell Telegraaf;kehtiv;2007-04-26;;2007
11033876;OÜ Hotell Telegraaf;kehtiv;2007-04-26;;2007
12596245;OÜ Hotellijuht;kehtiv;2021-04-06;;2021
14154511;OÜ Humalakoda;kehtiv;2017-05-17;;2017
10924484;OÜ Hunt Kriimsilm;kehtiv;2004-06-01;;2004
12215154;OÜ Huntmees Film;kehtiv;2019-02-21;;2019
12138436;OÜ HÄÄD ROAD;kehtiv;2019-12-03;;2019
14547883;OÜ Härra Mesinik;kehtiv;2022-11-17;;2022
14048140;OÜ Hõbekeskus;kehtiv;2019-07-17;;2019
16175339;OÜ Hõberesto;kehtiv;2021-05-25;;2021
17193210;OÜ Hõrgutaja;kehtiv;2025-03-27;;2025
12168880;OÜ IDentist;kehtiv;2023-06-01;;2023
10885873;OÜ IGOLEG TOITLUSTAMINE;kehtiv;2005-04-13;;2005
10885873;OÜ IGOLEG TOITLUSTAMINE;kehtiv;2005-04-13;;2005
11135186;OÜ ILMARADA;kehtiv;2007-04-20;;2007
11061128;OÜ ISPRE;kehtiv;2004-11-19;;2004
14678065;OÜ Ihamaru Kõrts;kehtiv;2020-02-10;;2020
14566648;OÜ Ilus Vara;kehtiv;2019-04-17;;2019
16418262;OÜ Ingeri kohvik;kehtiv;2022-04-11;;2022
12278290;OÜ Inni Catering;kehtiv;2013-03-07;;2013
12829152;OÜ Isevärki;kehtiv;2025-10-28;;2025
14013223;OÜ JaapaniMaitsed;kehtiv;2018-03-08;;2018
10831417;OÜ Jagula;kehtiv;2005-09-30;;2005
14923694;OÜ Jantur;kehtiv;2024-06-26;;2024
16998733;OÜ Japikreeta;kehtiv;2025-05-22;;2025
11710213;OÜ Joogid autos;kehtiv;2023-05-03;;2023
17195309;OÜ JumalAita;kehtiv;2025-05-19;;2025
14827051;OÜ Jussiku;kehtiv;2020-11-16;;2020
14066824;OÜ JÄTSU;kehtiv;2016-07-03;;2016
10945747;OÜ Jõe-Projekt;kehtiv;2005-02-10;;2005
10247894;OÜ KADAKA BAAR;kehtiv;2005-02-22;;2005
10247894;OÜ KADAKA BAAR;kehtiv;2009-01-08;;2009
10247894;OÜ KADAKA BAAR;kehtiv;2011-12-20;;2011
11667303;OÜ KAETUD LAUAD;kehtiv;2016-06-09;;2016
10243850;OÜ KAI HESTIA;kehtiv;2011-08-16;;2011
10628076;OÜ KAIFI;kehtiv;2005-01-11;;2005
11374442;OÜ KALLE MARMOR TRANSPORT;kehtiv;2016-05-17;;2016
14542199;OÜ KANED;kehtiv;2020-09-10;;2020
12342831;OÜ KAPARELLA;kehtiv;2012-12-14;;2012
11006552;OÜ KARUPESA HOTELL;kehtiv;2005-04-12;;2005
11006552;OÜ KARUPESA HOTELL;kehtiv;2005-04-12;;2005
16524981;OÜ KATHMANDU;kehtiv;2022-10-16;;2022
10383321;OÜ KATRES;kehtiv;2005-04-25;;2005
10972603;OÜ KEEPING;kehtiv;2005-07-01;;2005
11122640;OÜ KILIKIA;kehtiv;2013-03-15;;2013
11247070;OÜ KILPLANE;kehtiv;2011-11-02;;2011
10793786;OÜ KOIDULAPARK HOTELL;kehtiv;2004-07-02;;2004
16450053;OÜ KOPLI STAR;kehtiv;2022-02-27;;2022
11399778;OÜ KP TIPSTER;kehtiv;2024-05-24;;2024
14408199;OÜ KRAINE;kehtiv;2018-01-16;;2018
10823932;OÜ KRANTSI KÕRTS;kehtiv;2005-06-21;;2005
12126969;OÜ KRISTIFT;kehtiv;2026-05-20;;2026
12251828;OÜ KS Kaivis;kehtiv;2015-06-01;;2015
17453912;OÜ KSR SAFFER;kehtiv;2026-04-18;;2026
14874487;OÜ KUUSAP;kehtiv;2022-07-21;;2022
11816839;OÜ Kadakamäe;kehtiv;2021-08-19;;2021
16902288;OÜ Kadi Kausid;kehtiv;2024-05-10;;2024
12037698;OÜ Kagu Cofee;kehtiv;2011-03-21;;2011
11891580;OÜ Kaisma Suurjärve Puhkeala;kehtiv;2014-07-15;;2014
12646635;OÜ Kaks Kokka;kehtiv;2014-11-18;;2014
16178846;OÜ Kalana Puffet;kehtiv;2021-05-12;;2021
14801132;OÜ Kalapesa;kehtiv;2020-08-09;;2020
11053554;OÜ Kalevi Veekeskus;kehtiv;2005-12-30;;2005
11053554;OÜ Kalevi Veekeskus;kehtiv;2005-12-30;;2005
11053554;OÜ Kalevi Veekeskus;kehtiv;2006-02-03;;2006
11053554;OÜ Kalevi Veekeskus;kehtiv;2006-02-03;;2006
16101217;OÜ Kallusilma;kehtiv;2022-11-21;;2022
10739367;OÜ Kalme-Veski;kehtiv;2008-08-26;;2008
14546926;OÜ Kalwi Guesthouse;kehtiv;2018-09-07;;2018
17226659;OÜ Kamsan;kehtiv;2025-05-24;;2025
11878193;OÜ Kaptenite Küla;kehtiv;2010-06-11;;2010
16008481;OÜ Karina Bar;kehtiv;2020-08-20;;2020
12904095;OÜ Karlova Kohv;kehtiv;2016-05-16;;2016
11924598;OÜ Karmelia;kehtiv;2021-02-02;;2021
12010305;OÜ Karmoon;kehtiv;2010-11-03;;2010
16855956;OÜ Karusmarja Catering;kehtiv;2024-05-02;;2024
14497547;OÜ Kasaron;kehtiv;2019-02-19;;2019
11148987;OÜ Kaubandus Gal;kehtiv;2024-07-30;;2024
16496322;OÜ Kelmikas;kehtiv;2022-05-09;;2022
14042580;OÜ Ketemar;kehtiv;2016-05-30;;2016
14522860;OÜ Keväde Resto;kehtiv;2019-04-22;;2019
16503795;OÜ Kidrakuur Kultuuriklubi;kehtiv;2022-10-25;;2022
12953260;OÜ Kildu Grupp;kehtiv;2024-12-26;2030-01-11;2024
16516852;OÜ KingDigital;kehtiv;2022-06-10;;2022
11945235;OÜ Kingsgate;kehtiv;2020-09-09;;2020
11955334;OÜ Kiri Keset Küla;kehtiv;2019-12-23;;2019
12156183;OÜ Kirsimari;kehtiv;2014-04-17;;2014
11204220;OÜ Kivimäe Hostel;kehtiv;2006-12-01;;2006
14867915;OÜ Kivirek;kehtiv;2022-12-01;;2022
12464897;OÜ Kobuleti;kehtiv;2024-02-06;;2024
14734846;OÜ Kodubaar;kehtiv;2024-03-26;;2024
16975399;OÜ Koeru Aed;kehtiv;2024-06-05;;2024
14146517;OÜ Kohvijaam;kehtiv;2017-05-31;;2017
12701133;OÜ Kohvikum Cafe;kehtiv;2017-07-08;;2017
12475180;OÜ Kohvisadam;kehtiv;2013-05-31;;2013
11106658;OÜ Koknet Invest;kehtiv;2005-05-13;;2005
11800235;OÜ Kollane Koer;kehtiv;2010-04-30;;2010
12323671;OÜ Kolm Sibulat;kehtiv;2013-01-28;;2013
16330923;OÜ Koolitus esmaabi;kehtiv;2023-03-16;;2023
12632509;OÜ Koopatoit;kehtiv;2014-05-08;;2014
14200518;OÜ Kopli Pagarid;kehtiv;2020-03-25;;2020
14614639;OÜ Koplinurga Talu;kehtiv;2020-06-09;;2020
14701166;OÜ Korean Taste;kehtiv;2020-11-11;;2020
12780440;OÜ Kristan Grupp;kehtiv;2016-08-08;;2016
12466465;OÜ Kukesaba;kehtiv;2015-07-15;;2015
10936406;OÜ Kuppel;kehtiv;2007-01-18;;2007
10902293;OÜ Kuressaare Ööklubi;kehtiv;2005-06-15;;2005
16933627;OÜ KuriKoer;kehtiv;2024-08-29;;2024
12841153;OÜ Kuuvarjutus;kehtiv;2024-06-25;;2024
10915516;OÜ KÕRKJAKE;kehtiv;2012-06-19;;2012
12850436;OÜ Käbliku Pruulikoda;kehtiv;2021-06-04;;2021
16096657;OÜ Kõhutäis;kehtiv;2023-07-21;;2023
17290083;OÜ Köstri Ait;kehtiv;2025-08-01;;2025
10834137;OÜ LAANELILL;kehtiv;2005-04-04;;2005
11114924;OÜ LAPRIOR;kehtiv;2019-12-10;;2019
10926496;OÜ LATIR;kehtiv;2018-04-16;;2018
10854177;OÜ LAVU ja KA;kehtiv;2005-03-22;;2005
10854177;OÜ LAVU ja KA;kehtiv;2008-06-03;;2008
10409813;OÜ LEXTRADE;kehtiv;2008-11-04;;2008
16135038;OÜ LHOK;kehtiv;2022-02-10;;2022
11460940;OÜ LILJE;kehtiv;2024-06-25;;2024
10894553;OÜ LIVISTONA;kehtiv;2022-06-08;;2022
10666964;OÜ LUTSULAND;kehtiv;2011-09-01;;2011
10666964;OÜ LUTSULAND;kehtiv;2011-12-01;;2011
10666964;OÜ LUTSULAND;kehtiv;2012-11-05;;2012
10564063;OÜ LUUA GRUPP;kehtiv;2005-04-15;;2005
11558923;OÜ La Passion;kehtiv;2009-05-07;;2009
16334588;OÜ LaFiesta;kehtiv;2025-07-23;;2025
11979234;OÜ Laada;kehtiv;2010-09-06;;2010
10930875;OÜ Lacree Kaubandus;kehtiv;2013-07-15;;2013
11649732;OÜ Laglepesa;kehtiv;2009-11-30;;2009
12955595;OÜ Laidoneri KV;kehtiv;2018-05-09;;2018
10924662;OÜ Laitamm & Ko;kehtiv;2008-04-17;;2008
16136144;OÜ Lalsi Sahver;kehtiv;2021-12-31;;2021
12267627;OÜ Lasteklubi;kehtiv;2012-05-16;;2012
11540648;OÜ Lehesaare;kehtiv;2009-04-16;;2009
14127885;OÜ Lehtla;kehtiv;2017-03-01;;2017
16547120;OÜ Lehtsabad;kehtiv;2022-09-29;;2022
16272901;OÜ Lenda Laivi;kehtiv;2021-08-02;;2021
10822944;OÜ Lennuk KV;kehtiv;2010-07-12;;2010
11531673;OÜ Leva Loppan;kehtiv;2009-12-01;;2009
12707851;OÜ Levier;kehtiv;2015-05-01;;2015
10787633;OÜ Linelot;kehtiv;2012-05-29;;2012
11040818;OÜ Linnumäe Puhkekeskus;kehtiv;2004-09-29;;2004
12455303;OÜ Lottemaa teemapark;kehtiv;2019-06-04;;2019
11945175;OÜ Luigelahe Kaubandus;kehtiv;2011-07-14;;2011
14331427;OÜ Luksus-Toit;kehtiv;2017-10-03;;2017
12147352;OÜ Luppe;kehtiv;2017-05-08;;2017
12048874;OÜ Lussu;kehtiv;2011-03-29;;2011
16337948;OÜ Lust ja Lillepidu;kehtiv;2025-06-12;;2025
12895829;OÜ Lustikummut;kehtiv;2015-09-01;;2015
14004970;OÜ Lydia Hotell;kehtiv;2016-06-27;;2016
14640134;OÜ Lõpuboss;kehtiv;2019-02-22;;2019
11658731;OÜ M&T ECC;kehtiv;2009-12-03;;2009
11658731;OÜ M&T ECC;kehtiv;2014-07-22;;2014
11938790;OÜ MAHIR;kehtiv;2010-08-24;;2010
16912306;OÜ MAHLAVESKI;kehtiv;2024-06-20;;2024
10536612;OÜ MANGELBERT;kehtiv;2019-04-23;;2019
10797040;OÜ MANN GRUPP;kehtiv;2004-07-08;;2004
10797040;OÜ MANN GRUPP;kehtiv;2005-07-01;;2005
11104139;OÜ MATAFAN;kehtiv;2005-06-15;;2005
16829611;OÜ MAXLEO;kehtiv;2024-04-12;;2024
12380195;OÜ ME Lillakud;kehtiv;2012-12-12;;2012
11155390;OÜ MEDAMANI;kehtiv;2011-02-10;;2011
11678716;OÜ MEDANO PLUS;kehtiv;2016-06-01;;2016
14841186;OÜ MEM KOHVIKUD;kehtiv;2019-12-17;;2019
12547985;OÜ MERITEL;kehtiv;2015-08-02;2035-08-02;2015
10482023;OÜ MERITUULI;kehtiv;2016-08-26;;2016
10883271;OÜ MISMAR;kehtiv;2005-06-16;;2005
14021537;OÜ ML Entertainment;kehtiv;2016-03-31;;2016
10975180;OÜ MOOSINÄGU;kehtiv;2005-03-23;;2005
16095913;OÜ Maa Radha;kehtiv;2021-01-20;;2021
16116472;OÜ Magadh Invest;kehtiv;2021-04-23;;2021
12774095;OÜ Magus Ahvatlus;kehtiv;2019-05-28;;2019
12434293;OÜ Magusatuba;kehtiv;2026-03-05;;2026
11985720;OÜ Mai Events;kehtiv;2022-05-11;;2022
14289352;OÜ Maiasmaa;kehtiv;2019-06-28;;2019
16189643;OÜ Maitselaegas;kehtiv;2021-05-03;;2021
14338748;OÜ Maitsemõis;kehtiv;2018-04-04;;2018
17096990;OÜ Maitsete Nurk;kehtiv;2024-10-28;;2024
14130120;OÜ Maius Grill;kehtiv;2016-10-14;;2016
10731325;OÜ Makarov Muusik Production;kehtiv;2011-12-05;;2011
11436947;OÜ Malakhat;kehtiv;2008-04-28;;2008
10003363;OÜ Malve TK;kehtiv;2005-04-08;;2005
11969359;OÜ Mami Mek;kehtiv;2015-06-13;;2015
11173790;OÜ Marex Grupp;kehtiv;2007-06-29;;2007
16099012;OÜ Marivaun;kehtiv;2020-12-04;;2020
10802999;OÜ Marja Talu;kehtiv;2004-05-21;;2004
12677707;OÜ Marju Kohvik;kehtiv;2015-03-20;;2015
11151972;OÜ Matias WB;kehtiv;2005-11-01;;2005
14334064;OÜ Mawany Kwedyborma;kehtiv;2017-12-15;;2017
11668014;OÜ Maxiteam;kehtiv;2009-12-16;;2009
10951185;OÜ McKenzie Invest;kehtiv;2005-05-18;;2005
10951185;OÜ McKenzie Invest;kehtiv;2006-07-27;;2006
10951185;OÜ McKenzie Invest;kehtiv;2007-06-26;;2007
10951185;OÜ McKenzie Invest;kehtiv;2009-11-13;;2009
10951185;OÜ McKenzie Invest;kehtiv;2010-11-22;;2010
10951185;OÜ McKenzie Invest;kehtiv;2011-12-01;;2011
10951185;OÜ McKenzie Invest;kehtiv;2012-05-07;;2012
10951185;OÜ McKenzie Invest;kehtiv;2012-11-16;;2012
10951185;OÜ McKenzie Invest;kehtiv;2013-02-25;;2013
10951185;OÜ McKenzie Invest;kehtiv;2014-06-20;;2014
10951185;OÜ McKenzie Invest;kehtiv;2014-08-18;;2014
12843235;OÜ Meie Teeme Ise;kehtiv;2015-11-09;;2015
12389635;OÜ Meline;kehtiv;2016-09-01;;2016
12323702;OÜ Memmetoit;kehtiv;2012-08-09;;2012
14288982;OÜ Mere puiestee 6e;kehtiv;2018-03-26;;2018
10805451;OÜ Mereklubi;kehtiv;2010-05-13;;2010
14938402;OÜ Merekohvik;kehtiv;2020-05-16;;2020
14999757;OÜ Meresassi;kehtiv;2025-06-02;;2025
12881632;OÜ Meretare Restoran;kehtiv;2017-12-14;;2017
12512923;OÜ Meretaverna;kehtiv;2013-09-06;;2013
14669215;OÜ Mereääre Puhkemajad;kehtiv;2020-03-12;;2020
12652452;OÜ Mesi & Vesi;kehtiv;2014-06-18;;2014
11464553;OÜ Metsajõe puhkemaja;kehtiv;2026-04-08;;2026
10662995;OÜ Metsiku Piisoni Saloon;kehtiv;2025-03-03;;2025
12126781;OÜ Metskukk;kehtiv;2017-05-15;;2017
14566314;OÜ MiRo-Liza Style;kehtiv;2023-01-12;;2023
17006998;OÜ Mikker;kehtiv;2024-07-17;;2024
12581396;OÜ Minu Maius;kehtiv;2017-06-12;;2017
11478590;OÜ Miralda;kehtiv;2017-03-01;;2017
14004036;OÜ Mogotel Estonia;kehtiv;2016-03-09;;2016
10884224;OÜ Momo;kehtiv;2013-11-27;;2013
12303705;OÜ Moonaladu;kehtiv;2012-07-27;;2012
17516080;OÜ MooseCompany;kehtiv;2026-05-26;;2026
14752360;OÜ Moraehitus;kehtiv;2019-11-04;;2019
12220126;OÜ MoveInvest;kehtiv;2021-10-10;;2021
16007547;OÜ Mummi&A;kehtiv;2020-07-11;;2020
11259116;OÜ Mush Service;kehtiv;2017-05-12;;2017
11222152;OÜ Music Invest;kehtiv;2022-07-22;;2022
14018529;OÜ Musmur;kehtiv;2018-04-30;;2018
12127833;OÜ Must Käsi 2;kehtiv;2013-05-06;;2013
16681835;OÜ Mustard ja Pastard;kehtiv;2025-05-13;;2025
10514102;OÜ Mutamor;kehtiv;2004-12-27;;2004
10514102;OÜ Mutamor;kehtiv;2007-07-06;;2007
12082821;OÜ Mziuri;kehtiv;2011-07-28;;2011
16493298;OÜ Mägestiku Grupp;kehtiv;2022-05-11;;2022
14185090;OÜ Mõnusad Maitsed;kehtiv;2021-05-21;;2021
14485099;OÜ NEIBOR;kehtiv;2018-11-03;;2018
11756416;OÜ Naan;kehtiv;2010-01-12;;2010
11659067;OÜ Nailstar;kehtiv;2016-09-29;;2016
11689370;OÜ Nameteks;kehtiv;2009-09-30;;2009
16766610;OÜ Nepalese;kehtiv;2023-07-20;;2023
11628351;OÜ Nicem;kehtiv;2021-08-16;;2021
14048536;OÜ NightClub Geneva;kehtiv;2020-10-30;;2020
12855439;OÜ Nobenaps;kehtiv;2016-09-06;;2016
11570249;OÜ Noortelt Noortele;kehtiv;2009-02-12;;2009
10020765;OÜ Nordic Islands Hospitality;kehtiv;2024-10-23;;2024
10574191;OÜ Novaville;kehtiv;2022-08-22;;2022
10159983;OÜ Novoloto;kehtiv;2011-03-28;;2011
10159983;OÜ Novoloto;kehtiv;2011-03-28;;2011
10159983;OÜ Novoloto;kehtiv;2011-04-01;;2011
10159983;OÜ Novoloto;kehtiv;2011-04-01;;2011
10159983;OÜ Novoloto;kehtiv;2013-12-04;;2013
10159983;OÜ Novoloto;kehtiv;2014-02-04;;2014
10159983;OÜ Novoloto;kehtiv;2014-02-13;;2014
10159983;OÜ Novoloto;kehtiv;2014-11-01;;2014
10159983;OÜ Novoloto;kehtiv;2014-12-01;;2014
16882309;OÜ Nuga ja Kahvel;kehtiv;2024-09-25;;2024
14065807;OÜ Nutitoit;kehtiv;2016-08-31;;2016
10422647;OÜ NÄKSI;kehtiv;2005-04-15;;2005
14616041;OÜ Nögesevabrik;kehtiv;2020-06-19;;2020
16249581;OÜ Ocean 11;kehtiv;2021-08-04;;2021
10145389;OÜ OctoberFirst;kehtiv;2024-04-29;;2024
11522523;OÜ Old Victoria;kehtiv;2019-01-29;;2019
14266842;OÜ Oliver;kehtiv;2017-05-29;;2017
11907341;OÜ Olmax Grupp;kehtiv;2025-05-02;;2025
12983545;OÜ OptimaLine;kehtiv;2016-05-30;;2016
10622056;OÜ Orjaku Mõisakoha;kehtiv;2023-07-14;;2023
11948765;OÜ Ormello Kaubandus;kehtiv;2010-12-28;;2010
14766527;OÜ Oru Kultuurisaal;kehtiv;2023-01-02;;2023
12384603;OÜ P.O Invest Capital;kehtiv;2019-04-08;;2019
11177983;OÜ PADU HOTELL;kehtiv;2005-11-09;;2005
11063707;OÜ PAPADATOS;kehtiv;2019-01-21;;2019
12696685;OÜ PATRICIA GRUPP;kehtiv;2021-04-15;;2021
16800725;OÜ PEOBAAR;kehtiv;2023-08-28;;2023
12150785;OÜ PHARUS;kehtiv;2012-05-03;;2012
12886641;OÜ PISI;kehtiv;2016-04-28;;2016
10615783;OÜ PJ Projektid;kehtiv;2017-05-26;;2017
10715835;OÜ PORRI & KO;kehtiv;2004-10-07;;2004
10715835;OÜ PORRI & KO;kehtiv;2005-04-15;;2005
14416786;OÜ POUK;kehtiv;2019-10-23;;2019
12963593;OÜ PREMIER HOTELS;kehtiv;2019-10-21;;2019
14537784;OÜ PRIMITIIV;kehtiv;2018-10-11;;2018
11027509;OÜ PRP Puhkus;kehtiv;2015-09-24;;2015
11511695;OÜ PRUHA;kehtiv;2009-03-25;;2009
12461700;OÜ PT Toitlustus;kehtiv;2013-05-07;;2013
10978250;OÜ PUUNA INVEST;kehtiv;2020-05-09;;2020
12834555;OÜ PVK Group;kehtiv;2022-05-31;;2022
16255713;OÜ Paavli Surra Murra;kehtiv;2021-06-28;;2021
10246541;OÜ Paemetsa;kehtiv;2012-05-23;;2012
11952784;OÜ Pairon;kehtiv;2012-05-29;;2012
14044935;OÜ Paldiski Pesula;kehtiv;2020-10-13;;2020
12164215;OÜ Pargi kultuurikeskus;kehtiv;2012-01-25;;2012
12164215;OÜ Pargi kultuurikeskus;kehtiv;2012-02-09;;2012
17266726;OÜ Parim Finants;kehtiv;2025-06-26;;2025
16885041;OÜ Parim Pala;kehtiv;2024-03-17;;2024
12829962;OÜ Paunküla Heaolukeskus;kehtiv;2016-04-16;;2016
10626350;OÜ Peipsi Kalatööstus;kehtiv;2005-03-03;;2005
16898977;OÜ Peipsimees;kehtiv;2025-02-12;;2025
16659126;OÜ Pelgulinna Grill;kehtiv;2023-04-21;;2023
11498842;OÜ Peopaik;kehtiv;2008-07-25;;2008
16978831;OÜ PhoenixVisions;kehtiv;2025-05-29;;2025
16551989;OÜ Pikopalla;kehtiv;2023-04-09;;2023
10435791;OÜ Pintmann Grupp;kehtiv;2004-08-17;;2004
10435791;OÜ Pintmann Grupp;kehtiv;2005-03-28;;2005
10435791;OÜ Pintmann Grupp;kehtiv;2005-10-18;;2005
10435791;OÜ Pintmann Grupp;kehtiv;2007-04-24;;2007
11698920;OÜ Pintsar;kehtiv;2010-08-27;;2010
17475055;OÜ Play Park Cafe;kehtiv;2026-05-29;2027-05-15;2026
14139902;OÜ Plus Catering;kehtiv;2016-12-21;;2016
11465222;OÜ Plus Kohvikud;kehtiv;2009-08-07;;2009
11935917;OÜ Poisi Eine;kehtiv;2010-06-11;;2010
16738222;OÜ PopTheDog;kehtiv;2024-05-02;;2024
16304721;OÜ Portulak;kehtiv;2021-10-13;;2021
12529154;OÜ Prangli Majutus;kehtiv;2018-06-12;;2018
12611275;OÜ Precious, Delicious & Sincere;kehtiv;2018-12-13;;2018
12554850;OÜ Pringi;kehtiv;2021-06-30;;2021
14291142;OÜ Proua Lorde;kehtiv;2017-07-26;;2017
12352129;OÜ Pudelibaar;kehtiv;2022-10-19;;2022
17092354;OÜ Puente;kehtiv;2024-12-16;;2024
17202268;OÜ Puente Norte;kehtiv;2025-07-20;;2025
16215524;OÜ Puhta Toidu Saatkond;kehtiv;2021-07-08;;2021
14040569;OÜ Punane Maja;kehtiv;2017-06-21;;2017
14275961;OÜ Purjekuur;kehtiv;2018-10-25;;2018
14123338;OÜ Puuenergia;kehtiv;2024-04-29;;2024
10539484;OÜ Puulaiu Matkamaja;kehtiv;2005-02-22;;2005
11030352;OÜ Puuram;kehtiv;2010-05-19;;2010
11701609;OÜ PÄRNAMÄED;kehtiv;2017-11-27;;2017
14758829;OÜ Päevakas;kehtiv;2020-07-26;;2020
14386167;OÜ Päevaklubi Maasikas;kehtiv;2020-06-25;;2020
17326094;OÜ Pärli Pizza;kehtiv;2026-04-07;;2026
12326631;OÜ Päts;kehtiv;2021-06-07;;2021
11395651;OÜ Põhjaka mõis;kehtiv;2010-06-16;;2010
12717499;OÜ Põhjala Retail;kehtiv;2015-04-15;;2015
12721779;OÜ Pööbel;kehtiv;2014-11-17;;2014
14104281;OÜ Püha Vitus;kehtiv;2016-11-24;;2016
12231466;OÜ Q Catering;kehtiv;2012-05-29;;2012
12231466;OÜ Q Catering;kehtiv;2013-11-21;;2013
11527012;OÜ R&G;kehtiv;2012-04-18;;2012
14720382;OÜ R.K INVEST;kehtiv;2019-06-16;;2019
12958435;OÜ RAAMATUREAD;kehtiv;2016-01-11;;2016
11068372;OÜ RAMOFEI;kehtiv;2011-11-09;;2011
11029633;OÜ RAUDNA MF;kehtiv;2015-12-16;;2015
11441061;OÜ REBASE SÖÖGITUBA;kehtiv;2008-05-16;;2008
12505064;OÜ REGGAE;kehtiv;2019-05-13;;2019
16682214;OÜ RJJ Catering;kehtiv;2023-07-09;;2023
14991945;OÜ RMFOOD;kehtiv;2022-06-08;;2022
16664914;OÜ RONANOR;kehtiv;2025-04-16;;2025
12572629;OÜ RS Projekt;kehtiv;2021-02-01;;2021
10300542;OÜ RUNNERT KAUBAGRUPP;kehtiv;2011-05-04;;2011
16733839;OÜ RUUF BAR;kehtiv;2023-07-31;;2023
11311200;OÜ RWOTOMIYA;kehtiv;2018-01-18;;2018
10738296;OÜ Raadimõisa Kinnisvara;kehtiv;2015-03-21;;2015
16163336;OÜ Rae Sulgpallikeskus;kehtiv;2022-07-21;;2022
11482315;OÜ Rakvere Kebab;kehtiv;2010-04-06;;2010
12509981;OÜ Ravila Mõis;kehtiv;2014-08-08;;2014
12410826;OÜ Realfood;kehtiv;2016-04-02;;2016
16340726;OÜ Rebasemänniku Catering;kehtiv;2023-06-19;;2023
12060496;OÜ RedDragon;kehtiv;2011-03-11;;2011
11365495;OÜ Redeem;kehtiv;2018-05-20;;2018
14912207;OÜ Reedevigri;kehtiv;2020-06-26;;2020
10090398;OÜ Reilve;kehtiv;2004-08-11;;2004
12906349;OÜ Reimark;kehtiv;2015-12-21;;2015
14374230;OÜ Relantiin;kehtiv;2019-03-20;;2019
16217322;OÜ Rentaablit;kehtiv;2024-05-26;;2024
12045491;OÜ Restoran Privat;kehtiv;2011-11-10;;2011
12993986;OÜ Restoran Ülikooli kohvik;kehtiv;2017-03-31;;2017
16438520;OÜ Restoranide Operaator;kehtiv;2022-04-05;;2022
16134323;OÜ Rexleonum Group;kehtiv;2022-06-15;;2022
12584495;OÜ Riiamäe Pizzeria;kehtiv;2014-02-28;;2014
14137837;OÜ Rikiland;kehtiv;2023-03-25;;2023
11496866;OÜ Ringtee Kiirtoit;kehtiv;2010-07-09;;2010
11700858;OÜ Risco;kehtiv;2009-10-02;;2009
12664142;OÜ Ristikheina Kohvik;kehtiv;2014-10-31;;2014
16106870;OÜ Robmar;kehtiv;2021-02-02;;2021
12337288;OÜ RockMeedium;kehtiv;2013-12-02;;2013
12291178;OÜ Rockafeller;kehtiv;2021-12-21;;2021
11229036;OÜ Roheline Õun;kehtiv;2009-12-10;;2009
12518860;OÜ Romaan;kehtiv;2013-10-16;;2013
11584889;OÜ Roograhu Sadam;kehtiv;2012-04-23;;2012
11951402;OÜ Rossilord;kehtiv;2017-06-12;;2017
11629617;OÜ Royalplanet;kehtiv;2010-01-11;;2010
11073568;OÜ Ränduri;kehtiv;2011-05-03;;2011
11654392;OÜ Rõngu Trahter;kehtiv;2009-09-03;;2009
16488794;OÜ Rüütli Burx;kehtiv;2023-05-18;;2023
14488502;OÜ SAIAPAIK;kehtiv;2020-08-31;;2020
11972232;OÜ SAMURAI SUSHI;kehtiv;2011-08-05;;2011
12244279;OÜ SANVIR BISTROO VÄIKE TÕNISSON;kehtiv;2012-04-25;;2012
14431330;OÜ SENSORIAL;kehtiv;2020-09-29;;2020
10808306;OÜ SIGARI MAJA;kehtiv;2004-08-26;;2004
16695300;OÜ SLKRD;kehtiv;2023-10-15;;2023
11693733;OÜ SPA Tours;kehtiv;2009-12-18;;2009
11693733;OÜ SPA Tours;kehtiv;2014-04-30;;2014
11057115;OÜ SUGDEJA;kehtiv;2022-02-24;;2022
12972464;OÜ Saare Hotell;kehtiv;2016-03-23;;2016
14204686;OÜ Saaremaa Viikingid;kehtiv;2019-05-29;;2019
12531145;OÜ Saarsilla Talukohvik;kehtiv;2014-05-16;;2014
17477108;OÜ Salernita;kehtiv;2026-04-23;;2026
10587905;OÜ Santovara;kehtiv;2004-12-07;;2004
12386714;OÜ Satrian Aerospace;kehtiv;2024-02-16;;2024
11479170;OÜ Scarlet Catering;kehtiv;2008-10-02;;2008
14095487;OÜ Scheeli Restoran;kehtiv;2016-08-30;;2016
11992884;OÜ Sebastes;kehtiv;2017-04-12;;2017
12813553;OÜ Si-Kla;kehtiv;2022-12-14;;2022
14261394;OÜ Siberi Sammar;kehtiv;2022-07-29;;2022
12647741;OÜ Siidilille;kehtiv;2014-05-08;;2014
10550032;OÜ Siilik;kehtiv;2005-05-06;;2005
11963440;OÜ Sileri;kehtiv;2011-06-17;;2011
12338796;OÜ Siliina;kehtiv;2012-11-01;;2012
12139430;OÜ Sillamäe Grill;kehtiv;2011-08-04;;2011
12933889;OÜ Sillari;kehtiv;2017-09-13;;2017
14525746;OÜ Sinu Käik;kehtiv;2019-11-01;;2019
16951921;OÜ Skandinaasia;kehtiv;2024-11-12;;2024
10536090;OÜ Slaker;kehtiv;2009-07-23;;2009
14993594;OÜ Sokk ja Sandaal;kehtiv;2020-06-20;;2020
12464041;OÜ Sparta;kehtiv;2017-01-11;;2017
14684098;OÜ Sport Catering;kehtiv;2019-03-20;;2019
10989609;OÜ Stratoman;kehtiv;2005-04-25;;2005
12902995;OÜ Suay Thai;kehtiv;2016-07-08;;2016
16814704;OÜ Suhkruingel kondiiter;kehtiv;2024-08-06;;2024
14422420;OÜ Suhkur;kehtiv;2018-05-30;;2018
12070980;OÜ Sundry;kehtiv;2017-09-14;;2017
12457242;OÜ Supeluse Hotell;kehtiv;2014-06-05;;2014
14435747;OÜ Supeluse Restoran;kehtiv;2018-04-03;;2018
14797775;OÜ Suruõhk;kehtiv;2019-11-07;;2019
12502057;OÜ Suur Aasta;kehtiv;2013-10-23;;2013
16450596;OÜ Suur Pidu;kehtiv;2022-03-03;;2022
11630833;OÜ Suurjärve KM;kehtiv;2009-04-13;;2009
12557133;OÜ Suusakool;kehtiv;2017-10-24;;2017
16292855;OÜ Suveterassipeod;kehtiv;2026-02-10;;2026
14761406;OÜ Suvetuba;kehtiv;2021-08-12;;2021
12417113;OÜ Svaor;kehtiv;2014-04-02;;2014
14119704;OÜ Sweet Paradise;kehtiv;2017-09-26;;2017
11112305;OÜ Swissotel Estonia;kehtiv;2007-12-03;;2007
11112305;OÜ Swissotel Estonia;kehtiv;2007-12-03;;2007
11112305;OÜ Swissotel Estonia;kehtiv;2007-12-03;;2007
11112305;OÜ Swissotel Estonia;kehtiv;2007-12-03;;2007
11112305;OÜ Swissotel Estonia;kehtiv;2007-12-03;;2007
14237591;OÜ Sänku Saan;kehtiv;2017-04-17;;2017
16742844;OÜ Särav Üks;kehtiv;2025-12-03;;2025
16231888;OÜ Sääre kohvik;kehtiv;2021-06-01;;2021
11363036;OÜ Södervik;kehtiv;2015-05-01;;2015
11320535;OÜ TAMMURI;kehtiv;2013-04-05;;2013
10149306;OÜ TERINIPP;kehtiv;2005-03-18;;2005
12755815;OÜ TETSI;kehtiv;2022-02-19;;2022
10175083;OÜ TIIVAD;kehtiv;2007-11-22;;2007
12004233;OÜ TOIDUPADA;kehtiv;2013-05-20;;2013
11712229;OÜ TONSTRINA;kehtiv;2020-12-15;;2020
16144758;OÜ TONTON24;kehtiv;2021-04-15;;2021
10851696;OÜ TOOMEMAA;kehtiv;2018-11-01;;2018
11641392;OÜ TRÜHVEL;kehtiv;2010-02-02;;2010
12480614;OÜ TT Hotels;kehtiv;2014-08-28;;2014
11173643;OÜ TULEVIK AUTO;kehtiv;2018-08-01;;2018
16991731;OÜ Tacocat;kehtiv;2024-12-06;;2024
12233175;OÜ Taldrik;kehtiv;2015-01-20;;2015
14775213;OÜ Tallink Fast Food;kehtiv;2020-04-20;;2020
12674821;OÜ Tallinna Jazzibaar;kehtiv;2014-11-26;;2014
14603825;OÜ Tartu Uulits;kehtiv;2020-07-29;;2020
12104029;OÜ Tatra Forell;kehtiv;2012-05-03;;2012
14985198;OÜ Taube Catering;kehtiv;2020-06-15;;2020
10306059;OÜ Teemantid;kehtiv;2005-04-15;;2005
12672070;OÜ Tehnokunn;kehtiv;2024-05-21;;2024
12019513;OÜ Teine Noorus;kehtiv;2011-07-13;;2011
12096287;OÜ Teliron;kehtiv;2011-08-30;;2011
12933636;OÜ Telliskivi Kohvi;kehtiv;2020-09-18;;2020
14655466;OÜ Tikupoiss;kehtiv;2019-05-20;;2019
12550958;OÜ Time Riders;kehtiv;2014-06-03;;2014
12757323;OÜ Toidutuba;kehtiv;2017-07-31;;2017
14070702;OÜ Tondi Pizza;kehtiv;2016-09-05;;2016
11067148;OÜ Toner.ee;kehtiv;2014-09-24;;2014
10081330;OÜ Toomeoru;kehtiv;2005-04-15;;2005
14010723;OÜ Toomi Tänu;kehtiv;2017-04-04;;2017
11386818;OÜ Torrox;kehtiv;2012-08-07;;2012
17009436;OÜ Trading LCH;kehtiv;2024-11-10;;2024
12926375;OÜ Tragitegu;kehtiv;2024-11-05;;2024
11982265;OÜ Training Technology;kehtiv;2018-03-12;;2018
11920407;OÜ Trebinet;kehtiv;2010-12-13;;2010
12540256;OÜ Trimax Baltic;kehtiv;2020-05-24;;2020
12394116;OÜ Trimiks;kehtiv;2013-01-17;;2013
17366998;OÜ Triumvirate;kehtiv;2025-11-12;;2025
14410279;OÜ Tulbid ja Jalgratas;kehtiv;2024-06-12;;2024
12810448;OÜ Two Black Orchids;kehtiv;2018-07-29;;2018
11673133;OÜ Täheke;kehtiv;2010-01-22;;2010
11673133;OÜ Täheke;kehtiv;2013-10-30;;2013
10914110;OÜ UUSMÄGI;kehtiv;2005-02-04;;2005
14997497;OÜ Uduhaldjas;kehtiv;2020-06-29;;2020
12848770;OÜ Uimeahv;kehtiv;2017-06-01;;2017
14948760;OÜ Ulukiköök;kehtiv;2020-07-25;;2020
14800900;OÜ Umile;kehtiv;2024-04-16;;2024
11397615;OÜ Unidomen;kehtiv;2007-09-25;;2007
14118716;OÜ Uulits Gurmee;kehtiv;2020-07-29;;2020
11636920;OÜ Uulu Kohvik;kehtiv;2009-06-03;;2009
14036875;OÜ VAHVA VAHVEL;kehtiv;2024-06-08;;2024
10079014;OÜ VALLI;kehtiv;2004-09-16;;2004
10329830;OÜ VESKISILLA;kehtiv;2005-03-10;;2005
10945167;OÜ VIINAMÄRDI HALDUS;kehtiv;2016-04-14;;2016
16650119;OÜ VIIS PÄEVA;kehtiv;2024-06-12;;2024
12221485;OÜ VIKKAUR;kehtiv;2012-06-26;;2012
12221485;OÜ VIKKAUR;kehtiv;2014-05-07;;2014
16333117;OÜ VOLKi baar;kehtiv;2021-10-06;;2021
10725827;OÜ VRV GRUPP;kehtiv;2004-12-23;;2004
16725352;OÜ Vaatekohvik;kehtiv;2023-05-12;;2023
14809685;OÜ Vaba Koht;kehtiv;2019-09-24;;2019
12073518;OÜ Vabad kohvimeistrid;kehtiv;2011-04-18;;2011
12567507;OÜ Vaga Mama;kehtiv;2018-10-22;;2018
16849341;OÜ Valamulli Bäär;kehtiv;2023-11-20;;2023
12281872;OÜ Valaste Puhkeküla;kehtiv;2012-05-24;;2012
11977949;OÜ Valencia Grupp;kehtiv;2012-12-27;;2012
11233078;OÜ Valerii;kehtiv;2009-07-16;;2009
14942421;OÜ Valge Suss;kehtiv;2020-05-03;;2020
16723485;OÜ Valgeke;kehtiv;2024-04-11;;2024
11991749;OÜ Vallatu Vombat;kehtiv;2011-02-15;;2011
14348669;OÜ Vanaema köök;kehtiv;2004-07-02;;2004
14348669;OÜ Vanaema köök;kehtiv;2007-01-31;;2007
14348669;OÜ Vanaema köök;kehtiv;2007-01-31;;2007
14348669;OÜ Vanaema köök;kehtiv;2014-04-21;;2014
17239892;OÜ Varastatudpäike;kehtiv;2026-04-13;;2026
16254856;OÜ Vee Ääres;kehtiv;2021-07-21;;2021
12885665;OÜ Veerenni Café & Bistro;kehtiv;2018-11-01;;2018
11982986;OÜ Vein ja Vine;kehtiv;2011-05-06;;2011
16659793;OÜ Veinikuningad;kehtiv;2023-05-30;;2023
12822196;OÜ Vendato;kehtiv;2021-06-09;;2021
11274373;OÜ Ventoluks;kehtiv;2006-11-30;;2006
11274373;OÜ Ventoluks;kehtiv;2009-07-03;;2009
11523867;OÜ Vesipiip;kehtiv;2009-11-04;;2009
12604878;OÜ Viitna Toidutare;kehtiv;2014-02-21;;2014
16013654;OÜ Viru Burger FT;kehtiv;2021-04-02;;2021
16620035;OÜ Viskeuss;kehtiv;2025-09-15;;2025
12876714;OÜ Vivere;kehtiv;2025-07-26;;2025
11706619;OÜ VÄLGI PUHKEMAJAD;kehtiv;2015-07-13;;2015
12168513;OÜ Väike Mü;kehtiv;2012-04-09;;2012
16991487;OÜ Väike Petersell;kehtiv;2024-09-24;;2024
11107379;OÜ WESTERFAN;kehtiv;2022-09-03;;2022
10391728;OÜ WESTOIL;kehtiv;2005-03-04;;2005
11529652;OÜ Wine Way;kehtiv;2016-06-01;;2016
14228706;OÜ Wise Bros;kehtiv;2018-06-26;;2018
12149109;OÜ Woodlogers;kehtiv;2015-07-13;;2015
14824383;OÜ Ykohvik;kehtiv;2020-08-10;;2020
12823155;OÜ Zunet;kehtiv;2017-01-03;;2017
14739513;OÜ hombretm;kehtiv;2019-08-01;;2019
14913276;OÜ kinza resto;kehtiv;2020-02-26;;2020
16864665;OÜ kooki tahad;kehtiv;2025-04-21;;2025
16313971;OÜ pizza pasta;kehtiv;2022-04-12;;2022
10464232;OÜ von Ramm;kehtiv;2009-04-15;;2009
10254641;OÜ ÄKSI PUHKEMAJA;kehtiv;2005-04-13;;2005
16179857;OÜ Österby sadamakohvik;kehtiv;2021-03-19;;2021
11169185;OÜ Ööklubi Maasikas;kehtiv;2006-07-28;;2006
14467948;OÜ Üks Köök;kehtiv;2019-06-14;;2019
14065185;OÜ Üllatus;kehtiv;2021-01-12;;2021
14355089;OÜ Ülo;kehtiv;2018-06-14;;2018
14082792;OÜ Ürg;kehtiv;2025-02-06;;2025
17267471;OÜ Šokk ja Skandaal;kehtiv;2025-07-08;;2025
11916877;Oü Artur ja Catering;kehtiv;2010-04-30;;2010
11916877;Oü Artur ja Catering;kehtiv;2011-03-30;;2011
11916877;Oü Artur ja Catering;kehtiv;2013-04-15;;2013
14013957;P.P Building OÜ;kehtiv;2018-01-09;;2018
11988316;P.T.Express OÜ;kehtiv;2010-11-25;;2010
10945919;PAALAKALDA OÜ;kehtiv;2022-07-06;;2022
10299313;PAHAD POISID OÜ;kehtiv;2012-10-18;;2012
17226910;PAKSU POISI PUBI OÜ;kehtiv;2025-06-05;;2025
14297854;PANMS OÜ;kehtiv;2021-08-09;;2021
12476417;PARIKON OÜ;kehtiv;2013-06-07;;2013
14164082;PERACTO OÜ;kehtiv;2020-06-19;;2020
11345209;PIANO Foorum OÜ;kehtiv;2008-05-13;;2008
11037911;PIERRE et KONTSOW OÜ;kehtiv;2007-05-30;;2007
16940644;PILV BUGATTI OÜ;kehtiv;2024-04-26;;2024
11636959;PIRET SAALISTE;kehtiv;2015-06-19;;2015
17223261;PITSAKANGELASED OÜ;kehtiv;2025-05-01;;2025
11423137;PJK Haldus OÜ;kehtiv;2007-12-13;;2007
11721731;PJV Halduskoda OÜ;kehtiv;2009-11-11;;2009
14705833;PMI Production OÜ;esitatud;2025-04-25;;2025
11982845;PMR Catering OÜ;kehtiv;2017-02-07;;2017
12880064;PNG Services OÜ;kehtiv;2023-11-09;;2023
11570031;POINT Productions OÜ;kehtiv;2024-06-06;;2024
17023465;POJU OÜ;kehtiv;2024-07-09;;2024
12328022;POKSILEIB OÜ;kehtiv;2015-01-16;;2015
10525324;POLAREST GRUPP OÜ;kehtiv;2017-07-05;;2017
10910588;POPULAR OÜ;kehtiv;2005-03-29;;2005
10910588;POPULAR OÜ;kehtiv;2008-05-09;;2008
14959539;PORGANDIPOMM OÜ;kehtiv;2026-02-16;;2026
17073820;PP Green OÜ;kehtiv;2026-05-26;;2026
14960726;PP Point OÜ;kehtiv;2020-05-13;;2020
14220484;PPJ Restoranid OÜ;kehtiv;2017-08-08;;2017
17200542;PPS lounge OÜ;kehtiv;2025-05-02;;2025
16826630;PPST Holding OÜ;kehtiv;2023-10-11;;2023
80239844;PRANGLI SAARE TALURAHVAMUUSEUMI SELTS;kehtiv;2014-07-11;;2014
10779800;PRANGLI TURISMIÜHISTU;kehtiv;2004-05-14;;2004
16733101;PRFO Solutions OÜ;kehtiv;2024-06-09;;2024
11397727;PRO LOFT OÜ;kehtiv;2007-10-16;;2007
14538944;PRO RESTO OÜ;kehtiv;2018-11-15;;2018
14491680;PROTUUNING OÜ;kehtiv;2018-06-06;;2018
16942017;PUHJA KOHVIK OÜ;kehtiv;2024-06-04;;2024
11963530;PULCINELLA italian food OÜ;kehtiv;2010-11-25;;2010
12440632;PURUTEE OÜ;kehtiv;2017-04-21;;2017
16718260;Paavli Kultuuriklubi OÜ;kehtiv;2023-04-17;;2023
17107831;Pabertiiger OÜ;kehtiv;2025-04-23;;2025
14400944;Pablo OÜ;kehtiv;2021-04-29;;2021
16079305;Padise Mõis OÜ;kehtiv;2020-11-11;;2020
16620963;Paemel OÜ;kehtiv;2023-06-12;;2023
12616657;Pagarikoda OÜ;kehtiv;2021-03-29;;2021
11938169;Pagarikojad OÜ;kehtiv;2016-12-15;;2016
10381865;Pagaripoisid OÜ;kehtiv;2004-12-21;;2004
10381865;Pagaripoisid OÜ;kehtiv;2005-04-18;;2005
10381865;Pagaripoisid OÜ;kehtiv;2005-04-18;;2005
10381865;Pagaripoisid OÜ;kehtiv;2005-04-19;;2005
10381865;Pagaripoisid OÜ;kehtiv;2010-08-23;;2010
10381865;Pagaripoisid OÜ;kehtiv;2011-06-30;;2011
16505854;Pagu OÜ;kehtiv;2022-06-27;;2022
16073484;Pajukass OÜ;kehtiv;2021-09-16;;2021
11359282;Pakri Parun OÜ;kehtiv;2016-06-19;;2016
17339091;Paldiski PuB OÜ;kehtiv;2025-10-17;;2025
11452722;Paljasjalg Kaubandus OÜ;kehtiv;2018-05-30;;2018
16610083;Palu Group OÜ;kehtiv;2025-12-10;;2025
16253306;PameVustica OÜ;kehtiv;2022-06-29;;2022
14186403;PanCake OÜ;kehtiv;2018-05-18;;2018
16346746;Panas invest OÜ;kehtiv;2026-04-21;;2026
12668335;Pandemus OÜ;kehtiv;2020-08-01;;2020
12243819;Pandivere Catering OÜ;kehtiv;2014-12-30;;2014
17480903;Pann&Tuli OÜ;kehtiv;2026-04-15;;2026
90010261;Pannjärve Tervisespordikeskus Sihtasutus;kehtiv;2026-04-14;;2026
14976124;Pansionaat OÜ;kehtiv;2022-05-30;;2022
16544305;Paparazzi Group OÜ;kehtiv;2023-03-14;;2023
14194516;Paradise OÜ;kehtiv;2017-02-16;;2017
17070447;Parim Baar OÜ;kehtiv;2024-09-29;;2024
14466660;Parim Seltskond OÜ;kehtiv;2018-07-05;;2018
12209165;Parimad Peod OÜ;kehtiv;2012-06-08;;2012
12027240;Party OÜ;kehtiv;2011-02-04;;2011
16951393;Passionmama OÜ;kehtiv;2024-04-03;;2024
16579539;PastaHeaven OÜ;kehtiv;2024-05-26;;2024
16194963;Pastamasin OÜ;kehtiv;2021-04-26;;2021
17008939;Pastatehas OÜ;kehtiv;2024-11-11;;2024
14521926;Pastoraat OÜ;kehtiv;2019-07-16;;2019
12761017;Patrick Anthony Noronha;kehtiv;2016-07-21;;2016
17384714;Patsikakk OÜ;kehtiv;2026-03-20;;2026
11404255;Pauline Catering OÜ;kehtiv;2007-08-10;;2007
11404255;Pauline Catering OÜ;kehtiv;2008-11-10;;2008
16225635;Pavlov Company OÜ;kehtiv;2021-10-08;;2021
14323882;Pavlova OÜ;kehtiv;2017-12-12;;2017
17113665;PeakSound OÜ;kehtiv;2025-12-11;;2025
16473507;Peakoka Kulinaaria OÜ;kehtiv;2022-05-10;;2022
16022564;Peale tööd pubi OÜ;kehtiv;2020-09-02;;2020
16412785;Pecorino OÜ;kehtiv;2022-04-08;;2022
16448790;Peensalu Köök OÜ;kehtiv;2023-06-04;;2023
14047198;Peetri Bufee OÜ;kehtiv;2017-11-08;;2017
11692283;Peetri Grupp OÜ;kehtiv;2009-07-31;;2009
10567280;Pelf OÜ;kehtiv;2008-01-28;;2008
12884872;Pelgumaja OÜ;kehtiv;2017-03-23;;2017
16256262;Pelm 1 OÜ;kehtiv;2021-07-06;;2021
14496312;Pelm Grupp OÜ;kehtiv;2024-03-11;;2024
14598484;Pelmen OÜ;kehtiv;2022-01-11;;2022
12632076;Pelut OÜ;kehtiv;2014-04-30;;2014
14344696;Pelytte Catering OÜ;kehtiv;2017-12-06;;2017
12743315;Peninuki Distillery OÜ;kehtiv;2020-06-12;;2020
11231487;Pentabox OÜ;kehtiv;2026-05-27;;2026
12891151;Peoliin OÜ;kehtiv;2017-02-05;;2017
16126393;Peomeister OÜ;kehtiv;2023-05-19;;2023
16643266;Peosfääri Instituut OÜ;kehtiv;2023-05-18;;2023
12665207;Pere Turg OÜ;kehtiv;2017-09-15;;2017
80387125;Perekond Piidivabrik MTÜ;kehtiv;2021-05-31;;2021
17113702;Pereköök OÜ;kehtiv;2025-01-05;;2025
16744783;Perkä OÜ;kehtiv;2024-03-12;;2024
16676099;Perona Surf OÜ;kehtiv;2024-06-19;;2024
16663613;Perspolis OÜ;kehtiv;2023-06-21;;2023
14376387;Pertini OÜ;kehtiv;2020-03-05;;2020
12447605;Pervak OÜ;kehtiv;2016-12-12;;2016
14168915;Pesa Toitlustus OÜ;kehtiv;2017-05-17;;2017
16471316;Pesseressa Masaramindi OÜ;kehtiv;2022-08-04;;2022
12014935;PestoRi OÜ;kehtiv;2010-12-06;;2010
16283649;Petiscos OÜ;kehtiv;2021-08-18;;2021
14796037;Petite Cafe OÜ;kehtiv;2019-12-19;;2019
14506619;Pham Trurong OÜ;kehtiv;2019-01-16;;2019
14463382;Phangan Foods OÜ;kehtiv;2018-04-29;;2018
16210372;Phoenix Catering OÜ;kehtiv;2021-05-04;;2021
16565879;Phoibe OÜ;kehtiv;2022-12-06;;2022
16723732;PiBir OÜ;kehtiv;2024-01-09;;2024
16679519;Piana Vyshnia Estonia OÜ;kehtiv;2023-06-12;;2023
11661785;Piano Solaris OÜ;kehtiv;2010-01-18;;2010
12817841;Piano Tartu OÜ;kehtiv;2016-05-24;;2016
14448454;Piano Ülemiste OÜ;kehtiv;2019-06-10;;2019
16722876;Pidu ja Pillerkaar OÜ;kehtiv;2024-05-02;;2024
12990344;Pidu&Söök OÜ;kehtiv;2016-08-15;;2016
14398070;Pidula Forell OÜ;kehtiv;2018-05-11;;2018
14975099;Pidula Wakepark OÜ;kehtiv;2020-05-25;;2020
16259025;Piece Of Bake OÜ;kehtiv;2021-07-06;;2021
14850788;Piep Manor OÜ;kehtiv;2020-07-28;;2020
16128133;Pihtla Mekituba OÜ;kehtiv;2021-06-08;;2021
16722758;Piibubaar OÜ;kehtiv;2023-11-27;;2023
11810825;Piip ja Tuut Mängumajad OÜ;kehtiv;2011-08-19;;2011
12839794;Piipl OÜ;kehtiv;2017-06-20;;2017
16613207;PiiriPealne OÜ;kehtiv;2023-03-04;;2023
14884283;Piirivee OÜ;kehtiv;2025-06-19;;2025
11606266;Pikkjalg OÜ;kehtiv;2011-11-18;;2011
16498396;Pikkpoiss OÜ;kehtiv;2025-03-10;;2025
11708848;Piljardisaalide OÜ;kehtiv;2011-09-12;;2011
14363870;Pilliroog OÜ;kehtiv;2017-11-09;;2017
11997781;Pimenta OÜ;kehtiv;2010-10-01;;2010
16492175;Pink Elevant OÜ;kehtiv;2025-05-21;;2025
16925177;Pinsere OÜ;kehtiv;2024-04-08;;2024
14416253;Piraat OÜ;kehtiv;2018-04-03;;2018
16204934;Pirko Äri OÜ;kehtiv;2021-04-29;;2021
11264400;Pirogov OÜ;kehtiv;2012-04-23;;2012
11918853;Pirosmani Osaühing;kehtiv;2017-10-02;;2017
11928604;Pirta OÜ;kehtiv;2023-11-22;;2023
16051531;Pirts OÜ;kehtiv;2025-08-31;;2025
14399164;PisiPai OÜ;kehtiv;2023-08-02;;2023
14255073;Pitsapidu OÜ;kehtiv;2017-09-26;;2017
12526523;Pixel Production OÜ;kehtiv;2014-05-20;;2014
16699396;Pizza Eleven OÜ;kehtiv;2023-03-31;;2023
12391328;Pizza Hunt OÜ;kehtiv;2013-05-09;;2013
16095405;Pizza OÜ;kehtiv;2021-07-05;;2021
14218754;Pizza wow OÜ;kehtiv;2017-03-16;;2017
14548763;PizzaMinisteerium OÜ;kehtiv;2018-09-03;;2018
17133857;Pizzakahvel OÜ;kehtiv;2025-01-23;;2025
11673624;Pizzakaubandus OÜ;kehtiv;2009-09-30;;2009
14037685;Pizzaprofid OÜ;kehtiv;2016-09-05;;2016
16599884;Pizzatuba OÜ;kehtiv;2022-10-25;;2022
14239130;Pizzer OÜ;kehtiv;2017-06-26;;2017
16789567;Planeet Ruhnu OÜ;kehtiv;2023-09-28;;2023
14566432;Plant Food OÜ;kehtiv;2019-05-06;;2019
14060342;Plaza Viimsi OÜ;kehtiv;2016-08-24;;2016
12206557;Plekats KR OÜ;kehtiv;2012-03-29;;2012
12740570;PlusService OÜ;kehtiv;2018-12-06;;2018
11606970;Plusprisma OÜ;kehtiv;2010-01-18;;2010
16650579;Poblano OÜ;kehtiv;2023-01-13;;2023
90001871;Pokumaa Sihtasutus;kehtiv;2021-07-27;;2021
17282592;PoliVento OÜ;kehtiv;2025-12-01;;2025
14239680;Pollo OÜ;kehtiv;2017-05-29;;2017
12815764;Pool Neli OÜ;kehtiv;2020-05-01;;2020
12830913;Pool Võitu OÜ;kehtiv;2017-05-22;;2017
16113539;PoolaMäe OÜ;kehtiv;2021-02-20;;2021
14733605;PopUp hotell OÜ;kehtiv;2020-12-16;;2020
16859664;Porkuni Viinavabrik OÜ;kehtiv;2024-05-23;;2024
14575218;Port Desina OÜ;kehtiv;2018-10-14;;2018
11143493;Portelain Consult OÜ;kehtiv;2009-03-06;;2009
17238065;Ports Resto OÜ;kehtiv;2025-08-01;;2025
14124332;Portsman OÜ;kehtiv;2017-01-03;;2017
14330037;Pos Burger OÜ;kehtiv;2024-02-05;;2024
16271155;PostMan Trade OÜ;kehtiv;2024-03-22;;2024
14457200;Postikana OÜ;kehtiv;2018-05-03;;2018
17039012;Postimaja Lokaal OÜ;kehtiv;2024-08-01;;2024
12029351;Prangli Reisid OÜ;kehtiv;2014-05-07;;2014
14527171;Prangli Valgemaja OÜ;kehtiv;2018-07-20;;2018
12759747;Prassi toitlustus OÜ;kehtiv;2017-06-09;;2017
16939469;Prembuild OÜ;kehtiv;2024-11-30;;2024
10030700;Premia Tallinna Külmhoone AS;kehtiv;2012-04-09;;2012
10190065;Premier Restaurants Eesti OÜ;kehtiv;2016-12-07;;2016
14525739;Premium Bussid OÜ;kehtiv;2021-02-08;;2021
12575651;Premiumfish OÜ;kehtiv;2018-08-02;;2018
16234384;Prep Kitchen OÜ;kehtiv;2024-10-23;;2024
11626100;Prestige Brand International OÜ;kehtiv;2022-01-19;;2022
12643418;Previo OÜ;kehtiv;2015-01-07;;2015
12863172;Priileib OÜ;kehtiv;2016-05-21;;2016
12548335;Primering OÜ;kehtiv;2021-05-19;;2021
14332875;Privat Holding Group OÜ;kehtiv;2021-06-19;;2021
17159615;ProBurger OÜ;kehtiv;2025-04-27;;2025
12468599;ProCatering OÜ;kehtiv;2023-11-06;;2023
14208224;ProGlance OÜ;kehtiv;2019-11-27;;2019
11907223;ProService Assets OÜ;kehtiv;2010-12-16;;2010
11964863;ProSmart OÜ;kehtiv;2017-04-05;;2017
11526892;ProSolutions OÜ;kehtiv;2018-06-05;;2018
16687772;Proclub OÜ;kehtiv;2023-05-18;;2023
11201084;Prodask OÜ;kehtiv;2006-01-06;;2006
14419398;Proexpress OÜ;kehtiv;2024-08-17;;2024
16466686;Profbaar OÜ;kehtiv;2025-04-06;;2025
11712991;Profectus OÜ;kehtiv;2010-01-06;;2010
16529607;Professional Service Company OÜ;kehtiv;2023-06-14;;2023
17224241;Pronta OÜ;kehtiv;2025-11-27;;2025
16365413;Prospetiva Eyes OÜ;kehtiv;2022-06-14;;2022
14975449;ProteusFood OÜ;kehtiv;2023-07-07;;2023
14158153;Proto OÜ;kehtiv;2019-10-04;;2019
12325612;Prowints OÜ;kehtiv;2013-04-19;;2013
12124842;Proxima Grupp OÜ;kehtiv;2018-08-08;;2018
16603373;Pruulikoda Kompressor OÜ;kehtiv;2025-11-11;;2025
14160061;Pruulikoer OÜ;kehtiv;2017-02-17;;2017
14444410;Pruulius OÜ;kehtiv;2018-05-28;;2018
12006350;Pubi Juudas OÜ;kehtiv;2011-01-03;;2011
16007470;Public Preparation OÜ;kehtiv;2021-06-27;;2021
16857990;Pudelikael OÜ;kehtiv;2024-04-19;;2024
16014990;PudruPada OÜ;kehtiv;2020-09-03;;2020
14651787;Puhas Maitse OÜ;kehtiv;2019-07-02;;2019
16150279;Puhjaresto OÜ;kehtiv;2021-03-02;;2021
11264831;Puhu Risti Söögimaja OÜ;kehtiv;2009-09-07;;2009
12944692;Pull Restoranid OÜ;kehtiv;2016-10-04;;2016
16001384;PunaneExpress OÜ;kehtiv;2022-05-11;;2022
14986217;Punta OÜ;kehtiv;2024-07-13;;2024
16784624;Purje tee koduköök OÜ;kehtiv;2024-04-03;;2024
12856870;Purtse Pruulikoda OÜ;kehtiv;2019-08-14;;2019
10786237;PÄRNA talu;kehtiv;2007-06-15;;2007
14948464;PÄÄSUOJA TALU OÜ;kehtiv;2023-05-17;;2023
16580152;PÕHJA KOHT OÜ;kehtiv;2025-08-21;;2025
10103586;PÕLDMA KAUBANDUSE AKTSIASELTS;kehtiv;2024-07-31;;2024
17158840;Päikesetasku OÜ;kehtiv;2025-11-27;;2025
16163365;Pälletbar OÜ;kehtiv;2021-03-06;;2021
14043131;Pärnamäe talu OÜ;kehtiv;2018-02-20;;2018
80303855;Pärnu Diakooniakeskus Mittetulundusühing;kehtiv;2017-12-07;;2017
11947429;Pärnu Tennisekeskus OÜ;kehtiv;2010-11-04;;2010
17438350;Pärnu Varahalduse OÜ;kehtiv;2026-04-25;;2026
70006369;Pärnumaa Kutsehariduskeskus;kehtiv;2026-04-08;;2026
14987961;Põhja Öökull OÜ;kehtiv;2020-06-16;;2020
14081953;Põhjasörk OÜ;kehtiv;2016-09-05;;2016
14982248;Põhumaja OÜ;kehtiv;2025-05-01;;2025
14838735;Põik 7 OÜ;kehtiv;2022-08-03;;2022
12058750;Põko OÜ;kehtiv;2017-06-08;;2017
10952902;Põlluääre Hostel OÜ;kehtiv;2005-10-17;;2005
75003068;Põltsamaa Kultuurikeskus;kehtiv;2023-11-30;;2023
16106485;Põru Putka OÜ;kehtiv;2025-05-08;;2025
14978382;Pöial-Liisi Kohvik OÜ;kehtiv;2025-08-06;;2025
16048635;Pöide Mesi OÜ;kehtiv;2025-02-05;;2025
12483989;Pühajärve Grill OÜ;kehtiv;2015-11-21;;2015
14937621;Püül ja Tõrs OÜ;kehtiv;2020-05-14;;2020
12421333;Püünemeistrid OÜ;kehtiv;2017-11-21;;2017
14377636;Q Argentina Grill OÜ;kehtiv;2018-02-12;;2018
14777100;QUIK CHEF OÜ;kehtiv;2019-09-08;;2019
14554446;Quarter OÜ;kehtiv;2018-11-23;;2018
12417892;R - CATERING OÜ;kehtiv;2013-05-06;;2013
12451274;R&R TECH OÜ;kehtiv;2019-01-07;;2019
14287979;R-Makes OÜ;kehtiv;2018-03-19;;2018
14642073;R-Resto OÜ;kehtiv;2019-05-14;;2019
17012317;R-ecole OÜ;kehtiv;2025-04-09;;2025
14164001;R-ena OÜ;kehtiv;2022-05-09;;2022
12135343;R.K.Riikal OÜ;kehtiv;2012-01-13;;2012
12961526;R2 SPA OÜ;kehtiv;2016-11-24;;2016
12093403;RA BBQ OÜ;kehtiv;2011-05-11;;2011
17228977;RAB INVEST OÜ;kehtiv;2025-07-21;;2025
14155491;RABASAKH OÜ;kehtiv;2016-12-22;;2016
14313903;RAF CHIPS TRADING COMPANY OÜ;kehtiv;2018-06-08;;2018
10421903;RAHVA RAAMAT Aktsiaselts;kehtiv;2019-03-14;;2019
12183425;RALENTOR OÜ;kehtiv;2016-04-29;;2016
17009073;RANNAKARU OÜ;kehtiv;2024-06-17;;2024
11263412;RATSIMÄE OÜ;kehtiv;2015-01-01;;2015
11435631;RAUDITE Osaühing;kehtiv;2008-03-13;;2008
16639744;RAYAN OÜ;kehtiv;2025-12-22;;2025
14332639;RC Operaator OÜ;kehtiv;2017-10-26;;2017
10318690;REET PEET;kehtiv;2025-08-03;;2025
16063830;REKS PARTNER OÜ;kehtiv;2021-02-09;;2021
11285974;REMSERV OÜ;kehtiv;2014-10-08;;2014
12056324;RENACO Trade OÜ;kehtiv;2014-05-27;;2014
14670046;RESTOPRO OÜ;kehtiv;2019-05-07;;2019
14809461;RESTORAN FRIEND’S OÜ;kehtiv;2019-10-01;;2019
16618110;RESTORAN Sadama 4 OÜ;kehtiv;2025-10-07;;2025
11683114;RESTORAN TRI OÜ;kehtiv;2009-11-30;;2009
14987688;RETR8O OÜ;kehtiv;2020-06-30;;2020
10767984;REVELIN OÜ;kehtiv;2005-06-28;;2005
14271814;RISTORANTE CASTELLO OÜ;kehtiv;2017-09-05;;2017
12138040;RIVET OÜ;kehtiv;2021-05-01;;2021
12337526;RIVOLIA OÜ;kehtiv;2012-10-10;;2012
17396976;RJ BAR OÜ;kehtiv;2026-02-26;;2026
14499670;RK Catering OÜ;kehtiv;2018-06-01;;2018
16177700;RK HOTELS OÜ;kehtiv;2022-02-04;;2022
14180603;RKS Teenused OÜ;kehtiv;2020-05-29;;2020
12259915;RM Capital OÜ;kehtiv;2012-09-04;;2012
17021437;RMA09 Holding OÜ;kehtiv;2024-07-10;;2024
17227624;RMT ENT OÜ;kehtiv;2025-05-12;;2025
10547231;ROBERT JÜRGENSONi RÖSTLERI TALU;kehtiv;2011-05-23;;2011
12425974;RODMAN OÜ;kehtiv;2014-01-15;;2014
12870054;RONGAR OÜ;kehtiv;2015-08-10;;2015
10618250;ROSENI MAJAD OÜ;kehtiv;2005-08-11;;2005
10618250;ROSENI MAJAD OÜ;kehtiv;2006-06-13;;2006
16787249;ROUEN OÜ;kehtiv;2023-08-29;;2023
14087987;ROYAL WOOD OÜ;kehtiv;2017-11-27;;2017
16878354;RP9 OÜ;kehtiv;2024-10-18;;2024
10072791;RRLektus Aktsiaselts;kehtiv;2004-09-02;;2004
10646134;RT Hotellid OÜ;kehtiv;2004-08-03;;2004
12544389;RTH OÜ;kehtiv;2022-04-01;;2022
16887732;RTYenom OÜ;kehtiv;2024-01-15;;2024
12169827;RUTAX OÜ;kehtiv;2019-08-01;;2019
10403348;RUUNAWERE HOTELL OÜ;kehtiv;2006-07-13;;2006
14853060;Raasiku Pizza OÜ;kehtiv;2020-11-02;;2020
12209219;RadiusTech OÜ;kehtiv;2015-02-18;;2015
16857429;Raekohv OÜ;kehtiv;2025-04-01;;2025
12269629;Raekoja OÜ;kehtiv;2012-06-29;;2012
10816257;Raho OÜ;kehtiv;2013-07-05;;2013
11711112;Rahu Armastus & Hea Toit OÜ;kehtiv;2016-05-27;;2016
16122679;Rahvamees OÜ;kehtiv;2025-08-20;;2025
12375225;Rahvaresto OÜ;kehtiv;2013-01-09;;2013
10659349;Rainer Vesik;kehtiv;2010-06-22;;2010
16121651;Rainforest OÜ;kehtiv;2021-02-16;;2021
12008455;Raini Toitlustus OÜ;kehtiv;2010-11-01;;2010
14623584;Raist Holding OÜ;kehtiv;2022-05-26;;2022
12183784;Rajaääre OÜ;kehtiv;2012-03-29;;2012
10045966;Rakvere Metsamajand OÜ;kehtiv;2005-04-14;;2005
14096363;RamRam OÜ;kehtiv;2016-09-26;;2016
14756405;Ramastus OÜ;kehtiv;2022-11-07;;2022
14475853;Ramexo Invest OÜ;kehtiv;2020-07-02;;2020
11382364;Ramitas Eesti OÜ;kehtiv;2013-05-02;;2013
12765475;Ramset Group OÜ;kehtiv;2023-08-03;;2023
16248541;Randelin OÜ;kehtiv;2023-05-17;;2023
12024974;Rando Kauge OÜ;kehtiv;2010-12-06;;2010
12832935;Rankai OÜ;kehtiv;2017-06-12;;2017
14738494;Rannabangalo OÜ;kehtiv;2019-06-19;;2019
17100220;Rannaka Bistroo OÜ;kehtiv;2025-05-29;;2025
12989430;Rannakild OÜ;kehtiv;2016-06-14;;2016
16206040;Rannakuur OÜ;kehtiv;2021-05-26;;2021
14738382;Rannalahendused OÜ;kehtiv;2023-06-10;;2023
14711348;Rannalounge OÜ;kehtiv;2020-05-12;;2020
16230305;Rannaresto OÜ;kehtiv;2021-06-17;;2021
12170813;Rannarestoran OÜ;kehtiv;2015-06-02;;2015
16675817;Rapata OÜ;kehtiv;2023-05-18;;2023
11096842;Rapla Bussipark OÜ;kehtiv;2017-09-15;;2017
70000846;Raplamaa Rakenduslik Kolledž;kehtiv;2013-02-27;;2013
10588230;Rasa Trading Company AS;kehtiv;2004-11-02;;2004
10588230;Rasa Trading Company AS;kehtiv;2008-07-02;;2008
14149792;Raskeveok OÜ;kehtiv;2018-07-09;;2018
17514884;RatArt OÜ;kehtiv;2026-05-26;;2026
12859414;Rataskaevu 16 OÜ;kehtiv;2016-08-17;;2016
16287802;Rataskaevu Hospitality OÜ;kehtiv;2024-03-12;;2024
14451396;Rattaraad OÜ;kehtiv;2023-03-28;;2023
12669228;Rattastuudio OÜ;kehtiv;2015-03-24;;2015
16833593;Rattatimm OÜ;kehtiv;2024-01-08;;2024
11978128;Ratturi Puit OÜ;kehtiv;2020-06-03;;2020
12579577;Raudtee Kohvik OÜ;kehtiv;2014-01-28;;2014
12530826;Ravintola OÜ;kehtiv;2013-09-19;;2013
12751616;Rax Invest OÜ;kehtiv;2015-06-15;;2015
11209625;Rebaseonu.ee OÜ;kehtiv;2024-05-06;;2024
16268940;Red Door OÜ;kehtiv;2023-11-23;;2023
14227813;Redisfood OÜ;kehtiv;2018-07-16;;2018
12106028;Reds OÜ;kehtiv;2022-12-07;;2022
14060448;Reelika Köök & Kook OÜ;kehtiv;2017-06-06;;2017
16554858;Reference Resto OÜ;kehtiv;2022-12-14;;2022
14600595;Regalean OÜ;kehtiv;2019-12-30;;2019
14953318;Regulatory OÜ;kehtiv;2023-12-29;;2023
80412432;Rehealune Selts;kehtiv;2025-01-16;;2025
14577140;Reheköök OÜ;kehtiv;2018-10-08;;2018
16736818;ReilKit OÜ;kehtiv;2025-01-22;;2025
16970781;Reinu Deli Osaühing;kehtiv;2024-09-01;;2024
10406134;Reitan Convenience Estonia AS;kehtiv;2023-05-26;;2023
16900119;Reketikeskus OÜ;kehtiv;2026-04-27;;2026
12638943;Rekka Kodu OÜ;kehtiv;2014-12-15;;2014
16995841;Renaili OÜ;kehtiv;2024-06-26;;2024
14306487;Renex Kaubad OÜ;kehtiv;2023-09-06;;2023
16813969;Renmarnik OÜ;kehtiv;2024-12-22;;2024
16741589;Rennehoov OÜ;kehtiv;2026-05-27;;2026
11499818;Rentuno OÜ;kehtiv;2008-09-18;;2008
14081858;Repa OÜ;kehtiv;2021-03-01;;2021
14860700;Repa Rocca OÜ;kehtiv;2020-11-23;;2020
16549188;Resete OÜ;kehtiv;2025-01-21;;2025
14612988;Respublica Resto OÜ;kehtiv;2018-12-07;;2018
12786425;Rest Lao Grupp OÜ;kehtiv;2015-03-20;;2015
16883036;Resto Italy OÜ;kehtiv;2026-04-17;;2026
16429946;Resto OÜ;kehtiv;2022-01-27;;2022
16973124;RestoWose OÜ;kehtiv;2024-04-25;;2024
12639428;Restoplus OÜ;kehtiv;2014-10-01;;2014
12640897;Restoran Armudu OÜ;kehtiv;2018-05-22;;2018
16712205;Restoran Como OÜ;kehtiv;2024-09-17;;2024
11305033;Restoran Dominic OÜ;kehtiv;2009-05-05;;2009
14136625;Restoran Narva Pärl OÜ;kehtiv;2017-01-23;;2017
16200132;Restoran Royal OÜ;kehtiv;2021-05-06;;2021
12390271;Restoranimaailm OÜ;kehtiv;2015-04-12;;2015
16602830;Restovibe OÜ;kehtiv;2024-03-06;;2024
16990528;Reute Restoranid OÜ;kehtiv;2024-11-28;;2024
11734834;Reval Köök OÜ;kehtiv;2009-11-06;;2009
14022620;Revaltrans OÜ;kehtiv;2018-10-23;;2018
12076244;Riccardonet OÜ;kehtiv;2012-07-13;;2012
12407209;Rice&Nori OÜ;kehtiv;2013-03-12;;2013
16510803;Ridhima OÜ;kehtiv;2022-12-29;;2022
12261792;Riesenberg OÜ;kehtiv;2015-09-15;;2015
16396804;Riffen OÜ;kehtiv;2023-05-08;;2023
12662380;Rigiroomi Godimaloum OÜ;kehtiv;2025-01-15;;2025
12428298;Riholga OÜ;kehtiv;2013-05-06;;2013
14468573;RiiSaikel OÜ;kehtiv;2023-06-15;;2023
16810971;Riia Kohvik OÜ;kehtiv;2023-10-16;;2023
70004459;Riigimetsa Majandamise Keskus;kehtiv;2014-12-19;;2014
14417229;Riiman One OÜ;kehtiv;2018-02-08;;2018
14506157;Rim Projekt OÜ;kehtiv;2026-04-07;;2026
12855764;Ring Kuubis OÜ;kehtiv;2016-02-02;;2016
12082859;Ringburks OÜ;kehtiv;2011-12-19;;2011
12493172;Risana OÜ;kehtiv;2023-05-29;;2023
11786140;Ristemäe talu;kehtiv;2018-08-16;;2018
14995883;Ristikheina Kohvik Keskus OÜ;kehtiv;2020-07-30;;2020
11487941;Ristnaotsa osaühing;kehtiv;2010-09-06;;2010
12176559;Ristorante OÜ;kehtiv;2015-05-26;;2015
14225375;Rita Petrova;kehtiv;2018-10-14;;2018
14273078;Rita kodukohvik OÜ;kehtiv;2017-06-06;;2017
17066977;Ritzy OÜ;kehtiv;2024-10-06;;2024
14571309;Riveko OÜ;kehtiv;2020-06-01;;2020
14197348;Rmagination Club OÜ;kehtiv;2019-11-28;;2019
12411369;Rmagination Group OÜ;kehtiv;2024-02-08;;2024
12096075;Rocca al Mare Tennisekeskus OÜ;kehtiv;2024-03-05;;2024
14538789;Rocinha OÜ;kehtiv;2023-05-04;;2023
14976650;Rockpool OÜ;kehtiv;2020-06-26;;2020
16434031;Roger Group OÜ;kehtiv;2024-04-06;;2024
14721335;Rohe Kohvik OÜ;kehtiv;2019-06-07;;2019
12580327;Roheline Avokaado OÜ;kehtiv;2018-12-27;;2018
16127671;Rohkem Lahendusi OÜ;kehtiv;2020-12-30;;2020
11923469;Rohujuur OÜ;kehtiv;2010-11-09;;2010
12439994;Rokefre OÜ;kehtiv;2015-04-17;;2015
12019252;Rokilaager OÜ;kehtiv;2020-06-16;;2020
17164183;Rokitron OÜ;kehtiv;2025-05-23;;2025
16571064;Rokoköök OÜ;kehtiv;2022-11-26;;2022
12993992;Rolana OÜ;kehtiv;2016-02-15;;2016
11430011;Roll Agentuur OÜ;kehtiv;2021-01-25;;2021
14825247;Rollit Sushi OÜ;kehtiv;2023-11-14;;2023
12673046;Romelina OÜ;kehtiv;2014-06-16;;2014
12678960;Rommel Catering OÜ;kehtiv;2016-06-02;;2016
16904086;Ronyx grupp OÜ;kehtiv;2024-02-13;;2024
17222992;Roofood OÜ;kehtiv;2025-09-30;;2025
16496894;Roorweromer OÜ;kehtiv;2022-12-15;;2022
14087660;Roosa Panter OÜ;kehtiv;2016-08-03;;2016
14005231;Roosi & Roosa käsitöö OÜ;kehtiv;2018-06-20;;2018
11361907;Roosikrantsi Hotell OÜ;kehtiv;2007-05-31;;2007
16775660;Roosirig OÜ;kehtiv;2023-07-24;;2023
16441953;Rooslaiu talu OÜ;kehtiv;2022-05-24;;2022
14054132;Ropka Toit OÜ;kehtiv;2016-06-20;;2016
16074489;Roslep OÜ;kehtiv;2021-06-01;;2021
11522753;Rosmaleen Osaühing;kehtiv;2008-12-09;;2008
11868888;Rossoblu OÜ;kehtiv;2010-12-20;;2010
16112865;Royal Catering OÜ;kehtiv;2022-11-30;;2022
16256983;Royal paigaldus OÜ;kehtiv;2026-04-10;;2026
12830925;RoyalGrad OÜ;kehtiv;2015-11-20;;2015
14056398;Rozy OÜ;kehtiv;2024-07-11;;2024
16715534;Ruddy baar OÜ;kehtiv;2023-04-25;;2023
14835122;Rudger Invest OÜ;kehtiv;2020-08-25;;2020
14993418;Rudolf Tobiase Restoran OÜ;kehtiv;2020-07-10;;2020
14150855;Ruhnu Ruut OÜ;kehtiv;2017-05-25;;2017
17115859;Rukkileib OÜ;kehtiv;2024-12-20;;2024
12668938;Rullike OÜ;kehtiv;2019-01-25;;2019
17218565;Rummikoogid OÜ;kehtiv;2025-11-18;;2025
17151269;Rummu Grill OÜ;kehtiv;2025-06-25;;2025
11445142;Rummu Järv OÜ;kehtiv;2017-02-08;;2017
16216890;Rummu Tuhamägi OÜ;kehtiv;2021-05-13;;2021
12726141;Runaway Grupp OÜ;kehtiv;2021-09-20;;2021
12570820;Ruug OÜ;kehtiv;2026-04-09;;2026
14127419;Ruutu Äss OÜ;kehtiv;2016-10-06;;2016
17365651;Rx Eternal OÜ;kehtiv;2026-05-14;;2026
17408415;Rx holding OÜ;kehtiv;2026-05-15;;2026
12488024;RÜÜTLI KORP OÜ;kehtiv;2018-01-26;;2018
80228740;Rägavere Valla Huviklubi;kehtiv;2015-01-16;;2015
14047057;RäppinGrill OÜ;kehtiv;2016-05-24;;2016
80034119;Rääma Noorte Ühing Noorus MTÜ;kehtiv;2004-09-29;;2004
16858831;Rõõmumaster OÜ;kehtiv;2024-05-23;;2024
14821443;Rõõmupeod OÜ;kehtiv;2021-10-01;;2021
16975471;Rõõmupuhvet OÜ;kehtiv;2024-05-29;;2024
16840877;Rõõmüks OÜ;kehtiv;2025-06-26;;2025
16937453;Rühne OÜ;kehtiv;2024-04-10;;2024
12377224;SAIAKOHVIK OÜ;kehtiv;2013-10-02;;2013
16352847;SALANDU OÜ;kehtiv;2023-03-15;;2023
16322622;SANDARIUS OÜ;kehtiv;2022-12-15;;2022
17375856;SANSER OÜ;kehtiv;2026-03-19;;2026
14925150;SANTLUCIA OÜ;kehtiv;2021-11-03;;2021
14620677;SAPPHIRE LUXURY OÜ;kehtiv;2018-12-06;;2018
11927160;SAUBER GRUPPE OÜ;kehtiv;2011-03-15;;2011
12678782;SCAR GROUP OÜ;kehtiv;2015-05-13;;2015
10851207;SDD06 Holding OÜ;kehtiv;2005-04-04;;2005
14097581;SEJ INVEST OÜ;kehtiv;2017-03-29;;2017
12062162;SEO Consulting Services OÜ;kehtiv;2011-11-23;;2011
10600385;SETOMAA TURISMITALO OÜ;kehtiv;2014-05-08;;2014
14979772;SEVAN OÜ;kehtiv;2020-06-05;;2020
11076302;SEVENOIL EST OÜ;kehtiv;2007-05-08;;2007
11076302;SEVENOIL EST OÜ;kehtiv;2012-01-09;;2012
14569695;SFC OÜ;kehtiv;2018-11-26;;2018
12603985;SH Meelelahutus OÜ;kehtiv;2016-11-09;;2016
17332953;SHARYN OÜ;kehtiv;2025-11-25;;2025
16929502;SHAURMA Haapsalu OÜ;kehtiv;2024-06-13;;2024
16929548;SHAURMAX OÜ;kehtiv;2026-01-07;;2026
90009938;SIHTASUTUS ANIJA MÕISA HALDUS;kehtiv;2025-08-06;;2025
11024392;SIITAN GRUPP OÜ;kehtiv;2014-06-03;;2014
11185451;SIMEAG PROJEKTID OSAÜHING;kehtiv;2007-01-11;;2007
10714835;SINIALLIKA TRAHTER OÜ;kehtiv;2015-05-04;;2015
12099179;SINILILLE OÜ;kehtiv;2017-07-04;;2017
12743864;SIP SHOP OÜ;kehtiv;2014-12-19;;2014
16899132;SIPSIP LOUNGE OÜ;kehtiv;2024-02-07;;2024
16568180;SJBAR OÜ;kehtiv;2022-09-06;;2022
14327466;SK TEAM OÜ;kehtiv;2022-11-08;;2022
11335502;SKM SAKO Osaühing;kehtiv;2007-10-01;;2007
16774270;SKYLINE HALDUS OÜ;kehtiv;2024-07-08;;2024
16689222;SMT Haldus OÜ;kehtiv;2024-03-20;;2024
14376157;SNCO OÜ;kehtiv;2018-06-15;;2018
16726466;SOCIAL ERROR OÜ;kehtiv;2023-04-28;;2023
12012534;SOLANTO OÜ;kehtiv;2011-02-14;;2011
16022765;SPIRIT EVENTS OÜ;kehtiv;2020-08-06;;2020
14183553;SRP Halduse OÜ;kehtiv;2017-10-26;;2017
12021496;SS Pioneer OÜ;kehtiv;2025-08-01;;2025
16522255;SSA Grupp OÜ;kehtiv;2022-07-16;;2022
80643159;SSP MTÜ;kehtiv;2024-09-22;;2024
16232385;STEFF GRILL OÜ;kehtiv;2024-05-08;;2024
17074924;STEFF GRILL RESTO OÜ;kehtiv;2024-09-30;;2024
11108967;STELSI OÜ;kehtiv;2011-12-05;;2011
16221329;STO OÜ;kehtiv;2021-07-01;;2021
10640114;STREET STYLE OÜ;kehtiv;2021-08-17;;2021
14240989;SUN360 Osaühing;kehtiv;2017-04-21;;2017
12893670;SUSHI ART OÜ;kehtiv;2016-10-20;;2016
11189650;SVETLANA VOMM;kehtiv;2006-02-23;;2006
14592346;SVIV OÜ;kehtiv;2018-12-13;;2018
16595277;SYAZ OÜ;kehtiv;2022-11-02;;2022
11711454;Saaduniidi Talu OÜ;kehtiv;2018-07-17;;2018
12461806;Saare Golf OÜ;kehtiv;2020-01-28;;2020
17307926;Saare Grill OÜ;kehtiv;2025-08-25;;2025
10122649;Saare Hotelli Varade OÜ;kehtiv;2006-01-03;;2006
12623156;Saare Market OÜ;kehtiv;2014-09-03;;2014
12017558;Saare Toitlustus OÜ;kehtiv;2011-01-17;;2011
16161426;Saarekohvik OÜ;kehtiv;2021-03-08;;2021
10044010;Saaremaa Tarbijate Ühistu;kehtiv;2010-03-22;;2010
11031624;Saarepärn OÜ;kehtiv;2017-02-26;;2017
12861894;Saareton OÜ;kehtiv;2015-08-10;;2015
17087927;Sabbal Singh;kehtiv;2025-02-28;;2025
14385268;Sabi Rotermann OÜ;kehtiv;2018-03-01;;2018
14680180;Sabores OÜ;kehtiv;2019-05-28;;2019
16905111;Saborlatin OÜ;kehtiv;2024-05-11;;2024
12028587;Sadam OÜ;kehtiv;2014-04-11;;2014
14555173;Sadama Baarid OÜ;kehtiv;2018-12-09;;2018
14451982;Sadama Catering OÜ;kehtiv;2018-05-07;;2018
14712000;Sadama Resto OÜ;kehtiv;2019-04-29;;2019
14406616;Sadamakohvik OÜ;kehtiv;2018-04-06;;2018
14333722;Sahvri Catering OÜ;kehtiv;2021-02-08;;2021
16694465;Sai Valmis OÜ;kehtiv;2023-05-03;;2023
12704657;Saiapuru OÜ;kehtiv;2015-05-08;;2015
16158989;Saiatehas OÜ;kehtiv;2021-07-21;;2021
12059576;Sailing Estonia OÜ;kehtiv;2016-11-21;;2016
12961822;Sailorsvet OÜ;kehtiv;2016-05-20;;2016
10860821;Saka Mõis OÜ;kehtiv;2006-04-12;;2006
12656645;Saksa Haus OÜ;kehtiv;2016-05-17;;2016
14368086;Sakste Maja OÜ;kehtiv;2018-01-07;;2018
16674456;Saku Pagar OÜ;kehtiv;2024-06-03;;2024
17396048;Saku Pärl OÜ;kehtiv;2026-03-09;;2026
14950596;Salat ja disko OÜ;kehtiv;2020-07-27;;2020
14292532;Salmistu Sadam OÜ;kehtiv;2017-07-11;;2017
11519490;SalonPlus Baltic OÜ;kehtiv;2018-03-22;;2018
12874661;SaltsUp OÜ;kehtiv;2021-04-01;;2021
11385061;Samisa Grupp OÜ;kehtiv;2007-12-06;;2007
12792696;Samliku Pekker OÜ;kehtiv;2018-08-15;;2018
12765073;San Antonio Ribs OÜ;kehtiv;2015-07-22;;2015
14973545;SanVei OÜ;kehtiv;2020-06-08;;2020
14019374;Sandbar OÜ;kehtiv;2017-10-09;;2017
14905957;Sanmaks OÜ;kehtiv;2025-02-09;;2025
11973651;Sanmindunxin Taiguogu OÜ;kehtiv;2011-02-21;;2011
12836362;Sanny OÜ;kehtiv;2018-05-31;;2018
14871033;Santrope OÜ;kehtiv;2020-08-25;;2020
17502728;Sapore Cucina OÜ;kehtiv;2026-05-08;;2026
12648947;Saram OÜ;kehtiv;2014-10-09;;2014
10981756;Sassialex OÜ;kehtiv;2005-04-29;;2005
17249092;Satumaa OÜ;kehtiv;2025-06-17;;2025
12006410;Saukas Food OÜ;kehtiv;2010-11-23;;2010
12006410;Saukas Food OÜ;kehtiv;2013-04-22;;2013
14264102;Sauna Pubi OÜ;kehtiv;2019-10-30;;2019
16925473;Saxby Point OÜ;kehtiv;2024-03-27;;2024
14349195;Scandinavian Machine OÜ;kehtiv;2021-09-28;;2021
16263925;Schlossfellin OÜ;kehtiv;2022-10-24;;2022
14039388;Sea Adventure OÜ;kehtiv;2023-04-24;;2023
11964072;Seacom International OÜ;kehtiv;2011-02-04;;2011
12832786;Seaside Services OÜ;kehtiv;2025-07-13;;2025
11106405;Season Caffee OÜ;kehtiv;2005-07-13;;2005
16023486;Seconde OÜ;kehtiv;2020-08-11;;2020
14030720;Secret Room OÜ;kehtiv;2018-04-05;;2018
12329656;SeeIT OÜ;kehtiv;2022-07-22;;2022
14322405;Seffu Food OÜ;kehtiv;2019-04-23;;2019
10555615;Select Service Partner Eesti Aktsiaselts;kehtiv;2004-12-21;;2004
10555615;Select Service Partner Eesti Aktsiaselts;kehtiv;2005-01-17;;2005
10555615;Select Service Partner Eesti Aktsiaselts;kehtiv;2010-08-03;;2010
10555615;Select Service Partner Eesti Aktsiaselts;kehtiv;2013-10-04;;2013
12395951;Selgrim OÜ;kehtiv;2022-12-12;;2022
12789493;Seljatee OÜ;kehtiv;2017-03-31;;2017
12752745;Sell Invest Group OÜ;kehtiv;2021-01-26;;2021
16366080;Selosetsaane Sanmonslaa OÜ;kehtiv;2022-01-04;;2022
80159370;Selts Raeküla;kehtiv;2008-03-20;;2008
10379733;Selver AS;kehtiv;2011-04-20;;2011
14073043;Semiway OÜ;kehtiv;2017-06-09;;2017
12853666;Sensesfood OÜ;kehtiv;2018-09-05;;2018
14953086;Serpentine OÜ;kehtiv;2020-05-04;;2020
10577976;Serverette OÜ;kehtiv;2004-07-14;;2004
11536442;Servicetrade OÜ;kehtiv;2013-04-18;;2013
14389817;Sessel OÜ;kehtiv;2018-01-07;;2018
11438981;Seto Line Reisid OÜ;kehtiv;2008-06-06;;2008
11438981;Seto Line Reisid OÜ;kehtiv;2014-06-19;;2014
75025221;Setomaa Muuseumid;kehtiv;2004-05-07;;2004
12667933;Seumiseu OÜ;kehtiv;2017-01-03;;2017
17379558;Sevfreya OÜ;kehtiv;2025-12-01;;2025
14720962;Sezan OÜ;kehtiv;2019-05-22;;2019
17357752;Shah Ray OÜ;kehtiv;2025-12-09;;2025
16146450;Sham OÜ;kehtiv;2023-08-23;;2023
12561904;Shamrock Grupp OÜ;kehtiv;2014-07-23;;2014
12561904;Shamrock Grupp OÜ;kehtiv;2014-07-23;;2014
14065279;Shamrock Management OÜ;kehtiv;2016-07-12;;2016
10460501;Sharwimbo Namushasha OÜ;kehtiv;2004-12-28;;2004
10260601;Shaurma Tallinn OÜ;kehtiv;2019-05-14;;2019
14158176;Shaurma Tallinn OÜ;kehtiv;2017-01-14;;2017
17215851;Shaurma family OÜ;kehtiv;2025-05-02;;2025
16021180;Short Bridge Project OÜ;kehtiv;2024-02-27;;2024
17103394;Shuuter OÜ;kehtiv;2024-11-01;;2024
14515966;Sibul ja Sammal OÜ;kehtiv;2023-05-02;;2023
14475741;Sidrunhein OÜ;kehtiv;2020-06-05;;2020
12383822;Signa2ra OÜ;kehtiv;2023-02-21;;2023
14030803;Signai OÜ;kehtiv;2023-12-20;;2023
16274254;Siguri OÜ;kehtiv;2021-07-27;;2021
90015270;Sihtasutus Alutagusemaa;kehtiv;2021-04-28;;2021
90014603;Sihtasutus Eesti Ajaloomuuseum;kehtiv;2021-04-14;;2021
90003321;Sihtasutus Eesti Kaevandusmuuseum;kehtiv;2010-05-04;;2010
90012596;Sihtasutus Eesti Kontsert;kehtiv;2007-11-29;;2007
90014017;Sihtasutus Eesti Maaelumuuseumid;kehtiv;2023-03-16;;2023
90010769;Sihtasutus Endla Teater;kehtiv;2012-06-13;;2012
90014566;Sihtasutus Haanjamaa Sport;kehtiv;2021-01-20;;2021
90013555;Sihtasutus Holstre-Polli Vabaajakeskus;kehtiv;2019-07-15;;2019
90005113;Sihtasutus Jõulumäe Tervisespordikeskus;kehtiv;2008-06-30;;2008
90014112;Sihtasutus Kunstihoone;kehtiv;2020-07-03;;2020
90007626;Sihtasutus Kuremaa Elamuskeskus;kehtiv;2014-05-29;;2014
90007626;Sihtasutus Kuremaa Elamuskeskus;kehtiv;2014-05-29;;2014
90008100;Sihtasutus Luke Mõis;kehtiv;2010-06-29;;2010
90011481;Sihtasutus Narva Muuseum;kehtiv;2013-04-24;;2013
90003491;Sihtasutus Rakvere Teatrimaja;kehtiv;2005-04-20;;2005
90009565;Sihtasutus Rannarahva Muuseum;kehtiv;2015-03-23;;2015
90014655;Sihtasutus Rannarootsi Muuseum;kehtiv;2021-07-02;;2021
90012640;Sihtasutus Räpina Sadamad ja Puhkealad;kehtiv;2014-06-06;;2014
90007879;Sihtasutus Saadjärve;kehtiv;2012-07-10;;2012
90008956;Sihtasutus THEATRUM;kehtiv;2015-05-04;;2015
90007715;Sihtasutus Tehvandi Spordikeskus;kehtiv;2005-03-01;;2005
90007715;Sihtasutus Tehvandi Spordikeskus;kehtiv;2005-03-01;;2005
90007715;Sihtasutus Tehvandi Spordikeskus;kehtiv;2010-10-25;;2010
90007715;Sihtasutus Tehvandi Spordikeskus;kehtiv;2012-04-18;;2012
90007715;Sihtasutus Tehvandi Spordikeskus;kehtiv;2012-04-18;;2012
90008005;Sihtasutus Ugala Teater;kehtiv;2015-09-10;;2015
90004237;Sihtasutus Uue Kunsti Muuseum;kehtiv;2007-12-21;;2007
90003858;Sihtasutus Vaba Lava;kehtiv;2016-06-27;;2016
14261856;Siidikäpp OÜ;kehtiv;2021-07-21;;2021
12139009;Siilisaba OÜ;kehtiv;2017-06-12;;2017
14348451;Siilisahver OÜ;kehtiv;2018-10-09;;2018
14846108;Siin OÜ;kehtiv;2019-11-27;;2019
11967395;Sildkivi OÜ;kehtiv;2010-12-15;;2010
14907583;Silfood OÜ;kehtiv;2020-03-02;;2020
10136628;Silva-Agro OÜ;kehtiv;2005-04-13;;2005
16020097;SilverTeam OÜ;kehtiv;2021-01-28;;2021
11786245;Simonis OÜ;kehtiv;2010-05-18;;2010
12208326;Simtan Kaubandus OÜ;kehtiv;2019-08-16;;2019
12087816;Simus OÜ;kehtiv;2011-07-05;;2011
16917195;Siniallikas OÜ;kehtiv;2024-06-14;;2024
17142129;Sinimandria Restoran OÜ;kehtiv;2025-07-22;;2025
14373650;Sinou Tieng OÜ;kehtiv;2018-02-19;;2018
12902245;Sinuminu OÜ;kehtiv;2017-02-05;;2017
17126946;Sip Whispers OÜ;kehtiv;2024-12-05;;2024
16233901;Sirinas OÜ;kehtiv;2021-06-01;;2021
10882679;Sistem OÜ;kehtiv;2005-06-30;;2005
14273747;Sisters Cake House OÜ;kehtiv;2020-05-27;;2020
16254978;SiuSweets OÜ;kehtiv;2021-12-16;;2021
16485270;Skavel OÜ;kehtiv;2022-07-06;;2022
12912551;Skeletor OÜ;kehtiv;2015-09-30;;2015
14457499;SkillPulse OÜ;kehtiv;2026-03-21;;2026
11399945;SkulptuuriGalerii OÜ;kehtiv;2011-03-02;;2011
16191338;Skyon Resto OÜ;kehtiv;2021-09-10;;2021
12116340;Sloor OÜ;kehtiv;2016-05-20;;2016
11731008;Smackers OÜ;kehtiv;2013-08-21;;2013
16225853;Smartini OÜ;kehtiv;2021-06-07;;2021
17306631;Smartplate Food OÜ;kehtiv;2025-09-22;;2025
17099451;Smashbite OÜ;kehtiv;2026-03-16;;2026
16500006;Smoke OÜ;kehtiv;2022-08-02;;2022
14233392;Smuutid OÜ;kehtiv;2017-04-20;;2017
14884592;Snemorks OÜ;kehtiv;2020-05-15;;2020
14047399;Snoob Resto OÜ;kehtiv;2017-10-09;;2017
12974606;Socond Mikepercs OÜ;kehtiv;2017-01-24;;2017
16360605;Sofa Lounge OÜ;kehtiv;2022-01-18;;2022
17056708;Sofi Kohvikud OÜ;kehtiv;2024-10-24;;2024
14954074;Sofiko OÜ;kehtiv;2024-01-02;;2024
16131661;Softcupid OÜ;kehtiv;2023-12-11;;2023
12895893;Sohumi OÜ;kehtiv;2016-10-20;;2016
17327449;Sokku Sahver OÜ;kehtiv;2025-10-27;;2025
16489345;Solution catering OÜ;kehtiv;2022-06-05;;2022
16967939;Sommerman OÜ;kehtiv;2024-12-31;;2024
12436642;Sonero OÜ;kehtiv;2013-04-10;;2013
10332105;Soodla Kaupluse Osaühing;kehtiv;2005-09-26;;2005
12007332;Sooprojekt OÜ;kehtiv;2018-12-27;;2018
11261258;Soopärl OÜ;kehtiv;2006-07-26;;2006
14138989;Sootamme OÜ;kehtiv;2020-05-25;;2020
16971485;Sooääre Köök OÜ;kehtiv;2024-10-15;;2024
12555186;Sorka OÜ;kehtiv;2013-11-27;;2013
12138689;Sotsas OÜ;kehtiv;2021-12-09;;2021
16247470;SoulSisters OÜ;kehtiv;2021-07-01;;2021
12354128;Sound OÜ;kehtiv;2019-11-13;;2019
17093997;Soveldaja Loomeleek OÜ;kehtiv;2025-07-03;;2025
12220014;Spargel OÜ;kehtiv;2012-04-04;;2012
12820180;Spassky OÜ;kehtiv;2016-04-26;;2016
14263654;Sphinx OÜ;kehtiv;2017-08-21;;2017
16802888;SpiritLight OÜ;kehtiv;2025-09-23;;2025
10677712;Sportland Eesti Aktsiaselts;kehtiv;2010-09-10;;2010
11450976;Spring Cafe OÜ;kehtiv;2008-06-06;;2008
14555747;Springexport OÜ;kehtiv;2019-01-17;;2019
12771748;Spumante OÜ;kehtiv;2015-05-26;;2015
12073984;Square Kebab OÜ;kehtiv;2015-02-20;;2015
16989007;Srilankan tamil express OÜ;kehtiv;2025-05-22;;2025
14114256;St. Patrick’s NM OÜ;kehtiv;2016-09-16;;2016
14114552;St. Patrick’s PI OÜ;kehtiv;2016-09-16;;2016
14113653;St. Patrick’s RM OÜ;kehtiv;2016-09-16;;2016
12758305;Stagerank OÜ;kehtiv;2017-05-23;;2017
11884226;Stamp OÜ;kehtiv;2019-02-14;;2019
17056312;StarGamer OÜ;kehtiv;2024-11-29;;2024
17071139;StarStage OÜ;kehtiv;2024-09-19;;2024
12583461;Starlight Export OÜ;kehtiv;2016-06-07;;2016
17281687;Stay & Sip OÜ;kehtiv;2025-07-14;;2025
16725165;StayBliss OÜ;kehtiv;2023-12-07;;2023
14392854;Ste-Mar OÜ;kehtiv;2017-12-18;;2017
14972586;SteamFunk OÜ;kehtiv;2020-10-08;;2020
14489370;Stedingu Kohvik OÜ;kehtiv;2018-05-21;;2018
11900095;Steel Service OÜ;kehtiv;2010-05-05;;2010
14971084;Sten Allik;kehtiv;2021-06-23;;2021
12093805;Step2work OÜ;kehtiv;2019-10-31;;2019
10005122;Stockmann Aktsiaselts;kehtiv;2004-12-08;;2004
12097499;Stopper.ee OÜ;kehtiv;2018-08-30;;2018
12238043;StraightEight OÜ;kehtiv;2016-07-17;;2016
16280668;StuGlaze OÜ;kehtiv;2022-09-06;;2022
16831393;Studio Gallery OÜ;kehtiv;2026-04-21;;2026
16272019;Studio Vesi OÜ;kehtiv;2024-04-24;;2024
14176234;StudioIllusion OÜ;kehtiv;2017-06-21;;2017
14119288;Stylish Events OÜ;kehtiv;2017-08-22;;2017
12095365;SuShi StopP OÜ;kehtiv;2014-10-23;;2014
16707316;Success Weekend OÜ;kehtiv;2023-04-03;;2023
16221772;Sugarglow OÜ;kehtiv;2026-03-06;;2026
16707167;Suhkrutera OÜ;kehtiv;2024-03-01;;2024
16055167;Suitsukala Resto OÜ;kehtiv;2020-11-09;;2020
16687619;SumeSumin OÜ;kehtiv;2023-05-29;;2023
17238315;Suminad OÜ;kehtiv;2025-05-27;;2025
14127326;Summercity OÜ;kehtiv;2026-02-16;;2026
17490770;Summervibe OÜ;kehtiv;2026-05-21;;2026
11702165;Supelsaksad OÜ;kehtiv;2009-12-14;;2009
12670585;Supelung OÜ;kehtiv;2014-07-09;;2014
11791269;Superservice Kaubandus OÜ;kehtiv;2010-08-25;;2010
16588410;Supranee OÜ;kehtiv;2024-05-17;;2024
14694443;Surf OÜ;kehtiv;2023-05-23;;2023
12661853;Surfama OÜ;kehtiv;2016-06-01;;2016
14098407;Surfcafe OÜ;kehtiv;2017-05-19;;2017
11510649;Sushi Cat OÜ;kehtiv;2009-02-05;;2009
12464992;Sushi Ekspert OÜ;kehtiv;2015-06-03;;2015
16368825;Sushi King Tallinn OÜ;kehtiv;2022-02-27;;2022
14249051;Sushi King Tartu OÜ;esitatud;2022-02-24;;2022
16442912;Sushi Out OÜ;kehtiv;2022-03-04;;2022
12229431;Sushi Set OÜ;kehtiv;2013-02-07;;2013
12246031;Sushi Tiger OÜ;kehtiv;2012-06-25;;2012
12022411;Sushi Time OÜ;kehtiv;2011-02-07;;2011
11913637;Sushi Top OÜ;kehtiv;2011-09-14;;2011
17349310;Sushi7 OÜ;kehtiv;2025-10-27;;2025
17328420;SushiHai OÜ;kehtiv;2025-11-06;;2025
16554315;SushiHouse OÜ;kehtiv;2026-04-14;;2026
14627346;SushiMushi OÜ;kehtiv;2019-02-20;;2019
12687350;Sushicity OÜ;kehtiv;2014-08-19;;2014
14341905;Sushirestoranid OÜ;kehtiv;2017-10-08;;2017
16067398;Suska OÜ;kehtiv;2025-04-23;;2025
16457279;Suur Karja Haldus osaühing;kehtiv;2023-11-14;;2023
77000772;Suure-Jaani Tervisekoda;kehtiv;2019-03-11;;2019
14241606;Suurkivi Mahetalu OÜ;kehtiv;2024-06-06;;2024
10211494;Suusakeskuste AS;kehtiv;2005-05-16;;2005
10211494;Suusakeskuste AS;kehtiv;2012-03-20;;2012
14668998;SuvePark OÜ;kehtiv;2021-06-14;;2021
16470802;Suverannapeod OÜ;kehtiv;2024-04-16;;2024
16992725;Suveterrass OÜ;kehtiv;2025-04-09;;2025
16787284;Suvida Foods OÜ;kehtiv;2026-02-03;;2026
17467831;Suzani OÜ;kehtiv;2026-04-23;;2026
12116328;Sven's Car OÜ;kehtiv;2013-11-13;;2013
14085939;Sveta Baar OÜ;kehtiv;2016-11-14;;2016
11147516;Svetaleks OÜ;kehtiv;2020-08-31;;2020
14964167;Swipe To Dates OÜ;kehtiv;2026-02-10;;2026
16090028;SÄRG OÜ;kehtiv;2021-04-26;;2021
14757089;SÜLEIMAN OÜ;kehtiv;2019-12-30;;2019
14999094;Säde kohviteek OÜ;kehtiv;2020-10-01;;2020
80281970;Särevere Mõisarahva Selts;kehtiv;2011-12-09;;2011
14337525;Sõbra Pesa OÜ;kehtiv;2017-10-18;;2017
12553170;Sõgesõsara OÜ;kehtiv;2020-02-28;;2020
80230613;Sõltumatu Tantsu Ühendus;kehtiv;2014-09-22;;2014
12588501;Sündmuste Looja OÜ;kehtiv;2014-01-16;;2014
14911449;T19 OÜ;kehtiv;2020-05-13;;2020
11634831;TAARKA TARÕ OÜ;kehtiv;2017-06-21;;2017
16249121;TAIX OÜ;kehtiv;2021-10-18;;2021
11538228;TANKLA OÜ;kehtiv;2017-03-02;;2017
16534471;TARTUFO OÜ;kehtiv;2023-03-02;;2023
16667964;TEKU OÜ;kehtiv;2023-03-28;;2023
12960219;TEKvara Holding OÜ;kehtiv;2016-01-27;;2016
11475887;TEMOR GRUPP OÜ;kehtiv;2017-05-24;;2017
11895425;TERKILI OÜ;kehtiv;2010-04-23;;2010
14641725;TFT GROUP OÜ;kehtiv;2022-05-24;;2022
16968181;TG Rocca OÜ;kehtiv;2024-12-19;;2024
16859902;TH Kork OÜ;kehtiv;2024-04-17;;2024
10680786;THEA RAHUOJA JORRU KOHVIK-BAAR;kehtiv;2009-02-17;;2009
16030196;TIBUBURKS OÜ;kehtiv;2021-07-30;;2021
17079750;TIGER WOK OÜ;kehtiv;2025-01-27;;2025
14128695;TINTLAB OÜ;kehtiv;2019-01-18;;2019
10360691;TIRIDATES OÜ;kehtiv;2024-04-12;;2024
16342599;TLK Projekt OÜ;kehtiv;2024-04-04;;2024
16460703;TMburks OÜ;kehtiv;2022-03-21;;2022
10809168;TOHI DISTILLERY OÜ;kehtiv;2018-11-21;;2018
16156649;TOJ SUSHI OÜ;kehtiv;2024-05-21;;2024
17101231;TOKYO TASTE OÜ;kehtiv;2024-10-30;;2024
10242750;TONY OÜ;kehtiv;2004-12-13;;2004
12310935;TOOLSE ARENDUS OÜ;kehtiv;2017-06-02;;2017
11142720;TOOSIKANNU OÜ;kehtiv;2023-11-17;;2023
14153204;TP Trade OÜ;kehtiv;2017-04-12;;2017
12253137;TRAHTER MIMINO OÜ;kehtiv;2012-08-03;;2012
12163397;TREWE NATURALS OÜ;kehtiv;2015-08-05;;2015
14846597;TRIFIT OÜ;kehtiv;2024-04-23;;2024
16054050;TRIO FOOD OÜ;kehtiv;2020-10-25;;2020
10202992;TRIVOLI OÜ;kehtiv;2005-07-05;;2005
10202992;TRIVOLI OÜ;kehtiv;2005-09-16;;2005
14184370;TRUEMAN OÜ;kehtiv;2018-04-19;;2018
80217141;TTÜ Filmiklubi;kehtiv;2022-11-04;;2022
10268301;TULUNDUSÜHISTU EVISAT;kehtiv;2017-06-12;;2017
12705881;TWDC OÜ;kehtiv;2018-12-19;;2018
11253744;TXHTC OÜ;kehtiv;2006-10-13;;2006
17107431;Tadimelweni Mogonesesi OÜ;kehtiv;2025-01-06;;2025
14398727;TaevaniMaani Agency OÜ;kehtiv;2019-04-02;;2019
12953030;TaevaniMaani OÜ;kehtiv;2016-01-30;;2016
14137798;Taevapark OÜ;kehtiv;2018-10-16;;2018
12892765;Taevaprojekt OÜ;kehtiv;2015-08-31;;2015
12848505;Taevaskoja Paradiis OÜ;kehtiv;2017-06-21;;2017
17379788;Tahe teenus OÜ;kehtiv;2025-12-10;;2025
16426706;Tai Nuudel OÜ;kehtiv;2024-02-09;;2024
17019564;Tai Stop Food OÜ;kehtiv;2024-07-31;;2024
14503940;Taibaan On Wheels OÜ;kehtiv;2019-02-11;;2019
14403115;Taignarull OÜ;kehtiv;2018-07-29;;2018
16150606;Taju Resort OÜ;kehtiv;2021-02-12;;2021
14134715;Taller OÜ;kehtiv;2020-03-04;;2020
14162634;Tallinn Gastrobar OÜ;kehtiv;2019-11-07;;2019
14433621;Tallinn Old Town Hotels OÜ;kehtiv;2018-03-01;;2018
12527600;Tallinn Partner OÜ;kehtiv;2016-06-20;;2016
12669607;Tallinn Seaport Hotel OÜ;kehtiv;2015-02-27;;2015
11084782;TallinnHotels OÜ;kehtiv;2006-05-31;;2006
11084782;TallinnHotels OÜ;kehtiv;2009-04-24;;2009
11084782;TallinnHotels OÜ;kehtiv;2013-05-24;;2013
11084782;TallinnHotels OÜ;kehtiv;2013-05-24;;2013
75016183;Tallinna Linnamuuseum;kehtiv;2013-07-01;;2013
12667301;Tallinna Veekeskus Vesikaru OÜ;kehtiv;2015-08-07;;2015
80234545;Tallinna Veespordi Klubi;kehtiv;2018-07-10;;2018
11983069;Talresto OÜ;kehtiv;2015-01-06;;2015
16936132;TaluGurmee OÜ;kehtiv;2025-07-05;;2025
16074971;Talujäätis OÜ;kehtiv;2021-05-09;;2021
14787127;Talutüdruk OÜ;kehtiv;2023-07-10;;2023
14100550;Tamberias Punitu OÜ;kehtiv;2016-12-08;;2016
12098599;Tambsaar OÜ;kehtiv;2011-05-03;;2011
16454565;Tamerlan Grupp OÜ;kehtiv;2022-03-06;;2022
14049518;Tammepõllu OÜ;kehtiv;2016-11-14;;2016
12845665;Tammesilla Tervisetalu OÜ;kehtiv;2017-05-20;;2017
12317920;Tammevana OÜ;kehtiv;2012-08-09;;2012
12783763;Tammiku Põld OÜ;kehtiv;2020-11-02;;2020
12173243;Tammikutee OÜ;kehtiv;2011-11-10;;2011
17461610;Tams Chow OÜ;kehtiv;2026-05-11;;2026
10985592;Tamula OÜ;kehtiv;2008-02-29;;2008
16735407;Tangid OÜ;kehtiv;2025-09-11;;2025
12756105;Tanksemäe Saffer OÜ;kehtiv;2014-11-27;;2014
12623210;Tanne OÜ;kehtiv;2014-05-30;;2014
17297783;Tanni Erilised Maitsed OÜ;kehtiv;2025-08-08;;2025
16562409;Tannide Kodukohvik OÜ;kehtiv;2022-10-19;;2022
16475797;Taptales Inc. OÜ;kehtiv;2022-08-24;;2022
14163645;Taqueria OÜ;kehtiv;2016-12-30;;2016
14239420;Tarjuss OÜ;kehtiv;2017-04-19;;2017
14318295;Tark Stuudio OÜ;kehtiv;2023-09-21;;2023
10719471;Tarmo Luks;kehtiv;2023-03-17;;2023
14443511;Tarsia OÜ;kehtiv;2018-11-26;;2018
16006921;Tartu Aleksander OÜ;kehtiv;2020-11-09;;2020
11503247;Tartu Backpackers OÜ;kehtiv;2014-11-27;;2014
75006730;Tartu Hooldekodu;kehtiv;2010-04-13;;2010
12172143;Tartu Seikluspark OÜ;kehtiv;2018-05-28;;2018
14912791;Tartu Veg Machine OÜ;kehtiv;2022-06-06;;2022
16579674;Taso Tuul OÜ;kehtiv;2024-05-03;;2024
12836583;Tassike Teed OÜ;kehtiv;2015-06-01;;2015
14875742;Tastegood OÜ;kehtiv;2020-09-22;;2020
14730707;Tasty Food OÜ;kehtiv;2019-07-18;;2019
16196206;Tasty Pizza OÜ;kehtiv;2021-05-03;;2021
12126344;Tata Trans OÜ;kehtiv;2017-06-05;;2017
11979085;Tatjana Lagutkina;kehtiv;2010-10-21;;2010
11648891;Tatjana Tandašvili ateljee;kehtiv;2022-08-03;;2022
16692891;Tatsu OÜ;kehtiv;2023-03-28;;2023
12365971;Taurax OÜ;kehtiv;2013-06-21;;2013
17353041;Tautsi Pizza Võru OÜ;kehtiv;2026-02-04;;2026
16312658;Tautsi pizza OÜ;kehtiv;2022-03-29;;2022
14679656;Teaduskohvik OÜ;kehtiv;2019-05-20;;2019
12618202;Team Adventure OÜ;kehtiv;2014-06-20;;2014
12485468;Teamfun OÜ;kehtiv;2026-02-16;;2026
17168146;Teeme süüa OÜ;kehtiv;2026-02-17;;2026
12846529;Teeninduskvaliteet OÜ;kehtiv;2016-08-17;;2016
14929739;Teeninduspunkt Üks OÜ;kehtiv;2020-06-10;;2020
12159869;Teepuu OÜ;kehtiv;2011-10-24;;2011
16148058;Tehase Catering OÜ;kehtiv;2021-03-30;;2021
16028213;Tehnikarent OÜ;kehtiv;2021-06-21;;2021
14257335;Tehnikatiim OÜ;kehtiv;2020-08-24;;2020
14075024;Tehnoviiking OÜ;kehtiv;2016-07-13;;2016
10903097;Tehnovorm osaühing;kehtiv;2007-05-04;;2007
10903097;Tehnovorm osaühing;kehtiv;2014-10-23;;2014
16251595;Tejas OÜ;kehtiv;2021-10-29;;2021
16734556;Telliskivi Dogs OÜ;kehtiv;2024-05-15;;2024
16146026;Tellissein OÜ;kehtiv;2021-05-05;;2021
80417636;Temorubersi MTÜ;kehtiv;2017-05-17;;2017
12137431;Tempos OÜ;kehtiv;2023-03-23;;2023
14300444;Ten Pin OÜ;kehtiv;2017-08-28;;2017
12020999;Tennisest OÜ;kehtiv;2019-06-27;;2019
14992057;Terasdam OÜ;kehtiv;2020-11-12;;2020
16011490;Terav Pipar OÜ;kehtiv;2020-11-13;;2020
12233324;Terje Vähejaus;kehtiv;2012-02-14;;2012
17458200;Terra Hospitality OÜ;kehtiv;2026-04-23;;2026
14394439;Terratunes OÜ;kehtiv;2025-05-23;;2025
12305897;Terve Ilm OÜ;kehtiv;2013-03-26;;2013
12636754;Tervise Catering OÜ;kehtiv;2015-02-12;;2015
17240808;Thaipinas OÜ;kehtiv;2025-05-16;;2025
14998367;The Babylon Bar OÜ;kehtiv;2020-07-07;;2020
16216133;The Food Junkies OÜ;kehtiv;2021-07-25;;2021
14795842;The Kurze OÜ;kehtiv;2019-09-26;;2019
16956389;The Latin Corner OÜ;kehtiv;2026-04-10;;2026
16471606;The Naturist OÜ;kehtiv;2023-06-12;;2023
14905271;Think Green OÜ;kehtiv;2020-03-01;;2020
16474734;Think King Games OÜ;kehtiv;2025-02-26;;2025
14580975;Thunderwood OÜ;kehtiv;2021-05-26;;2021
14759444;Thyme Out OÜ;kehtiv;2020-03-14;;2020
11961122;Tibolon Cenotillo OÜ;kehtiv;2011-04-21;;2011
11961122;Tibolon Cenotillo OÜ;kehtiv;2014-06-18;;2014
16276715;Tiffe OÜ;kehtiv;2021-08-22;;2021
11899334;Tigrox OÜ;kehtiv;2010-10-29;;2010
11615397;Tiia Uusoja;kehtiv;2022-06-24;;2022
17228960;Tiikri OÜ;kehtiv;2025-04-29;;2025
14016996;Tiina Pannkook OÜ;kehtiv;2017-08-18;;2017
14021030;Tiivad Ratastel OÜ;kehtiv;2016-05-11;;2016
17227280;Tikkilugu OÜ;kehtiv;2025-07-03;;2025
16183853;Tilgu Sadama Kohvik OÜ;kehtiv;2021-03-17;;2021
12208415;Till ja Kummel OÜ;kehtiv;2012-07-10;;2012
12824077;Timbstal Trade OÜ;kehtiv;2020-10-29;;2020
11377143;Tindioru OÜ;kehtiv;2014-06-02;;2014
12812803;TinyFish OÜ;kehtiv;2015-07-08;;2015
16321628;Tiridates Grupp OÜ;kehtiv;2024-05-16;;2024
12370021;Tkohvik OÜ;kehtiv;2012-12-18;;2012
11469912;Toiduakadeemia OÜ;kehtiv;2014-12-20;;2014
14103560;Toiduguru OÜ;kehtiv;2020-04-15;;2020
14944271;Toidukeskus OÜ;kehtiv;2021-01-08;;2021
12854500;Toidukirg OÜ;kehtiv;2021-03-29;;2021
14852089;Toiduklubi OÜ;kehtiv;2020-02-20;;2020
16544133;Toidukoht OÜ;kehtiv;2024-02-27;;2024
12650424;Toidukuningad OÜ;kehtiv;2015-01-19;;2015
12889504;Toidulaegas OÜ;kehtiv;2017-06-13;;2017
14036935;Toidulevi OÜ;kehtiv;2016-10-26;;2016
11881179;Toidumaania OÜ;kehtiv;2010-04-22;;2010
11881179;Toidumaania OÜ;kehtiv;2013-06-06;;2013
16027366;Toiduproff OÜ;kehtiv;2023-01-27;;2023
14138127;Toidusõda OÜ;kehtiv;2016-10-27;;2016
11906241;Toiduteema OÜ;kehtiv;2011-01-21;;2011
11284905;Toiduteenuse OÜ;kehtiv;2006-11-02;;2006
16444503;Toidutiim OÜ;kehtiv;2023-03-01;;2023
14321570;Toiduvõlur OÜ;kehtiv;2020-06-14;;2020
14732043;Toit & Vein OÜ;kehtiv;2020-02-07;;2020
14455626;Toit Autost OÜ;kehtiv;2018-04-03;;2018
14630041;Toit Invest OÜ;kehtiv;2019-02-11;;2019
11971669;Toit OÜ;kehtiv;2011-10-11;;2011
12976120;Toit ja Tuju OÜ;kehtiv;2017-06-08;;2017
16789633;Toiteko OÜ;kehtiv;2025-07-24;;2025
12860707;Toitla OÜ;kehtiv;2025-08-20;;2025
11882753;Tommi Grill OÜ;kehtiv;2010-12-22;;2010
16507712;Tompoeg OÜ;kehtiv;2022-06-02;;2022
12605719;Tomson Toitlustus OÜ;kehtiv;2014-09-09;;2014
14674794;Tonkotsu OÜ;kehtiv;2019-06-17;;2019
14936277;Tony´s Pan y Vino OÜ;kehtiv;2020-07-09;;2020
11926657;Toome Köök OÜ;kehtiv;2012-04-20;;2012
17143488;Toome pood OÜ;kehtiv;2025-01-21;;2025
12726038;Toomemäe OÜ;kehtiv;2017-02-07;;2017
12745981;Toompuiestee OÜ;kehtiv;2016-11-14;;2016
14655727;Toormoor OÜ;kehtiv;2019-05-17;;2019
17274598;Toost OÜ;kehtiv;2025-07-11;;2025
14074278;Top Catering OÜ;kehtiv;2016-12-04;;2016
12804330;Topellier Bakery OÜ;kehtiv;2018-10-21;;2018
14353083;Topliners Agency OÜ;kehtiv;2018-02-16;;2018
12699784;Toprimo OÜ;kehtiv;2014-12-20;;2014
14641062;Tordielamus OÜ;kehtiv;2020-07-09;;2020
14932902;Torgu KVH OÜ;kehtiv;2026-05-19;;2026
12437179;Tori Kodu OÜ;kehtiv;2016-03-02;;2016
16483199;Tori Maitsed OÜ;kehtiv;2022-05-26;;2022
16483377;Tornikohvik OÜ;kehtiv;2022-05-03;;2022
14138877;Tortland OÜ;kehtiv;2021-12-28;;2021
11912661;Totiano Grupp OÜ;kehtiv;2010-07-08;;2010
14544726;Totsu Taluköök OÜ;kehtiv;2019-07-04;;2019
14502337;Trad.Taste Catering & Events OÜ;kehtiv;2019-08-27;;2019
10187376;Trafacon OÜ;kehtiv;2006-07-25;;2006
10187376;Trafacon OÜ;kehtiv;2011-12-20;;2011
16720541;Tramway OÜ;kehtiv;2023-05-10;;2023
10094404;Treegeri Kohviku OÜ;kehtiv;2005-04-07;;2005
10094404;Treegeri Kohviku OÜ;kehtiv;2010-11-03;;2010
14106156;Treegeri OÜ;kehtiv;2017-03-09;;2017
14453878;Trendfood Balticum OÜ;kehtiv;2018-04-10;;2018
16685046;Trenditoit OÜ;kehtiv;2023-06-23;;2023
12740156;Trendvision OÜ;kehtiv;2015-04-30;;2015
11140508;Trevmoks OÜ;kehtiv;2008-02-07;;2008
11140508;Trevmoks OÜ;kehtiv;2010-09-29;;2010
14511299;Triam Baltic OÜ;kehtiv;2018-07-30;;2018
14633878;Tribe Theory OÜ;kehtiv;2019-03-31;;2019
12239261;Triidud OÜ;kehtiv;2014-05-07;;2014
14719120;Trileen OÜ;kehtiv;2019-07-10;;2019
17246219;Trinity Artisans OÜ;kehtiv;2025-05-22;;2025
12334054;Trogar OÜ;kehtiv;2020-03-24;;2020
11558082;True Solutions OÜ;kehtiv;2017-05-22;;2017
14403188;Truu Invest OÜ;kehtiv;2025-08-20;;2025
12743634;Truuv OÜ;kehtiv;2023-05-04;;2023
12627922;Truvato OÜ;kehtiv;2025-05-28;;2025
16846800;Trühvlike OÜ;kehtiv;2023-11-15;;2023
12317699;TrükiTäht OÜ;kehtiv;2020-08-05;;2020
10974766;Tsagaandelger Khalzan OÜ;kehtiv;2012-12-05;;2012
12938042;Tsingtauer Zeisig OÜ;kehtiv;2017-03-01;;2017
14502478;Tsirguke OÜ;kehtiv;2019-05-01;;2019
10676885;Tudengikohvik OÜ;kehtiv;2005-04-25;;2005
10676885;Tudengikohvik OÜ;kehtiv;2013-04-18;;2013
17407473;Tuhk OÜ;kehtiv;2026-02-19;;2026
10658963;Tuisuliiva OÜ;kehtiv;2013-07-03;;2013
10525146;Tulundusühistu Firostefani;kehtiv;2005-02-21;;2005
10004418;Tulundusühistu Gerkules;kehtiv;2005-04-08;;2005
10122678;Tulundusühistu Kontakt AM;kehtiv;2005-04-20;;2005
10122678;Tulundusühistu Kontakt AM;kehtiv;2015-01-18;;2015
10200763;Tulundusühistu Narva Hõbe-Valgus GS;kehtiv;2013-10-02;;2013
10449126;Tulundusühistu RADAMENT;kehtiv;2005-03-31;;2005
10337858;Tulundusühistu VEAGLES;kehtiv;2009-07-03;;2009
10127641;Tulundusühistu VESTA KING;kehtiv;2004-08-12;;2004
12135923;Turist OÜ;kehtiv;2011-08-26;;2011
12135923;Turist OÜ;kehtiv;2011-10-14;;2011
14370657;Tutvumisreisid OÜ;kehtiv;2017-11-30;;2017
14745689;Tuulamõisa OÜ;kehtiv;2023-06-20;;2023
10847594;Tuuleveski Arenduse OÜ;kehtiv;2006-06-14;;2006
14236427;Tuvi Katusel OÜ;kehtiv;2017-05-18;;2017
12731163;Twinport OÜ;kehtiv;2015-05-26;;2015
17029396;Tyche OÜ;kehtiv;2024-08-06;;2024
11107072;TÕRVA KÕRTS OÜ;kehtiv;2005-05-13;;2005
12557446;TÜLL OÜ;kehtiv;2013-10-30;;2013
14490901;Tähe Pubi OÜ;kehtiv;2018-05-22;;2018
17096553;Tähe Tramm OÜ;kehtiv;2025-06-02;;2025
12390839;Täht OÜ;kehtiv;2016-02-25;;2016
14384837;Tänav OÜ;kehtiv;2018-02-28;;2018
14120067;Tänavagurmee OÜ;kehtiv;2017-01-16;;2017
14291047;Tänavakohvik OÜ;kehtiv;2018-04-24;;2018
16329392;Tänavastuudio OÜ;kehtiv;2023-11-24;;2023
14647811;Tänavatoidu punkt OÜ;kehtiv;2019-05-14;;2019
12987141;Tänavatoit OÜ;kehtiv;2017-05-01;;2017
12337986;Tõnnivakk OÜ;kehtiv;2020-04-05;;2020
80374967;Tõrva Kinosõprade Selts;kehtiv;2021-08-04;;2021
16234941;Tõrva VM OÜ;kehtiv;2021-06-30;;2021
12774540;Tõrvatoss OÜ;kehtiv;2022-03-21;;2022
16243041;Tõstamaa Meierei OÜ;kehtiv;2021-07-02;;2021
11721530;Töökäsi OÜ;kehtiv;2010-06-18;;2010
17085319;Türgi Maitsed OÜ;kehtiv;2025-11-06;;2025
16380967;U - Capital OÜ;kehtiv;2024-04-18;;2024
11758355;U&K TOITLUSTUS OÜ;kehtiv;2009-11-26;;2009
11758355;U&K TOITLUSTUS OÜ;kehtiv;2012-05-23;;2012
11758355;U&K TOITLUSTUS OÜ;kehtiv;2013-07-05;;2013
11758355;U&K TOITLUSTUS OÜ;kehtiv;2014-01-31;;2014
12550450;U-Bistroo OÜ;kehtiv;2014-05-09;;2014
14844316;UCE concerts OÜ;kehtiv;2025-07-19;;2025
80327726;UHLAPERE SELTS;kehtiv;2012-10-10;;2012
16287015;UKM03 Holding OÜ;kehtiv;2021-12-26;;2021
17181974;ULDUZ DARIA OÜ;kehtiv;2026-05-14;;2026
12717163;UNICLEAN OÜ;kehtiv;2019-01-09;;2019
14475735;UNICLUB OÜ;kehtiv;2019-01-25;;2019
10745209;URMAS ILUMÄE;kehtiv;2008-04-30;;2008
16102916;Ugandi Majutus OÜ;kehtiv;2022-12-22;;2022
10244714;Ugandi Toitlustus OÜ;kehtiv;2005-04-12;;2005
12467246;Ugur OÜ;kehtiv;2013-07-19;;2013
11045603;Uhtjärve Ürgoru Nõiariik OÜ;kehtiv;2011-11-23;;2011
12357150;Ulberg OÜ;kehtiv;2012-11-13;;2012
14687911;Ultimate Entertainment OÜ;kehtiv;2019-03-26;;2019
14950366;Ulvisbreak OÜ;kehtiv;2021-03-31;;2021
16886744;Uma Restoran OÜ;kehtiv;2024-01-22;;2024
14580610;Umberto OÜ;kehtiv;2021-02-02;;2021
12930922;Umbroht OÜ;kehtiv;2018-06-11;;2018
12588978;Undi OÜ;kehtiv;2021-09-23;;2021
12900140;Ungrumaja OÜ;kehtiv;2016-05-11;;2016
16726851;Upcome OÜ;kehtiv;2023-09-21;;2023
16469453;Upscale Invest OÜ;kehtiv;2022-11-01;;2022
14697915;Upsetter OÜ;kehtiv;2019-10-01;;2019
16627669;Urban Cafe OÜ;kehtiv;2023-10-18;;2023
16589555;Urban kitchen OÜ;kehtiv;2023-04-23;;2023
14596025;Urve Köök OÜ;kehtiv;2022-03-27;;2022
10680622;Usaldusühing H&S SERVICES;kehtiv;2013-08-15;;2013
16934271;Uue-Kuraga OÜ;kehtiv;2024-04-02;;2024
14118739;Uulits OÜ;kehtiv;2020-07-29;;2020
11689463;UÜ PAVLJANA;kehtiv;2009-09-11;;2009
12850301;V SpaaHotell OÜ;kehtiv;2016-05-17;;2016
14485648;V&V Baltics OÜ;kehtiv;2018-06-28;;2018
14563675;V-R Villa OÜ;kehtiv;2018-09-13;;2018
16290313;V.S Family OÜ;kehtiv;2022-03-23;;2022
11907921;V.V Catering OÜ;kehtiv;2010-03-18;;2010
12693899;VADRED OÜ;kehtiv;2018-05-23;;2018
14041474;VAFCO OÜ;kehtiv;2016-05-19;;2016
14740077;VAIKUSEKODU OÜ;kehtiv;2019-08-15;;2019
10628061;VALENTINA SARIK;kehtiv;2006-08-22;;2006
10177372;VALGE HOBU TRAHTER Osaühing;kehtiv;2005-04-06;;2005
14973137;VAMS OÜ;kehtiv;2020-05-24;;2020
17400459;VARNELO VERUM OÜ;kehtiv;2026-03-11;;2026
17120518;VAROSH OÜ;kehtiv;2024-12-10;;2024
16551435;VELKERIM OÜ;kehtiv;2023-03-03;;2023
16089982;VIIGER OÜ;kehtiv;2021-05-01;;2021
11979441;VIIKSUR OÜ;kehtiv;2016-05-07;2032-12-31;2016
14369105;VIKTORY OÜ;kehtiv;2018-05-01;;2018
11342146;VINS-SV OÜ;kehtiv;2007-02-20;;2007
14842524;VIRU GRILL OÜ;kehtiv;2023-01-17;;2023
10773499;VIRUMAA KINNISVARAARENDUSE OÜ;kehtiv;2007-10-22;;2007
10773499;VIRUMAA KINNISVARAARENDUSE OÜ;kehtiv;2009-07-10;;2009
16139183;VITIS VINIFERA OÜ;kehtiv;2021-11-01;;2021
14978838;VLND Burger AT OÜ;kehtiv;2021-11-11;;2021
14362936;VLND Burger OÜ;kehtiv;2018-11-21;;2018
12956548;VM Halduse OÜ;kehtiv;2016-04-14;;2016
12477291;VMA Distribution OÜ;kehtiv;2020-12-03;;2020
12247906;VMK Ehitus OÜ;kehtiv;2019-05-23;;2019
14253087;VP OÜ;kehtiv;2018-03-29;;2018
16658658;VP Partner OÜ;kehtiv;2024-12-09;;2024
16327476;VPTG OÜ;kehtiv;2021-09-29;;2021
14686343;VS & Maria OÜ;kehtiv;2020-09-06;;2020
12797400;VSV OÜ;kehtiv;2022-10-24;;2022
10386294;VU PARTNER OÜ;kehtiv;2007-06-21;;2007
16078748;VV Restoran OÜ;kehtiv;2021-01-13;;2021
17239521;VWR OÜ;kehtiv;2025-05-20;;2025
12456722;Vaat OÜ;kehtiv;2021-09-06;;2021
12311159;Vaat ja Vein OÜ;kehtiv;2012-08-13;;2012
14769840;Vaba Siiam OÜ;kehtiv;2019-08-06;;2019
75039451;Vabaajakeskus Tuuletorn;kehtiv;2020-09-03;;2020
17167856;Vabaduse Maitsed OÜ;kehtiv;2025-04-23;;2025
16322510;Vagunipark OÜ;kehtiv;2022-06-30;;2022
16227585;Vahtrikutalu OÜ;kehtiv;2021-05-25;;2021
14553501;Vahvlid OÜ;kehtiv;2019-12-04;;2019
14522667;Vahvlimaffia OÜ;kehtiv;2021-02-11;;2021
17199419;Vaikne haven OÜ;kehtiv;2026-05-25;;2026
14704727;Vaimulava OÜ;kehtiv;2019-08-15;;2019
16886052;Vaishnaviinvest OÜ;kehtiv;2024-03-29;;2024
12661847;Vaksali OÜ;kehtiv;2017-05-10;;2017
12308192;Valberg Grupp OÜ;kehtiv;2020-06-10;;2020
17264306;Vale Aadress Usaldusühing;kehtiv;2025-12-29;;2025
16763616;Vale pööre OÜ;kehtiv;2023-08-08;;2023
12011991;Valeks OÜ;kehtiv;2011-01-21;;2011
11662460;Valencia Pluss OÜ;kehtiv;2010-06-21;;2010
14242066;Valga Sinel OÜ;kehtiv;2017-04-19;;2017
10467940;Valge Hotell OÜ;kehtiv;2005-04-08;;2005
12890938;Valge Karussell OÜ;kehtiv;2016-03-18;;2016
17045596;Valge Ristik OÜ;kehtiv;2024-08-21;;2024
16252471;Valgeranna Veinitall OÜ;kehtiv;2026-04-27;;2026
11335991;Valgis osaühing;kehtiv;2014-04-16;;2014
11978602;Valmaks Grupp OÜ;kehtiv;2015-10-28;;2015
11457493;Valtan Invest OÜ;kehtiv;2017-03-30;;2017
12003593;Vambola Merisalu;kehtiv;2010-11-11;;2010
16414181;Vana Mikk OÜ;kehtiv;2022-05-03;;2022
17193523;Vana madrus OÜ;kehtiv;2025-06-17;;2025
16980615;Vanaase Kodumajutuse OÜ;kehtiv;2025-05-13;;2025
12988838;Vanakubja OÜ;kehtiv;2016-05-02;;2016
12500771;Vanalinna Baari Teenused OÜ;kehtiv;2016-01-08;;2016
12424490;Vanalinna Lounge OÜ;kehtiv;2013-06-14;;2013
16532319;Vanameistri Pubi OÜ;kehtiv;2022-07-12;;2022
12598008;Vanamõisa Toitlustus OÜ;kehtiv;2019-04-18;;2019
14464157;Vanatamm OÜ;kehtiv;2018-06-07;;2018
16339048;Vanderbijl Hattiganda OÜ;kehtiv;2021-10-14;;2021
16517372;Vaneminspektor Pontsik OÜ;kehtiv;2022-09-11;;2022
12056804;Varahaldus OÜ;kehtiv;2017-11-06;;2017
16056818;Varbis A OÜ;kehtiv;2021-01-12;;2021
16156081;Varem On Parem OÜ;kehtiv;2021-02-23;;2021
14372685;Varjuteater OÜ;kehtiv;2017-11-29;;2017
12247935;Varlamov & Varlamova OÜ;kehtiv;2023-08-02;;2023
14677321;Vassiresto OÜ;kehtiv;2019-04-02;;2019
17072009;Vastok Grupp OÜ;kehtiv;2024-12-19;;2024
16224977;Vastseliina Meierei OÜ;kehtiv;2021-09-22;;2021
90011317;Vastseliina Piiskopilinnuse Sihtasutus;kehtiv;2012-06-14;;2012
14812629;Vatla kõrts OÜ;kehtiv;2019-10-10;;2019
14319490;Vau Restoranid OÜ;kehtiv;2017-11-01;;2017
17086342;Vcent Juel OÜ;kehtiv;2024-11-01;;2024
12311194;Veebimaakler OÜ;kehtiv;2021-07-27;;2021
14698292;Veepark OÜ;kehtiv;2024-07-03;;2024
14080706;Veg Machine OÜ;kehtiv;2018-09-05;;2018
14628328;Vegan Restoran OÜ;kehtiv;2019-01-11;;2019
14782466;Vegankringel OÜ;kehtiv;2019-12-01;;2019
12317721;Veinibaar OÜ;kehtiv;2012-10-15;;2012
12317721;Veinibaar OÜ;kehtiv;2012-08-12;;2012
17347647;Veinibaar OÜ;kehtiv;2025-10-14;;2025
16275928;Veinibutiik OÜ;kehtiv;2023-05-30;;2023
11691591;Veinikivi OÜ;kehtiv;2009-08-12;;2009
17192966;Veinimeel OÜ;kehtiv;2025-06-09;;2025
14068125;Veinipesa OÜ;kehtiv;2016-06-22;;2016
16883332;Veiniriiul OÜ;kehtiv;2024-07-29;;2024
16447298;Veintsik OÜ;kehtiv;2022-05-06;;2022
16859859;Veinvestor OÜ;kehtiv;2024-02-26;;2024
11291124;Veipir OÜ;kehtiv;2021-04-22;;2021
12864668;Vek333 OÜ;kehtiv;2015-09-03;;2015
10112022;Vellosar Kaubanduse OÜ;kehtiv;2005-03-24;;2005
17207969;Velly OÜ;kehtiv;2025-06-15;;2025
16772271;Vennad Köögis OÜ;kehtiv;2023-09-15;;2023
16353344;Ventus Pizza OÜ;kehtiv;2023-03-01;;2023
11607567;Venusclub Osaühing;kehtiv;2009-06-18;;2009
16977091;Verevi Kohvik OÜ;kehtiv;2024-07-24;;2024
14223519;Vergara OÜ;kehtiv;2019-08-04;;2019
12752478;Vermuteria OÜ;kehtiv;2015-07-13;;2015
12120100;Vernalia OÜ;kehtiv;2011-08-02;;2011
17069438;Vertigo Events OÜ;kehtiv;2024-10-04;;2024
11910640;Vesihein OÜ;kehtiv;2010-04-15;;2010
12460149;Vesimünt OÜ;kehtiv;2013-04-26;;2013
14327124;Vesipiip Tallinn OÜ;kehtiv;2018-12-06;;2018
10112935;Veskaru OÜ;kehtiv;2005-01-26;;2005
10112935;Veskaru OÜ;kehtiv;2008-09-30;;2008
10112935;Veskaru OÜ;kehtiv;2009-07-28;;2009
14747754;Veski Külalistemaja OÜ;kehtiv;2019-08-06;;2019
16270185;Veskinõmme OÜ;kehtiv;2021-07-16;;2021
11798351;Veskisilla Hotell OÜ;kehtiv;2010-06-15;;2010
16722942;Vesron Trade OÜ;kehtiv;2023-09-08;;2023
16994149;Vesta Bistroo OÜ;kehtiv;2024-08-18;;2024
14492952;Vetesints OÜ;kehtiv;2018-06-20;;2018
11932333;ViD TÜ;kehtiv;2016-07-07;;2016
10857670;ViaStop Invest OÜ;kehtiv;2005-03-03;;2005
10857670;ViaStop Invest OÜ;kehtiv;2010-03-01;;2010
10857670;ViaStop Invest OÜ;kehtiv;2010-11-05;;2010
10857670;ViaStop Invest OÜ;kehtiv;2013-07-05;;2013
17239900;Viacheslav Prokopenko;kehtiv;2025-09-03;;2025
14129447;Vialuna OÜ;kehtiv;2016-10-10;;2016
12988152;Viardo OÜ;kehtiv;2021-02-18;;2021
17159727;Vibora OÜ;kehtiv;2025-03-31;;2025
16315214;Victoria Olt Gallery OÜ;kehtiv;2024-11-01;;2024
14105560;VictoryLux OÜ;kehtiv;2019-12-30;;2019
14319691;Vigurid OÜ;kehtiv;2025-03-14;;2025
11481633;Vihula Manor Hospitality Osaühing;kehtiv;2008-10-30;;2008
11481633;Vihula Manor Hospitality Osaühing;kehtiv;2010-07-23;;2010
80391724;Vihula valla noorteklubi;kehtiv;2017-04-27;;2017
17100852;Viikingite grill ja kala OÜ;kehtiv;2025-03-24;;2025
12457696;Viinistu Kultuuri-ja konverentsikeskus OÜ;kehtiv;2015-04-17;;2015
10503469;Viirisepa OÜ;kehtiv;2004-06-21;;2004
10503469;Viirisepa OÜ;kehtiv;2010-04-27;;2010
10503469;Viirisepa OÜ;kehtiv;2013-03-27;;2013
16994126;Viis Viimast Events OÜ;kehtiv;2024-06-11;;2024
14012484;Viis Viimast OÜ;kehtiv;2020-05-01;;2020
16031876;VikResto OÜ;kehtiv;2020-09-03;;2020
14595238;Vikaria OÜ;kehtiv;2020-07-01;;2020
11007413;Vikerkaare Külalistemaja OÜ;kehtiv;2015-01-15;;2015
14492550;Viki Kontor OÜ;kehtiv;2018-06-04;;2018
12190135;Viki Talu OÜ;kehtiv;2023-11-01;;2023
11266801;Viking Forell OÜ;kehtiv;2007-08-06;;2007
12960248;Viking Line Abp Eesti filiaal;kehtiv;2015-12-16;;2015
11588976;Viklink OÜ;kehtiv;2017-11-28;;2017
16905051;ViksPix OÜ;kehtiv;2024-06-30;;2024
14071357;Viktit OÜ;kehtiv;2016-08-10;;2016
14520111;Viktor House OÜ;kehtiv;2019-02-05;;2019
14544287;Viktus OÜ;kehtiv;2020-11-16;;2020
80382754;VilSport Klubi;kehtiv;2016-03-02;;2016
12617881;Vileburoksem E OÜ;kehtiv;2016-04-12;;2016
14257961;Villa Lavendel OÜ;kehtiv;2024-04-29;;2024
16599683;Villa Maria Viljandi OÜ;kehtiv;2022-11-01;;2022
12679497;Villa Meri OÜ;kehtiv;2014-07-09;;2014
16820202;Villa Schneider OÜ;kehtiv;2023-11-20;;2023
11531812;Villa Thai OÜ;kehtiv;2008-09-08;;2008
12067239;Villa Theresa OÜ;kehtiv;2011-05-05;;2011
11528537;Villade Haldus OÜ;kehtiv;2025-07-23;;2025
16207009;Villaveganova OÜ;kehtiv;2021-05-31;;2021
12252221;Vilsi OÜ;kehtiv;2023-06-01;;2023
17488974;Vin Vin LeBar OÜ;kehtiv;2026-04-22;;2026
12583120;Vinmark Grupp OÜ;kehtiv;2014-06-03;;2014
16220643;Vinnutuskoda OÜ;kehtiv;2023-05-22;;2023
16187414;VinoDeli OÜ;kehtiv;2025-04-11;;2025
12878908;Vintage Catering OÜ;kehtiv;2015-07-21;;2015
12304797;Vintage Marketing OÜ;kehtiv;2012-08-30;;2012
16087693;Vintis OÜ;kehtiv;2021-07-06;;2021
14253035;Vinto OÜ;kehtiv;2017-05-04;;2017
14967125;Vintsamurto OÜ;kehtiv;2020-08-27;;2020
17293957;Viqueria OÜ;kehtiv;2026-03-07;;2026
14896678;Viru Burger Tartu OÜ;kehtiv;2020-05-08;;2020
16101068;Viru Lokaal OÜ;kehtiv;2021-03-15;;2021
16202823;Viru Talu OÜ;kehtiv;2021-08-24;;2021
16499148;Viru toitlustus OÜ;kehtiv;2022-06-06;;2022
17159905;Viru16 OÜ;kehtiv;2025-06-09;;2025
17279816;Virukohvik OÜ;kehtiv;2025-07-11;;2025
17390525;Virvester OÜ;kehtiv;2026-03-02;;2026
12752917;VirxGrill & Catering OÜ;kehtiv;2015-06-18;;2015
12199604;Vistekel OÜ;kehtiv;2018-04-25;;2018
17233464;Vivenor OÜ;kehtiv;2025-06-29;;2025
14743503;Vladislav Romanovskiy;kehtiv;2022-06-09;;2022
16676260;Vladislav Tshigin Kohvik TEINEKORRUS;kehtiv;2023-03-12;;2023
16592474;Vlasova OÜ;kehtiv;2023-06-14;;2023
11478584;Vobla OÜ;kehtiv;2017-05-15;;2017
11565030;Voka Mõis Osaühing;kehtiv;2009-04-16;;2009
14366101;Volerio OÜ;kehtiv;2017-11-21;;2017
16551452;VolgaEhitus OÜ;kehtiv;2026-04-03;;2026
11633814;Volli Grill OÜ;kehtiv;2009-12-02;;2009
14816774;Volli Kohvik OÜ;kehtiv;2019-11-27;;2019
10914579;Volmetec Grupp OÜ;kehtiv;2005-04-05;;2005
16800091;Vonhauer OÜ;kehtiv;2025-01-16;;2025
14768801;Vooglind OÜ;kehtiv;2025-07-01;;2025
14907844;Vooremaa Pärl OÜ;kehtiv;2020-07-03;;2020
11907246;Vops OÜ;kehtiv;2011-04-08;;2011
11490881;Vormsi Logistics osaühing;kehtiv;2024-04-23;;2024
16902213;Voronova Group OÜ;kehtiv;2024-04-10;;2024
12791030;Vrapikohvik OÜ;kehtiv;2015-03-06;;2015
11901143;Vudila Mängumaa OÜ;kehtiv;2010-06-16;;2010
14000676;Vumba Nakisunga OÜ;kehtiv;2016-06-08;;2016
16627681;VÄIKELINNA OÜ;kehtiv;2024-09-10;;2024
10908628;VÕIDUSÕIDU OÜ;kehtiv;2017-11-14;;2017
16245471;VÕRUSUVI OÜ;kehtiv;2021-06-20;;2021
12652015;VÕSU SURFIKOOL OÜ;kehtiv;2022-05-24;;2022
17472571;Väike Itaalia OÜ;kehtiv;2026-04-10;;2026
12863657;Väike Kuuba OÜ;kehtiv;2020-09-14;;2020
14232010;Väike Mahedik OÜ;kehtiv;2025-11-28;;2025
12786595;Väike Rootsi OÜ;kehtiv;2016-07-17;;2016
16134872;Väike imperial OÜ;kehtiv;2021-10-06;;2021
16086147;Väikesaare OÜ;kehtiv;2023-08-02;;2023
16915138;Värske Mahl OÜ;kehtiv;2025-06-06;;2025
14910869;Väärikas hooldus OÜ;kehtiv;2021-11-17;;2021
10105220;Võlli-Kingu talu;kehtiv;2018-01-30;;2018
14963328;Võrtsu Sahver OÜ;kehtiv;2021-05-28;;2021
16212320;Võsu Piigad OÜ;kehtiv;2021-05-21;;2021
14822993;W Resto OÜ;kehtiv;2019-11-21;;2019
14673027;WANAREVAL EHITUS OÜ;kehtiv;2023-06-27;;2023
10495860;WETT Eesti OÜ;kehtiv;2014-01-22;;2014
12547287;WIND CROSSROAD OÜ;kehtiv;2014-04-22;;2014
14910243;WINWINSTAY Estonia OÜ;kehtiv;2022-04-18;;2022
16057812;WOK STOP OÜ;kehtiv;2023-05-01;;2023
12712533;WOK TALLINN OÜ;kehtiv;2014-09-12;;2014
14125998;Wabakohvik OÜ;kehtiv;2022-07-20;;2022
14483373;Wagon Wings OÜ;kehtiv;2018-12-07;;2018
14873683;Wakepark OÜ;kehtiv;2020-05-19;;2020
12127651;Wambola 311 OÜ;kehtiv;2023-02-13;;2023
12852464;Wana & K OÜ;kehtiv;2015-06-16;;2015
17389775;Wassupp Resto OÜ;kehtiv;2026-02-23;;2026
12896823;Weekend Club OÜ;kehtiv;2018-01-26;;2018
16603389;Weis Resto OÜ;kehtiv;2025-11-05;;2025
14307222;WellCafe OÜ;kehtiv;2018-11-15;;2018
16276342;WengerHouse OÜ;kehtiv;2024-08-21;;2024
16396810;Werku Kohvik OÜ;kehtiv;2023-06-26;;2023
12131724;Werrew OÜ;kehtiv;2013-10-01;;2013
14211083;Werton OÜ;kehtiv;2025-06-09;;2025
12569395;West Road Trucking OÜ;kehtiv;2016-05-09;;2016
10577734;Western Fashion OÜ;kehtiv;2017-05-29;;2017
10719347;Westpub Osaühing;kehtiv;2011-05-20;;2011
16511352;White Beach Resort OÜ;kehtiv;2022-07-01;;2022
12739621;White Elephant OÜ;kehtiv;2023-04-02;;2023
16723835;White Villa OÜ;kehtiv;2023-06-26;;2023
12090296;Wiigi OÜ;kehtiv;2011-04-28;;2011
12472483;WildSouls OÜ;kehtiv;2025-02-06;;2025
14234523;Willa OÜ;kehtiv;2017-06-28;;2017
14150045;Wine Not OÜ;kehtiv;2020-09-30;;2020
14224341;Wine Time OÜ;kehtiv;2017-03-22;;2017
14124415;Wineboys OÜ;kehtiv;2021-06-17;;2021
12380539;Winelibrary OÜ;kehtiv;2013-02-01;;2013
12077806;WingStopp OÜ;kehtiv;2011-06-07;;2011
16284778;WingStoppGo OÜ;kehtiv;2024-03-27;;2024
14325800;Wingstopp Drive OÜ;kehtiv;2017-09-20;;2017
14226191;Wolf Hotel OÜ;kehtiv;2017-05-01;;2017
11547724;Wolkolak OÜ;kehtiv;2019-09-20;;2019
14327503;Wonderfood OÜ;kehtiv;2018-03-07;;2018
14253271;Workfactory OÜ;kehtiv;2022-09-05;;2022
16736513;Wrapimaja OÜ;kehtiv;2023-05-12;;2023
14699475;Wägon OÜ;kehtiv;2019-05-30;;2019
16612053;Wöhrmann Restoran OÜ;kehtiv;2022-12-30;;2022
14436540;XStaff OÜ;kehtiv;2020-01-15;;2020
12668594;Xazar Service OÜ;kehtiv;2018-05-07;;2018
14336809;Y.O.L.O Gastropub OÜ;kehtiv;2017-10-09;;2017
17158917;YH Majutus OÜ;kehtiv;2025-11-15;;2025
12622592;YR Trade OÜ;kehtiv;2023-03-27;;2023
17230520;Yacht Food OÜ;kehtiv;2025-05-16;;2025
14377731;Yansuki OÜ;kehtiv;2018-05-22;;2018
14849182;Yanu OÜ;kehtiv;2020-12-02;;2020
12645995;Yes Catering OÜ;kehtiv;2024-01-24;;2024
16269916;Yksbaar OÜ;kehtiv;2021-07-19;;2021
16797973;Yummy Glow OÜ;kehtiv;2023-09-01;;2023
12194096;ZANA OÜ;kehtiv;2012-10-05;;2012
12379341;ZEP Group OÜ;kehtiv;2013-02-25;;2013
11644597;ZRG Grupp OÜ;kehtiv;2023-01-25;;2023
12721704;ZUPST OÜ;kehtiv;2022-03-30;;2022
12159119;Zangezur OÜ;kehtiv;2011-11-10;;2011
12977119;Zangezur Restoran OÜ;kehtiv;2016-05-30;;2016
14644356;Zelta OÜ;kehtiv;2023-04-29;;2023
17388014;Zero Tapa OÜ;kehtiv;2026-04-20;;2026
14522475;ZiKiVara OÜ;kehtiv;2019-04-02;;2019
10632741;Zinaida VOROBJOVA;kehtiv;2016-02-22;;2016
14217068;Zlimline Grupp OÜ;kehtiv;2017-03-22;;2017
14043929;Zucchini OÜ;kehtiv;2016-10-09;;2016
14042054;Zunheboto Tseminyo OÜ;kehtiv;2018-05-30;;2018
16178639;Zvartnots OÜ;kehtiv;2021-06-09;;2021
16146757;ajaviit OÜ;kehtiv;2021-05-14;;2021
10164932;"aktsiaselts ""BARCLAY HOTELL""";kehtiv;2015-01-30;;2015
10080098;"aktsiaselts ""Johnny""";kehtiv;2009-04-17;;2009
10034247;aktsiaselts A. Le Coq;kehtiv;2022-02-23;;2022
10171470;aktsiaselts Adavere Agro;kehtiv;2005-04-13;;2005
10075401;aktsiaselts HEAL;kehtiv;2005-04-11;;2005
10075401;aktsiaselts HEAL;kehtiv;2005-04-11;;2005
10075401;aktsiaselts HEAL;kehtiv;2012-06-26;;2012
10301300;aktsiaselts LIIVIMAA PAGAR;kehtiv;2023-12-13;;2023
10561604;aktsiaselts Neli Kuningat;kehtiv;2005-04-14;;2005
10092701;aktsiaselts PRINTALL;kehtiv;2004-10-18;;2004
10149335;aktsiaselts Pühajärve Puhkekodu;kehtiv;2005-05-03;;2005
10149335;aktsiaselts Pühajärve Puhkekodu;kehtiv;2005-05-03;;2005
10241466;aktsiaselts RÄNI HOTELL;kehtiv;2005-04-15;;2005
10102138;aktsiaselts SAME-SPORT;kehtiv;2009-11-13;;2009
10044777;aktsiaselts Sanatoorium Tervis;kehtiv;2005-04-21;;2005
10044777;aktsiaselts Sanatoorium Tervis;kehtiv;2005-04-21;;2005
10044777;aktsiaselts Sanatoorium Tervis;kehtiv;2005-04-21;;2005
10044777;aktsiaselts Sanatoorium Tervis;kehtiv;2007-04-10;;2007
10710010;aktsiaselts TALLINK;kehtiv;2013-05-03;;2013
10255416;aktsiaselts TARTU NÄITUSED;kehtiv;2005-04-01;;2005
10243330;aktsiaselts VÄRSKA SANATOORIUM;kehtiv;2008-12-31;;2008
14591163;angel OÜ;kehtiv;2018-10-23;;2018
14204752;ayreys OÜ;kehtiv;2017-06-20;;2017
16098159;chargefy OÜ;kehtiv;2021-03-24;;2021
16928164;eL`DINO OÜ;kehtiv;2024-04-02;;2024
16720995;ehkoveito OÜ;kehtiv;2023-12-20;;2023
16866210;elresto OÜ;kehtiv;2024-06-05;;2024
14142206;eps project OÜ;kehtiv;2019-12-06;;2019
14098379;finhov OÜ;kehtiv;2019-10-17;;2019
14909145;food coma OÜ;kehtiv;2022-11-30;;2022
14368092;fusion sushi OÜ;kehtiv;2017-11-20;;2017
10033118;füüsilisest isikust ettevõtja Juta Pae;kehtiv;2007-04-13;;2007
10386437;füüsilisest isikust ettevõtja MADIS MÕTTUS'e Kure talu;kehtiv;2005-03-28;;2005
16305026;grillfoods OÜ;kehtiv;2021-10-08;;2021
16745245;hääpuu OÜ;kehtiv;2024-07-25;;2024
16717160;idial OÜ;kehtiv;2023-06-07;;2023
17509593;istume OÜ;kehtiv;2026-05-19;;2026
14522682;k-köök OÜ;kehtiv;2018-08-01;;2018
14643440;kodugurmee.ee OÜ;kehtiv;2019-10-11;;2019
16034863;kohvik kiosk OÜ;kehtiv;2020-10-19;;2020
17058469;kubaresto OÜ;kehtiv;2025-06-09;;2025
16685342;kurvad uudised records osaühing;kehtiv;2024-09-09;;2024
12007881;kvadro oü;kehtiv;2010-12-22;;2010
17074563;lumbini OÜ;kehtiv;2025-04-11;;2025
80284997;mittetulundusühing Aig;kehtiv;2023-06-12;;2023
80262323;mittetulundusühing Carma Motoklubi;kehtiv;2024-04-03;;2024
80200279;mittetulundusühing EMAJÕE LODJASELTS;kehtiv;2015-07-09;;2015
80281486;mittetulundusühing Elevarse;kehtiv;2020-05-16;;2020
80271115;mittetulundusühing Liivi Lahe Kalanduskogu;kehtiv;2016-07-29;;2016
80264351;mittetulundusühing TALISMAN;kehtiv;2014-03-07;;2014
80259290;mittetulundusühing Vormsi Tuletorni linnak;kehtiv;2025-07-01;;2025
16710028;omnjom OÜ;kehtiv;2023-06-27;;2023
10007977;"osaühing ""Islamel""";kehtiv;2004-06-11;;2004
10124973;"osaühing ""KULDKIRVES""";kehtiv;2005-04-18;;2005
10351551;"osaühing ""RELVO SPORT-MOTELL""";kehtiv;2005-04-13;;2005
10351551;"osaühing ""RELVO SPORT-MOTELL""";kehtiv;2011-04-18;;2011
10024817;osaühing ALDI;kehtiv;2004-08-13;;2004
10280162;osaühing ANKROS;kehtiv;2005-04-04;;2005
10271645;osaühing ANNIMATSI;kehtiv;2005-04-21;;2005
10217539;osaühing Aamann;kehtiv;2014-03-24;;2014
10502197;osaühing Absolent;kehtiv;2005-02-04;;2005
11686331;osaühing Aliide Pagarikoda;kehtiv;2026-05-15;;2026
11460443;osaühing Aljonas;kehtiv;2015-11-11;;2015
10282212;osaühing Amulett;kehtiv;2005-01-24;;2005
10175048;osaühing Asaliin;kehtiv;2005-09-12;;2005
10175048;osaühing Asaliin;kehtiv;2011-04-21;;2011
10343899;osaühing Augello;kehtiv;2010-04-13;;2010
10447529;osaühing BOUNTY;kehtiv;2012-05-07;;2012
10922746;osaühing Bassmet;kehtiv;2005-04-20;;2005
10057969;osaühing Bertrand;kehtiv;2026-05-29;;2026
10984919;osaühing CAVI;kehtiv;2005-04-29;;2005
10947019;osaühing CONSPIRATOR;kehtiv;2005-01-06;;2005
10837880;osaühing Carlos Cafe;kehtiv;2005-04-13;;2005
10118145;osaühing Carramba;kehtiv;2005-04-12;;2005
10151639;osaühing Creole;kehtiv;2009-10-02;;2009
10151639;osaühing Creole;kehtiv;2011-11-29;;2011
10694897;osaühing Culina;kehtiv;2012-10-05;;2012
10115721;osaühing Dakkis;kehtiv;2004-08-02;;2004
10218674;osaühing Dixen;kehtiv;2004-07-30;;2004
10073069;osaühing Dorell;kehtiv;2005-04-14;;2005
11349438;osaühing Dorpat;kehtiv;2007-07-13;;2007
11349438;osaühing Dorpat;kehtiv;2009-07-06;;2009
11349438;osaühing Dorpat;kehtiv;2014-05-23;;2014
10269163;osaühing EKKE KAUBANDUS;kehtiv;2021-06-15;;2021
10288781;osaühing ELVO Kaubandus;kehtiv;2004-06-02;;2004
10288781;osaühing ELVO Kaubandus;kehtiv;2005-04-20;;2005
10149163;osaühing ENDIVIA;kehtiv;2004-06-22;;2004
11451645;osaühing EVERAL TRADING;kehtiv;2009-07-03;;2009
10918147;osaühing East West Foods;kehtiv;2005-12-02;;2005
10918147;osaühing East West Foods;kehtiv;2007-06-21;;2007
10468922;osaühing Eeltamm;kehtiv;2017-03-13;;2017
10315897;osaühing Ehar;kehtiv;2004-08-25;;2004
10529316;osaühing Elviino;kehtiv;2004-07-12;;2004
10187666;osaühing Erebuni;kehtiv;2011-11-11;;2011
10441515;osaühing Euro Cactus;kehtiv;2005-04-22;;2005
10869644;osaühing F.C.B.;kehtiv;2004-07-02;;2004
10609067;osaühing Falaris;kehtiv;2017-02-18;;2017
10319926;osaühing Farsar;kehtiv;2005-02-08;;2005
11000658;osaühing Fartel Külalistemaja;kehtiv;2015-04-10;;2015
10432083;osaühing Gapert Grupp;kehtiv;2017-10-19;;2017
10021233;osaühing Golfer;kehtiv;2018-05-17;;2018
10545025;osaühing HAVELI INVEST;kehtiv;2024-01-16;;2024
10060753;osaühing HEPA;kehtiv;2005-03-29;;2005
10512669;osaühing HOTELL PALLAS;kehtiv;2015-01-08;;2015
10097756;osaühing Hesian;kehtiv;2005-04-19;;2005
10021109;osaühing Hore;kehtiv;2011-05-19;;2011
10335003;osaühing Hotell Pärnu;kehtiv;2017-10-03;;2017
11133193;osaühing INSULA;kehtiv;2011-05-06;;2011
10564011;osaühing Igamehe Pubi;kehtiv;2005-04-19;;2005
10083547;osaühing Joonas KT;kehtiv;2013-05-29;;2013
10183332;osaühing KARIMA ELVA;kehtiv;2005-04-20;;2005
10213292;osaühing KELLIÄRI;kehtiv;2024-09-04;;2024
10079540;osaühing KOPLI-K;kehtiv;2012-01-10;;2012
11216281;osaühing KRISBERT;kehtiv;2006-04-12;;2006
10232622;osaühing KROHVPOLÜ;kehtiv;2018-05-29;;2018
11105895;osaühing Kaasiku Äri;kehtiv;2008-01-22;;2008
10084759;osaühing Kadi Einola;kehtiv;2005-02-09;;2005
10044228;osaühing Kadri;kehtiv;2005-03-22;;2005
10044228;osaühing Kadri;kehtiv;2005-03-22;;2005
10212619;osaühing Kaitsmarger;kehtiv;2005-04-13;;2005
10069234;osaühing Kanvera;kehtiv;2004-09-10;;2004
10069234;osaühing Kanvera;kehtiv;2014-03-28;;2014
10472007;osaühing Karni-Voor;kehtiv;2005-04-21;;2005
10571548;osaühing Keila Tervisekeskus;kehtiv;2008-01-18;;2008
11133619;osaühing Kello Talu;kehtiv;2006-07-21;;2006
10091432;osaühing Kervan;kehtiv;2005-04-13;;2005
10092322;osaühing Kimsun;kehtiv;2005-04-20;;2005
10044234;osaühing Kurent;kehtiv;2011-05-19;;2011
10044234;osaühing Kurent;kehtiv;2012-03-27;;2012
10044234;osaühing Kurent;kehtiv;2012-03-27;;2012
10219716;osaühing KÄBI PANSIONAAT;kehtiv;2005-04-13;;2005
10968599;osaühing Kännu Äri;kehtiv;2005-06-03;;2005
11031966;osaühing LACOSTENA;kehtiv;2005-06-06;;2005
10181267;osaühing LIHAMEES;kehtiv;2020-05-22;;2020
10476100;osaühing Lidiira;kehtiv;2013-10-04;;2013
10174072;osaühing Liivi Restoran;kehtiv;2011-05-09;;2011
10109092;osaühing Lorrein;kehtiv;2005-03-18;;2005
10187436;osaühing Lumaania;kehtiv;2015-03-24;;2015
11283478;osaühing LÖWENRUH;kehtiv;2009-08-12;;2009
10395577;osaühing MAAGIR;kehtiv;2024-06-06;;2024
11005420;osaühing METSAKOHVIK;kehtiv;2011-05-25;;2011
10208492;osaühing MV & R;kehtiv;2005-03-09;;2005
10787062;osaühing MaineGrupp;kehtiv;2004-06-18;;2004
10787062;osaühing MaineGrupp;kehtiv;2005-04-13;;2005
10787062;osaühing MaineGrupp;kehtiv;2009-06-19;;2009
10787062;osaühing MaineGrupp;kehtiv;2010-07-16;;2010
10787062;osaühing MaineGrupp;kehtiv;2011-12-09;;2011
10040874;osaühing Mediaan-V;kehtiv;2004-12-20;;2004
10614364;osaühing Metrola;kehtiv;2004-12-02;;2004
10308325;osaühing Miny Many;kehtiv;2004-06-22;;2004
10175962;osaühing Mipron Kaubanduse;kehtiv;2005-04-06;;2005
10041655;osaühing Mäesalu Kohvik;kehtiv;2005-04-29;;2005
10041655;osaühing Mäesalu Kohvik;kehtiv;2013-03-25;;2013
10323879;osaühing NAOSAR;kehtiv;2005-04-15;;2005
10150002;osaühing NIELLO;kehtiv;2005-05-03;;2005
10024148;osaühing Niitlind;kehtiv;2004-06-16;;2004
10415156;osaühing Nimetu Kuressaare;kehtiv;2005-06-15;;2005
11217317;osaühing Nina Talu;kehtiv;2010-03-03;;2010
11185406;osaühing Nostalgos;kehtiv;2011-05-19;;2011
10053865;osaühing Nugise Kaubandus;kehtiv;2018-05-08;;2018
11218802;osaühing Nurga Kinnisvara;kehtiv;2010-08-02;;2010
10163051;osaühing PANTHER TEEMAJA;kehtiv;2005-04-26;;2005
10880605;osaühing PAULMERK;kehtiv;2013-08-29;;2013
10125843;osaühing PAVERIN;kehtiv;2005-06-22;;2005
11228404;osaühing PEETRI CATERING;kehtiv;2006-09-29;;2006
10436193;osaühing PELLENEC;kehtiv;2005-06-22;;2005
10714858;osaühing PIZZA GRANDE;kehtiv;2004-11-23;;2004
10714858;osaühing PIZZA GRANDE;kehtiv;2005-04-12;;2005
10714858;osaühing PIZZA GRANDE;kehtiv;2010-03-25;;2010
10714858;osaühing PIZZA GRANDE;kehtiv;2014-06-11;;2014
10457166;osaühing Pajuks;kehtiv;2005-03-07;;2005
10323939;osaühing Pak L&P;kehtiv;2005-03-16;;2005
10323939;osaühing Pak L&P;kehtiv;2009-01-16;;2009
10647688;osaühing Pentum Kaubandus;kehtiv;2005-03-10;;2005
10738698;osaühing Piho & Ko;kehtiv;2005-04-14;;2005
11136406;osaühing Piiri Pagar;kehtiv;2006-07-13;;2006
11136406;osaühing Piiri Pagar;kehtiv;2008-04-17;;2008
10363653;osaühing Pirita Puhkus;kehtiv;2005-04-18;;2005
10033437;osaühing Pootsel;kehtiv;2006-04-24;;2006
10355141;osaühing Pootsman PT;kehtiv;2010-10-20;;2010
10109471;osaühing Päeva Villa;kehtiv;2005-04-11;;2005
10058360;osaühing RESTRAKE;kehtiv;2005-03-21;;2005
11248815;osaühing RIVERMARK;kehtiv;2017-04-17;;2017
10174346;osaühing ROCCO;kehtiv;2005-03-24;;2005
10530526;osaühing RUFF A.R.;kehtiv;2017-11-22;;2017
10764342;osaühing Ratsukievari;kehtiv;2009-10-13;;2009
10623972;osaühing Ravelte;kehtiv;2005-04-15;;2005
10065963;osaühing Renne-Pihla;kehtiv;2005-03-23;;2005
10694699;osaühing Robinia;kehtiv;2015-08-27;;2015
10915982;osaühing RÄPINA REISID;kehtiv;2010-07-14;;2010
10090760;osaühing SAILORS;kehtiv;2005-03-10;;2005
10090760;osaühing SAILORS;kehtiv;2005-03-10;;2005
11087837;osaühing SELLERSON;kehtiv;2005-05-19;;2005
11087837;osaühing SELLERSON;kehtiv;2008-07-28;;2008
11132265;osaühing Saare Artek;kehtiv;2014-03-07;;2014
11062837;osaühing Saare Partner;kehtiv;2009-10-05;;2009
11277851;osaühing Segmention;kehtiv;2012-11-19;;2012
11277851;osaühing Segmention;kehtiv;2013-10-16;;2013
10500778;osaühing Segmonte;kehtiv;2004-07-15;;2004
10539026;osaühing Sensum;kehtiv;2008-08-25;;2008
10481383;osaühing Sergon Kaubandus;kehtiv;2005-03-09;;2005
10481383;osaühing Sergon Kaubandus;kehtiv;2005-04-20;;2005
10287149;osaühing Sildo Luke;kehtiv;2004-11-23;;2004
11941361;osaühing Sinu Catering;kehtiv;2010-07-05;;2010
10530561;osaühing Solari Holding;kehtiv;2010-07-15;;2010
11249240;osaühing Soneburg;kehtiv;2006-08-18;;2006
10571502;osaühing St.Patrick's;kehtiv;2004-10-15;;2004
10571502;osaühing St.Patrick's;kehtiv;2005-04-25;;2005
10571502;osaühing St.Patrick's;kehtiv;2005-04-25;;2005
10571502;osaühing St.Patrick's;kehtiv;2007-04-16;;2007
10571502;osaühing St.Patrick's;kehtiv;2013-05-03;;2013
10104611;osaühing Staadioni Hotell;kehtiv;2005-05-19;;2005
10412838;osaühing Starmaker;kehtiv;2005-04-19;;2005
10412838;osaühing Starmaker;kehtiv;2008-06-04;;2008
10140096;osaühing Steffi TMT;kehtiv;2017-01-24;;2017
10106863;osaühing Suveniir;kehtiv;2004-09-15;;2004
10384616;osaühing SÜVIRAND;kehtiv;2013-02-28;;2013
10118754;osaühing Särts A &T;kehtiv;2007-01-10;;2007
11255967;osaühing TARVAS VEOD;kehtiv;2023-05-01;;2023
10862553;osaühing TRINIIDA;kehtiv;2019-05-12;;2019
10328440;osaühing Tallinnfilm;kehtiv;2010-06-15;;2010
10020860;osaühing Tarvise Turism;kehtiv;2005-03-07;;2005
11073025;osaühing Teilmaa;kehtiv;2005-01-18;;2005
10130318;osaühing Theodor VVH;kehtiv;2005-04-12;;2005
11321658;osaühing Timmhar;kehtiv;2007-03-30;;2007
10984463;osaühing Treselle;kehtiv;2007-04-24;;2007
10044108;osaühing Tulm;kehtiv;2005-03-17;;2005
10059052;osaühing VALTAMM;kehtiv;2005-01-17;;2005
11035332;osaühing VANA BAKU;kehtiv;2005-06-28;;2005
10326332;osaühing VANA VILLEM;kehtiv;2014-04-28;;2014
10051694;osaühing VANEMUISE KOHVIK;kehtiv;2005-04-06;;2005
10051694;osaühing VANEMUISE KOHVIK;kehtiv;2008-03-03;;2008
10051694;osaühing VANEMUISE KOHVIK;kehtiv;2013-03-15;;2013
10220079;osaühing VEKRI;kehtiv;2015-04-28;;2015
10184320;osaühing VIIA VESKI;kehtiv;2012-05-22;;2012
11352819;osaühing Vanatoa Turismitalu;kehtiv;2007-05-28;;2007
11352819;osaühing Vanatoa Turismitalu;kehtiv;2012-06-28;;2012
10315748;osaühing Villa Johanna;kehtiv;2015-03-11;;2015
10850018;osaühing VÄRSKA VARA;kehtiv;2023-03-01;;2023
10269789;osaühing Väike Tõnn;kehtiv;2010-03-16;;2010
10437146;osaühing WAIDE;kehtiv;2004-09-24;;2004
10437146;osaühing WAIDE;kehtiv;2004-10-08;;2004
10048143;osaühing ZK;kehtiv;2005-03-30;;2005
14488809;otto segeberg OÜ;kehtiv;2018-05-21;;2018
12761224;popmuusik OÜ;kehtiv;2023-05-27;;2023
14173655;porkbelly OÜ;kehtiv;2018-04-06;;2018
14534932;recfoods OÜ;kehtiv;2019-07-17;;2019
17005763;ruddyxl OÜ;kehtiv;2025-08-05;;2025
16212595;sapidum OÜ;kehtiv;2021-05-06;;2021
90010290;sihtasutus Ajakeskus Wittenstein;kehtiv;2013-02-26;;2013
90001747;sihtasutus Eesti Lennundusmuuseum;kehtiv;2008-05-19;;2008
90004639;sihtasutus Kihnu Kultuuriruum;kehtiv;2018-05-30;;2018
16765710;someoneelse OÜ;kehtiv;2025-12-23;;2025
17069763;the doodle bar OÜ;kehtiv;2024-10-22;;2024
12717447;trump consulting OÜ;kehtiv;2020-10-13;;2020
14319550;tuiu OÜ;kehtiv;2021-05-24;;2021
10163387;"täisühing ""EVELIIS""";kehtiv;2005-04-13;;2005
14026167;varitan OÜ;kehtiv;2020-07-06;;2020
16552747;vermentino OÜ;kehtiv;2022-08-25;;2022
14858979;viru torn OÜ;kehtiv;2020-07-08;;2020
14224654;world famous OÜ;kehtiv;2017-06-06;;2017
11382921;Ämblik OÜ;kehtiv;2021-02-10;;2021
17074155;Ääremaa Pagar OÜ;kehtiv;2025-11-28;;2025
80018304;Ääsmäe Külakogu;kehtiv;2020-10-05;;2020
17212723;Õlleresto OÜ;kehtiv;2025-10-07;;2025
12498560;Ö Invest OÜ;kehtiv;2016-08-22;;2016
14169174;ÖkoKaubad OÜ;kehtiv;2017-09-05;;2017
16573531;ÖÖCLUB OÜ;kehtiv;2022-09-27;;2022
14061057;Öökulli Arvutisüsteemid OÜ;kehtiv;2016-06-27;;2016
12474068;Ööpäev OÜ;kehtiv;2013-06-17;;2013
14292578;Ööste OÜ;kehtiv;2023-07-13;;2023
16268650;ÜKS KÕIKSUS OÜ;kehtiv;2021-09-19;;2021
14412924;ÜKSKÕIK BAAR OÜ;kehtiv;2018-06-19;;2018
14285319;Übernord OÜ;kehtiv;2019-06-10;;2019
16499102;Üheksa Uba OÜ;kehtiv;2022-06-08;;2022
80195584;Ühendus Weissenstein;kehtiv;2019-08-02;;2019
16873055;Üks kass läks üle silla OÜ;kehtiv;2024-03-10;;2024
16550435;Ülejõe Consulting OÜ;kehtiv;2022-08-25;;2022
14030418;Ülejõe OÜ;kehtiv;2016-04-26;;2016
